kernel.cpp
run_hls.tcl
tb.cpp

****** Vivado(TM) HLS - High-Level Synthesis from C, C++ and SystemC v2019.1 (64-bit)
  **** SW Build 2552052 on Fri May 24 14:47:09 MDT 2019
  **** IP Build 2548770 on Fri May 24 18:01:18 MDT 2019
    ** Copyright 1986-2019 Xilinx, Inc. All Rights Reserved.

source /home/Xilinx/Vivado/2019.1/scripts/vivado_hls/hls.tcl -notrace
INFO: [HLS 200-10] Running '/home/Xilinx/Vivado/2019.1/bin/unwrapped/lnx64.o/vivado_hls'
INFO: [HLS 200-10] For user 'ICer' on host 'IC_EDA' (Linux_x86_64 version 3.10.0-1160.53.1.el7.x86_64) on Mon Jun 08 18:42:39 CST 2026
INFO: [HLS 200-10] On os "CentOS Linux release 7.9.2009 (Core)"
INFO: [HLS 200-10] In directory '/tmp/dse_real_hybrid_hls_hybrid_sum_band_density_accumulator_v1_97bdce1b'
Sourcing Tcl script 'run_hls.tcl'
INFO: [HLS 200-10] Creating and opening project '/tmp/dse_real_hybrid_hls_hybrid_sum_band_density_accumulator_v1_97bdce1b/real_hybrid_hls'.
INFO: [HLS 200-10] Adding design file 'kernel.cpp' to the project
INFO: [HLS 200-10] Adding test bench file 'tb.cpp' to the project
INFO: [HLS 200-10] Creating and opening solution '/tmp/dse_real_hybrid_hls_hybrid_sum_band_density_accumulator_v1_97bdce1b/real_hybrid_hls/sol1'.
INFO: [HLS 200-10] Cleaning up the solution database.
INFO: [HLS 200-10] Setting target device to 'xc7z020-clg400-1'
INFO: [SYN 201-201] Setting up clock 'default' with a period of 10ns.
INFO: [SIM 211-2] *************** CSIM start ***************
INFO: [SIM 211-4] CSIM will launch GCC as the compiler.
   Compiling ../../../../tb.cpp in debug mode
   Compiling ../../../../kernel.cpp in debug mode
   Generating csim.exe
DSE_REAL_HLS_PASS qeic_real_sum_band_density_accumulator 32 4
INFO: [SIM 211-1] CSim done with 0 errors.
INFO: [SIM 211-3] *************** CSIM finish ***************
INFO: [SCHED 204-61] Option 'relax_ii_for_timing' is enabled, will increase II to preserve clock frequency constraints.
INFO: [HLS 200-10] Analyzing design file 'kernel.cpp' ... 
INFO: [HLS 200-111] Finished Linking Time (s): cpu = 00:00:03 ; elapsed = 00:00:03 . Memory (MB): peak = 815.234 ; gain = 128.000 ; free physical = 7399 ; free virtual = 23131
INFO: [HLS 200-111] Finished Checking Pragmas Time (s): cpu = 00:00:03 ; elapsed = 00:00:03 . Memory (MB): peak = 815.234 ; gain = 128.000 ; free physical = 7399 ; free virtual = 23131
INFO: [HLS 200-10] Starting code transformations ...
INFO: [HLS 200-111] Finished Standard Transforms Time (s): cpu = 00:00:03 ; elapsed = 00:00:03 . Memory (MB): peak = 815.234 ; gain = 128.000 ; free physical = 7399 ; free virtual = 23130
INFO: [HLS 200-10] Checking synthesizability ...
INFO: [HLS 200-111] Finished Checking Synthesizability Time (s): cpu = 00:00:03 ; elapsed = 00:00:03 . Memory (MB): peak = 815.234 ; gain = 128.000 ; free physical = 7399 ; free virtual = 23130
INFO: [XFORM 203-502] Unrolling all sub-loops inside loop 'Loop-1' (kernel.cpp:13) in function 'qeic_real_sum_band_density_accumulator' for pipelining.
WARNING: [XFORM 203-503] Cannot unroll loop 'Loop-1.1' (kernel.cpp:16) in function 'qeic_real_sum_band_density_accumulator': cannot completely unroll a loop with a variable trip count.
INFO: [HLS 200-111] Finished Pre-synthesis Time (s): cpu = 00:00:03 ; elapsed = 00:00:03 . Memory (MB): peak = 815.234 ; gain = 128.000 ; free physical = 7389 ; free virtual = 23121
WARNING: [XFORM 203-542] Cannot flatten a loop nest 'Loop-1' (kernel.cpp:13:16) in function 'qeic_real_sum_band_density_accumulator' : 

the outer loop is not a perfect loop because there is nontrivial logic in the loop latch.
INFO: [HLS 200-444] Inferring multiple bus burst read of variable length on port 'gmem2' (kernel.cpp:20:13). These data requests might be further partitioned to multiple requests during RTL generation, based on max_read_burst_length or max_write_burst_length settings.
INFO: [HLS 200-444] Inferring multiple bus burst write of variable length on port 'gmem3' (kernel.cpp:22:9). These data requests might be further partitioned to multiple requests during RTL generation, based on max_read_burst_length or max_write_burst_length settings.
INFO: [HLS 200-111] Finished Architecture Synthesis Time (s): cpu = 00:00:03 ; elapsed = 00:00:03 . Memory (MB): peak = 815.234 ; gain = 128.000 ; free physical = 7387 ; free virtual = 23119
INFO: [HLS 200-10] Starting hardware synthesis ...
INFO: [HLS 200-10] Synthesizing 'qeic_real_sum_band_density_accumulator' ...
INFO: [HLS 200-10] ----------------------------------------------------------------
INFO: [HLS 200-42] -- Implementing module 'qeic_real_sum_band_density_accumulator' 
INFO: [HLS 200-10] ----------------------------------------------------------------
INFO: [SCHED 204-11] Starting scheduling ...
WARNING: [SCHED 204-65] Unable to satisfy pipeline directive: Loop contains subloop(s) not being unrolled or flattened.
INFO: [SCHED 204-11] Finished scheduling.
INFO: [HLS 200-111]  Elapsed time: 3.54 seconds; current allocated memory: 92.584 MB.
INFO: [HLS 200-434] Only 0 loops out of a total 2 loops have been pipelined in this design.
INFO: [BIND 205-100] Starting micro-architecture generation ...
INFO: [BIND 205-101] Performing variable lifetime analysis.
INFO: [BIND 205-101] Exploring resource sharing.
INFO: [BIND 205-101] Binding ...
INFO: [BIND 205-100] Finished micro-architecture generation.
INFO: [HLS 200-111]  Elapsed time: 0.06 seconds; current allocated memory: 93.125 MB.
INFO: [HLS 200-10] ----------------------------------------------------------------
INFO: [HLS 200-10] -- Generating RTL for module 'qeic_real_sum_band_density_accumulator' 
INFO: [HLS 200-10] ----------------------------------------------------------------
INFO: [RTGEN 206-500] Setting interface mode on port 'qeic_real_sum_band_density_accumulator/gmem0' to 'm_axi'.
INFO: [RTGEN 206-500] Setting interface mode on port 'qeic_real_sum_band_density_accumulator/gmem1' to 'm_axi'.
INFO: [RTGEN 206-500] Setting interface mode on port 'qeic_real_sum_band_density_accumulator/gmem2' to 'm_axi'.
INFO: [RTGEN 206-500] Setting interface mode on port 'qeic_real_sum_band_density_accumulator/gmem3' to 'm_axi'.
INFO: [RTGEN 206-500] Setting interface mode on port 'qeic_real_sum_band_density_accumulator/psi_re' to 's_axilite & ap_none'.
INFO: [RTGEN 206-500] Setting interface mode on port 'qeic_real_sum_band_density_accumulator/psi_im' to 's_axilite & ap_none'.
INFO: [RTGEN 206-500] Setting interface mode on port 'qeic_real_sum_band_density_accumulator/weights' to 's_axilite & ap_none'.
INFO: [RTGEN 206-500] Setting interface mode on port 'qeic_real_sum_band_density_accumulator/rho_out' to 's_axilite & ap_none'.
INFO: [RTGEN 206-500] Setting interface mode on port 'qeic_real_sum_band_density_accumulator/ngrid' to 's_axilite & ap_none'.
INFO: [RTGEN 206-500] Setting interface mode on port 'qeic_real_sum_band_density_accumulator/nbands' to 's_axilite & ap_none'.
INFO: [RTGEN 206-500] Setting interface mode on function 'qeic_real_sum_band_density_accumulator' to 's_axilite & ap_ctrl_hs'.
INFO: [RTGEN 206-100] Bundling port 'return', 'psi_re', 'psi_im', 'weights', 'rho_out', 'ngrid' and 'nbands' to AXI-Lite port control.
INFO: [RTGEN 206-100] Generating core module 'qeic_real_sum_band_density_accumulator_dadd_64ns_64ns_64_5_full_dsp_1': 1 instance(s).
INFO: [RTGEN 206-100] Generating core module 'qeic_real_sum_band_density_accumulator_dmul_64ns_64ns_64_6_max_dsp_1': 2 instance(s).
INFO: [RTGEN 206-100] Finished creating RTL model for 'qeic_real_sum_band_density_accumulator'.
INFO: [HLS 200-111]  Elapsed time: 0.06 seconds; current allocated memory: 95.128 MB.
INFO: [HLS 200-111] Finished generating all RTL models Time (s): cpu = 00:00:04 ; elapsed = 00:00:04 . Memory (MB): peak = 815.234 ; gain = 128.000 ; free physical = 7378 ; free virtual = 23114
INFO: [VHDL 208-304] Generating VHDL RTL for qeic_real_sum_band_density_accumulator.
INFO: [VLOG 209-307] Generating Verilog RTL for qeic_real_sum_band_density_accumulator.
INFO: [COSIM 212-47] Using XSIM for RTL simulation.
INFO: [COSIM 212-14] Instrumenting C test bench ...
WARNING: [COSIM 212-369] AXI_master port 'gmem0' has a depth of '128'. Insufficient depth may result in simulation mismatch or freeze.
WARNING: [COSIM 212-369] AXI_master port 'gmem1' has a depth of '128'. Insufficient depth may result in simulation mismatch or freeze.
WARNING: [COSIM 212-369] AXI_master port 'gmem2' has a depth of '4'. Insufficient depth may result in simulation mismatch or freeze.
WARNING: [COSIM 212-369] AXI_master port 'gmem3' has a depth of '64'. Insufficient depth may result in simulation mismatch or freeze.
   Build using "/home/Xilinx/Vivado/2019.1/tps/lnx64/gcc-6.2.0/bin/g++"
   Compiling kernel.cpp_pre.cpp.tb.cpp
   Compiling apatb_qeic_real_sum_band_density_accumulator.cpp
   Compiling tb.cpp_pre.cpp.tb.cpp
   Generating cosim.tv.exe
INFO: [COSIM 212-302] Starting C TB testing ... 
DSE_REAL_HLS_PASS qeic_real_sum_band_density_accumulator 32 4
INFO: [COSIM 212-333] Generating C post check test bench ...
INFO: [COSIM 212-12] Generating RTL test bench ...
INFO: [COSIM 212-1] *** C/RTL co-simulation file generation completed. ***
INFO: [COSIM 212-323] Starting verilog simulation. 
INFO: [COSIM 212-15] Starting XSIM ...
INFO: [XSIM 43-3496] Using init file passed via -initfile option "/home/Xilinx/Vivado/2019.1/data/xsim/ip/xsim_ip.ini".
Vivado Simulator 2019.1
Copyright 1986-1999, 2001-2019 Xilinx, Inc. All Rights Reserved.
Running: /home/Xilinx/Vivado/2019.1/bin/unwrapped/lnx64.o/xelab xil_defaultlib.apatb_qeic_real_sum_band_density_accumulator_top glbl -prj qeic_real_sum_band_density_accumulator.prj -L smartconnect_v1_0 -L axi_protocol_checker_v1_1_12 -L axi_protocol_checker_v1_1_13 -L axis_protocol_checker_v1_1_11 -L axis_protocol_checker_v1_1_12 -L xil_defaultlib -L unisims_ver -L xpm --initfile /home/Xilinx/Vivado/2019.1/data/xsim/ip/xsim_ip.ini --lib ieee_proposed=./ieee_proposed -s qeic_real_sum_band_density_accumulator 
Multi-threading is on. Using 14 slave threads.
Determining compilation order of HDL files.
INFO: [VRFC 10-2263] Analyzing SystemVerilog file "/tmp/dse_real_hybrid_hls_hybrid_sum_band_density_accumulator_v1_97bdce1b/real_hybrid_hls/sol1/sim/verilog/glbl.v" into library work
INFO: [VRFC 10-311] analyzing module glbl
INFO: [VRFC 10-2263] Analyzing SystemVerilog file "/tmp/dse_real_hybrid_hls_hybrid_sum_band_density_accumulator_v1_97bdce1b/real_hybrid_hls/sol1/sim/verilog/qeic_real_sum_band_density_accumulator.autotb.v" into library xil_defaultlib
INFO: [VRFC 10-311] analyzing module apatb_qeic_real_sum_band_density_accumulator_top
INFO: [VRFC 10-2263] Analyzing SystemVerilog file "/tmp/dse_real_hybrid_hls_hybrid_sum_band_density_accumulator_v1_97bdce1b/real_hybrid_hls/sol1/sim/verilog/AESL_axi_master_gmem0.v" into library xil_defaultlib
INFO: [VRFC 10-311] analyzing module AESL_axi_master_gmem0
INFO: [VRFC 10-2263] Analyzing SystemVerilog file "/tmp/dse_real_hybrid_hls_hybrid_sum_band_density_accumulator_v1_97bdce1b/real_hybrid_hls/sol1/sim/verilog/AESL_axi_master_gmem1.v" into library xil_defaultlib
INFO: [VRFC 10-311] analyzing module AESL_axi_master_gmem1
INFO: [VRFC 10-2263] Analyzing SystemVerilog file "/tmp/dse_real_hybrid_hls_hybrid_sum_band_density_accumulator_v1_97bdce1b/real_hybrid_hls/sol1/sim/verilog/AESL_axi_master_gmem2.v" into library xil_defaultlib
INFO: [VRFC 10-311] analyzing module AESL_axi_master_gmem2
INFO: [VRFC 10-2263] Analyzing SystemVerilog file "/tmp/dse_real_hybrid_hls_hybrid_sum_band_density_accumulator_v1_97bdce1b/real_hybrid_hls/sol1/sim/verilog/AESL_axi_master_gmem3.v" into library xil_defaultlib
INFO: [VRFC 10-311] analyzing module AESL_axi_master_gmem3
INFO: [VRFC 10-2263] Analyzing SystemVerilog file "/tmp/dse_real_hybrid_hls_hybrid_sum_band_density_accumulator_v1_97bdce1b/real_hybrid_hls/sol1/sim/verilog/AESL_axi_slave_control.v" into library xil_defaultlib
INFO: [VRFC 10-311] analyzing module AESL_axi_slave_control
INFO: [VRFC 10-2263] Analyzing SystemVerilog file "/tmp/dse_real_hybrid_hls_hybrid_sum_band_density_accumulator_v1_97bdce1b/real_hybrid_hls/sol1/sim/verilog/qeic_real_sum_band_density_accumulator.v" into library xil_defaultlib
INFO: [VRFC 10-311] analyzing module qeic_real_sum_band_density_accumulator
INFO: [VRFC 10-2263] Analyzing SystemVerilog file "/tmp/dse_real_hybrid_hls_hybrid_sum_band_density_accumulator_v1_97bdce1b/real_hybrid_hls/sol1/sim/verilog/qeic_real_sum_band_density_accumulator_dadd_64ns_64ns_64_5_full_dsp_1.v" into library xil_defaultlib
INFO: [VRFC 10-311] analyzing module qeic_real_sum_band_density_accumulator_dadd_64ns_64ns_64_5_full_dsp_1
INFO: [VRFC 10-2263] Analyzing SystemVerilog file "/tmp/dse_real_hybrid_hls_hybrid_sum_band_density_accumulator_v1_97bdce1b/real_hybrid_hls/sol1/sim/verilog/qeic_real_sum_band_density_accumulator_dmul_64ns_64ns_64_6_max_dsp_1.v" into library xil_defaultlib
INFO: [VRFC 10-311] analyzing module qeic_real_sum_band_density_accumulator_dmul_64ns_64ns_64_6_max_dsp_1
INFO: [VRFC 10-2263] Analyzing SystemVerilog file "/tmp/dse_real_hybrid_hls_hybrid_sum_band_density_accumulator_v1_97bdce1b/real_hybrid_hls/sol1/sim/verilog/qeic_real_sum_band_density_accumulator_control_s_axi.v" into library xil_defaultlib
INFO: [VRFC 10-311] analyzing module qeic_real_sum_band_density_accumulator_control_s_axi
INFO: [VRFC 10-2263] Analyzing SystemVerilog file "/tmp/dse_real_hybrid_hls_hybrid_sum_band_density_accumulator_v1_97bdce1b/real_hybrid_hls/sol1/sim/verilog/qeic_real_sum_band_density_accumulator_gmem0_m_axi.v" into library xil_defaultlib
INFO: [VRFC 10-311] analyzing module qeic_real_sum_band_density_accumulator_gmem0_m_axi
INFO: [VRFC 10-311] analyzing module qeic_real_sum_band_density_accumulator_gmem0_m_axi_reg_slice
INFO: [VRFC 10-311] analyzing module qeic_real_sum_band_density_accumulator_gmem0_m_axi_fifo
INFO: [VRFC 10-311] analyzing module qeic_real_sum_band_density_accumulator_gmem0_m_axi_buffer
INFO: [VRFC 10-311] analyzing module qeic_real_sum_band_density_accumulator_gmem0_m_axi_decoder
INFO: [VRFC 10-311] analyzing module qeic_real_sum_band_density_accumulator_gmem0_m_axi_throttl
INFO: [VRFC 10-311] analyzing module qeic_real_sum_band_density_accumulator_gmem0_m_axi_read
INFO: [VRFC 10-311] analyzing module qeic_real_sum_band_density_accumulator_gmem0_m_axi_write
INFO: [VRFC 10-2263] Analyzing SystemVerilog file "/tmp/dse_real_hybrid_hls_hybrid_sum_band_density_accumulator_v1_97bdce1b/real_hybrid_hls/sol1/sim/verilog/qeic_real_sum_band_density_accumulator_gmem1_m_axi.v" into library xil_defaultlib
INFO: [VRFC 10-311] analyzing module qeic_real_sum_band_density_accumulator_gmem1_m_axi
INFO: [VRFC 10-311] analyzing module qeic_real_sum_band_density_accumulator_gmem1_m_axi_reg_slice
INFO: [VRFC 10-311] analyzing module qeic_real_sum_band_density_accumulator_gmem1_m_axi_fifo
INFO: [VRFC 10-311] analyzing module qeic_real_sum_band_density_accumulator_gmem1_m_axi_buffer
INFO: [VRFC 10-311] analyzing module qeic_real_sum_band_density_accumulator_gmem1_m_axi_decoder
INFO: [VRFC 10-311] analyzing module qeic_real_sum_band_density_accumulator_gmem1_m_axi_throttl
INFO: [VRFC 10-311] analyzing module qeic_real_sum_band_density_accumulator_gmem1_m_axi_read
INFO: [VRFC 10-311] analyzing module qeic_real_sum_band_density_accumulator_gmem1_m_axi_write
INFO: [VRFC 10-2263] Analyzing SystemVerilog file "/tmp/dse_real_hybrid_hls_hybrid_sum_band_density_accumulator_v1_97bdce1b/real_hybrid_hls/sol1/sim/verilog/qeic_real_sum_band_density_accumulator_gmem2_m_axi.v" into library xil_defaultlib
INFO: [VRFC 10-311] analyzing module qeic_real_sum_band_density_accumulator_gmem2_m_axi
INFO: [VRFC 10-311] analyzing module qeic_real_sum_band_density_accumulator_gmem2_m_axi_reg_slice
INFO: [VRFC 10-311] analyzing module qeic_real_sum_band_density_accumulator_gmem2_m_axi_fifo
INFO: [VRFC 10-311] analyzing module qeic_real_sum_band_density_accumulator_gmem2_m_axi_buffer
INFO: [VRFC 10-311] analyzing module qeic_real_sum_band_density_accumulator_gmem2_m_axi_decoder
INFO: [VRFC 10-311] analyzing module qeic_real_sum_band_density_accumulator_gmem2_m_axi_throttl
INFO: [VRFC 10-311] analyzing module qeic_real_sum_band_density_accumulator_gmem2_m_axi_read
INFO: [VRFC 10-311] analyzing module qeic_real_sum_band_density_accumulator_gmem2_m_axi_write
INFO: [VRFC 10-2263] Analyzing SystemVerilog file "/tmp/dse_real_hybrid_hls_hybrid_sum_band_density_accumulator_v1_97bdce1b/real_hybrid_hls/sol1/sim/verilog/qeic_real_sum_band_density_accumulator_gmem3_m_axi.v" into library xil_defaultlib
INFO: [VRFC 10-311] analyzing module qeic_real_sum_band_density_accumulator_gmem3_m_axi
INFO: [VRFC 10-311] analyzing module qeic_real_sum_band_density_accumulator_gmem3_m_axi_reg_slice
INFO: [VRFC 10-311] analyzing module qeic_real_sum_band_density_accumulator_gmem3_m_axi_fifo
INFO: [VRFC 10-311] analyzing module qeic_real_sum_band_density_accumulator_gmem3_m_axi_buffer
INFO: [VRFC 10-311] analyzing module qeic_real_sum_band_density_accumulator_gmem3_m_axi_decoder
INFO: [VRFC 10-311] analyzing module qeic_real_sum_band_density_accumulator_gmem3_m_axi_throttl
INFO: [VRFC 10-311] analyzing module qeic_real_sum_band_density_accumulator_gmem3_m_axi_read
INFO: [VRFC 10-311] analyzing module qeic_real_sum_band_density_accumulator_gmem3_m_axi_write
INFO: [VRFC 10-163] Analyzing VHDL file "/tmp/dse_real_hybrid_hls_hybrid_sum_band_density_accumulator_v1_97bdce1b/real_hybrid_hls/sol1/sim/verilog/ip/xil_defaultlib/qeic_real_sum_band_density_accumulator_ap_dadd_3_full_dsp_64.vhd" into library xil_defaultlib
INFO: [VRFC 10-3107] analyzing entity 'qeic_real_sum_band_density_accumulator_ap_dadd_3_full_dsp_64'
INFO: [VRFC 10-163] Analyzing VHDL file "/tmp/dse_real_hybrid_hls_hybrid_sum_band_density_accumulator_v1_97bdce1b/real_hybrid_hls/sol1/sim/verilog/ip/xil_defaultlib/qeic_real_sum_band_density_accumulator_ap_dmul_4_max_dsp_64.vhd" into library xil_defaultlib
INFO: [VRFC 10-3107] analyzing entity 'qeic_real_sum_band_density_accumulator_ap_dmul_4_max_dsp_64'
Starting static elaboration
WARNING: [VRFC 10-3499] library name 'floating_point_v7_1_8' of instantiated unit conflicts with visible identifier [ip/xil_defaultlib/qeic_real_sum_band_density_accumulator_ap_dadd_3_full_dsp_64.vhd:201]
WARNING: [VRFC 10-3499] library name 'floating_point_v7_1_8' of instantiated unit conflicts with visible identifier [ip/xil_defaultlib/qeic_real_sum_band_density_accumulator_ap_dmul_4_max_dsp_64.vhd:201]
Completed static elaboration
Starting simulation data flow analysis
Completed simulation data flow analysis
Time Resolution for simulation is 1ps
Compiling package std.standard
Compiling package std.textio
Compiling package ieee.std_logic_1164
Compiling package ieee.numeric_std
Compiling package floating_point_v7_1_8.floating_point_v7_1_8_viv_comp
Compiling package xbip_utils_v3_0_10.xbip_utils_v3_0_10_pkg
Compiling package axi_utils_v2_0_6.axi_utils_v2_0_6_pkg
Compiling package floating_point_v7_1_8.floating_point_v7_1_8_consts
Compiling package ieee.math_real
Compiling package floating_point_v7_1_8.floating_point_v7_1_8_exp_table_...
Compiling package mult_gen_v12_0_15.mult_gen_v12_0_15_pkg
Compiling package ieee.std_logic_arith
Compiling package ieee.std_logic_signed
Compiling package floating_point_v7_1_8.floating_point_v7_1_8_pkg
Compiling package floating_point_v7_1_8.flt_utils
Compiling package xbip_pipe_v3_0_6.xbip_pipe_v3_0_6_viv_comp
Compiling package unisim.vcomponents
Compiling package ieee.vital_timing
Compiling package ieee.vital_primitives
Compiling package unisim.vpkg
Compiling module xil_defaultlib.qeic_real_sum_band_density_accum...
Compiling module xil_defaultlib.qeic_real_sum_band_density_accum...
Compiling module xil_defaultlib.qeic_real_sum_band_density_accum...
Compiling module xil_defaultlib.qeic_real_sum_band_density_accum...
Compiling module xil_defaultlib.qeic_real_sum_band_density_accum...
Compiling module xil_defaultlib.qeic_real_sum_band_density_accum...
Compiling module xil_defaultlib.qeic_real_sum_band_density_accum...
Compiling module xil_defaultlib.qeic_real_sum_band_density_accum...
Compiling module xil_defaultlib.qeic_real_sum_band_density_accum...
Compiling module xil_defaultlib.qeic_real_sum_band_density_accum...
Compiling module xil_defaultlib.qeic_real_sum_band_density_accum...
Compiling module xil_defaultlib.qeic_real_sum_band_density_accum...
Compiling module xil_defaultlib.qeic_real_sum_band_density_accum...
Compiling module xil_defaultlib.qeic_real_sum_band_density_accum...
Compiling module xil_defaultlib.qeic_real_sum_band_density_accum...
Compiling module xil_defaultlib.qeic_real_sum_band_density_accum...
Compiling module xil_defaultlib.qeic_real_sum_band_density_accum...
Compiling module xil_defaultlib.qeic_real_sum_band_density_accum...
Compiling module xil_defaultlib.qeic_real_sum_band_density_accum...
Compiling module xil_defaultlib.qeic_real_sum_band_density_accum...
Compiling module xil_defaultlib.qeic_real_sum_band_density_accum...
Compiling module xil_defaultlib.qeic_real_sum_band_density_accum...
Compiling module xil_defaultlib.qeic_real_sum_band_density_accum...
Compiling module xil_defaultlib.qeic_real_sum_band_density_accum...
Compiling module xil_defaultlib.qeic_real_sum_band_density_accum...
Compiling module xil_defaultlib.qeic_real_sum_band_density_accum...
Compiling module xil_defaultlib.qeic_real_sum_band_density_accum...
Compiling module xil_defaultlib.qeic_real_sum_band_density_accum...
Compiling module xil_defaultlib.qeic_real_sum_band_density_accum...
Compiling module xil_defaultlib.qeic_real_sum_band_density_accum...
Compiling module xil_defaultlib.qeic_real_sum_band_density_accum...
Compiling module xil_defaultlib.qeic_real_sum_band_density_accum...
Compiling module xil_defaultlib.qeic_real_sum_band_density_accum...
Compiling module xil_defaultlib.qeic_real_sum_band_density_accum...
Compiling module xil_defaultlib.qeic_real_sum_band_density_accum...
Compiling module xil_defaultlib.qeic_real_sum_band_density_accum...
Compiling module xil_defaultlib.qeic_real_sum_band_density_accum...
Compiling module xil_defaultlib.qeic_real_sum_band_density_accum...
Compiling module xil_defaultlib.qeic_real_sum_band_density_accum...
Compiling module xil_defaultlib.qeic_real_sum_band_density_accum...
Compiling module xil_defaultlib.qeic_real_sum_band_density_accum...
Compiling module xil_defaultlib.qeic_real_sum_band_density_accum...
Compiling module xil_defaultlib.qeic_real_sum_band_density_accum...
Compiling module xil_defaultlib.qeic_real_sum_band_density_accum...
Compiling module xil_defaultlib.qeic_real_sum_band_density_accum...
Compiling module xil_defaultlib.qeic_real_sum_band_density_accum...
Compiling module xil_defaultlib.qeic_real_sum_band_density_accum...
Compiling module xil_defaultlib.qeic_real_sum_band_density_accum...
Compiling module xil_defaultlib.qeic_real_sum_band_density_accum...
Compiling architecture synth of entity xbip_pipe_v3_0_6.xbip_pipe_v3_0_6_viv [\xbip_pipe_v3_0_6_viv(c_latency=...]
Compiling architecture rtl of entity floating_point_v7_1_8.delay [\delay(width=52)\]
Compiling architecture synth of entity xbip_pipe_v3_0_6.xbip_pipe_v3_0_6_viv [\xbip_pipe_v3_0_6_viv(c_latency=...]
Compiling architecture rtl of entity floating_point_v7_1_8.delay [delay_default]
Compiling architecture synth of entity xbip_pipe_v3_0_6.xbip_pipe_v3_0_6_viv [\xbip_pipe_v3_0_6_viv(c_has_ce=1...]
Compiling architecture rtl of entity floating_point_v7_1_8.delay [\delay(width=14,length=0)\]
Compiling architecture synth of entity xbip_pipe_v3_0_6.xbip_pipe_v3_0_6_viv [\xbip_pipe_v3_0_6_viv(c_has_ce=1...]
Compiling architecture rtl of entity floating_point_v7_1_8.delay [\delay(width=3,length=0,fast_inp...]
Compiling architecture synth of entity xbip_pipe_v3_0_6.xbip_pipe_v3_0_6_viv [\xbip_pipe_v3_0_6_viv(c_has_ce=1...]
Compiling architecture rtl of entity floating_point_v7_1_8.delay [\delay(length=0)\]
Compiling architecture synth of entity xbip_pipe_v3_0_6.xbip_pipe_v3_0_6_viv [\xbip_pipe_v3_0_6_viv(c_has_ce=1...]
Compiling architecture rtl of entity floating_point_v7_1_8.delay [\delay(width=54,length=0)\]
Compiling architecture synth of entity xbip_pipe_v3_0_6.xbip_pipe_v3_0_6_viv [\xbip_pipe_v3_0_6_viv(c_has_ce=1...]
Compiling architecture rtl of entity floating_point_v7_1_8.delay [\delay(width=11,length=0,fast_in...]
Compiling architecture synth of entity xbip_pipe_v3_0_6.xbip_pipe_v3_0_6_viv [\xbip_pipe_v3_0_6_viv(c_has_ce=1...]
Compiling architecture rtl of entity floating_point_v7_1_8.delay [\delay(length=0,fast_input=true)...]
Compiling architecture synth of entity xbip_pipe_v3_0_6.xbip_pipe_v3_0_6_viv [\xbip_pipe_v3_0_6_viv(c_has_ce=1...]
Compiling architecture rtl of entity floating_point_v7_1_8.delay [\delay(width=2,length=0)\]
Compiling architecture synth of entity xbip_pipe_v3_0_6.xbip_pipe_v3_0_6_viv [\xbip_pipe_v3_0_6_viv(c_has_ce=1...]
Compiling architecture rtl of entity floating_point_v7_1_8.delay [\delay(width=16,length=0)\]
Compiling architecture muxf7_v of entity unisim.MUXF7 [muxf7_default]
Compiling architecture muxf8_v of entity unisim.MUXF8 [muxf8_default]
Compiling architecture muxcy_v of entity unisim.MUXCY [muxcy_default]
Compiling architecture struct of entity floating_point_v7_1_8.carry_chain [\carry_chain(c_xdevicefamily="zy...]
Compiling architecture synth of entity floating_point_v7_1_8.compare_eq_im [\compare_eq_im(c_xdevicefamily="...]
Compiling architecture rtl of entity floating_point_v7_1_8.zero_det_sel [\zero_det_sel(c_xdevicefamily="z...]
Compiling architecture synth of entity xbip_pipe_v3_0_6.xbip_pipe_v3_0_6_viv [\xbip_pipe_v3_0_6_viv(c_has_ce=1...]
Compiling architecture rtl of entity floating_point_v7_1_8.delay [\delay(width=55,length=0)\]
Compiling architecture rtl of entity floating_point_v7_1_8.shift_msb_first [\shift_msb_first(a_width=54,regi...]
Compiling architecture rtl of entity floating_point_v7_1_8.alignment [\alignment(c_xdevicefamily="zynq...]
Compiling architecture synth of entity xbip_pipe_v3_0_6.xbip_pipe_v3_0_6_viv [\xbip_pipe_v3_0_6_viv(c_latency=...]
Compiling architecture rtl of entity floating_point_v7_1_8.delay [\delay(fast_input=true)\]
Compiling architecture synth of entity xbip_pipe_v3_0_6.xbip_pipe_v3_0_6_viv [\xbip_pipe_v3_0_6_viv(c_has_ce=1...]
Compiling architecture rtl of entity floating_point_v7_1_8.delay [\delay(width=47,length=0)\]
Compiling architecture synth of entity xbip_pipe_v3_0_6.xbip_pipe_v3_0_6_viv [\xbip_pipe_v3_0_6_viv(c_has_ce=1...]
Compiling architecture rtl of entity floating_point_v7_1_8.delay [\delay(width=7,length=0)\]
Compiling architecture synth of entity xbip_pipe_v3_0_6.xbip_pipe_v3_0_6_viv [\xbip_pipe_v3_0_6_viv(c_has_ce=1...]
Compiling architecture rtl of entity floating_point_v7_1_8.delay [\delay(width=4,length=0)\]
Compiling architecture synth of entity xbip_pipe_v3_0_6.xbip_pipe_v3_0_6_viv [\xbip_pipe_v3_0_6_viv(c_has_ce=1...]
Compiling architecture rtl of entity floating_point_v7_1_8.delay [\delay(width=30,length=0)\]
Compiling architecture synth of entity xbip_pipe_v3_0_6.xbip_pipe_v3_0_6_viv [\xbip_pipe_v3_0_6_viv(c_has_ce=1...]
Compiling architecture rtl of entity floating_point_v7_1_8.delay [\delay(width=18,length=0)\]
Compiling architecture synth of entity xbip_pipe_v3_0_6.xbip_pipe_v3_0_6_viv [\xbip_pipe_v3_0_6_viv(c_has_ce=1...]
Compiling architecture rtl of entity floating_point_v7_1_8.delay [\delay(width=25,length=0)\]
Compiling architecture dsp48e1_v of entity unisim.DSP48E1 [\DSP48E1(acascreg=0,adreg=0,alum...]
Compiling architecture rtl of entity floating_point_v7_1_8.dsp48e1_wrapper [\dsp48e1_wrapper(a_width=30,b_wi...]
Compiling architecture synth of entity xbip_pipe_v3_0_6.xbip_pipe_v3_0_6_viv [\xbip_pipe_v3_0_6_viv(c_has_ce=1...]
Compiling architecture rtl of entity floating_point_v7_1_8.delay [\delay(width=48,length=0)\]
Compiling architecture dsp48e1_v of entity unisim.DSP48E1 [\DSP48E1(acascreg=0,adreg=0,alum...]
Compiling architecture rtl of entity floating_point_v7_1_8.dsp48e1_wrapper [\dsp48e1_wrapper(a_width=30,b_wi...]
Compiling architecture synth of entity xbip_pipe_v3_0_6.xbip_pipe_v3_0_6_viv [\xbip_pipe_v3_0_6_viv(c_has_ce=1...]
Compiling architecture rtl of entity floating_point_v7_1_8.delay [\delay(width=9,length=0)\]
Compiling architecture xorcy_v of entity unisim.XORCY [xorcy_default]
Compiling architecture synth of entity xbip_pipe_v3_0_6.xbip_pipe_v3_0_6_viv [\xbip_pipe_v3_0_6_viv(c_has_ce=1...]
Compiling architecture rtl of entity floating_point_v7_1_8.delay [\delay(width=8,length=0)\]
Compiling architecture synth of entity xbip_pipe_v3_0_6.xbip_pipe_v3_0_6_viv [\xbip_pipe_v3_0_6_viv(c_latency=...]
Compiling architecture rtl of entity floating_point_v7_1_8.delay [\delay(width=9)\]
Compiling architecture struct of entity floating_point_v7_1_8.carry_chain [\carry_chain(c_xdevicefamily="zy...]
Compiling architecture synth of entity xbip_pipe_v3_0_6.xbip_pipe_v3_0_6_viv [\xbip_pipe_v3_0_6_viv(c_has_ce=1...]
Compiling architecture rtl of entity floating_point_v7_1_8.delay [\delay(width=56,length=0)\]
Compiling architecture synth of entity floating_point_v7_1_8.addsub_dsp [\addsub_dsp(c_xdevicefamily="zyn...]
Compiling architecture rtl of entity floating_point_v7_1_8.addsub [\addsub(c_xdevicefamily="zynq",c...]
Compiling architecture rtl of entity floating_point_v7_1_8.align_add [\align_add(c_xdevicefamily="zynq...]
Compiling architecture synth of entity xbip_pipe_v3_0_6.xbip_pipe_v3_0_6_viv [\xbip_pipe_v3_0_6_viv(c_has_ce=1...]
Compiling architecture rtl of entity floating_point_v7_1_8.delay [\delay(width=6,length=0,fast_inp...]
Compiling architecture struct of entity floating_point_v7_1_8.carry_chain [\carry_chain(c_xdevicefamily="zy...]
Compiling architecture rtl of entity floating_point_v7_1_8.mux4 [\mux4(c_xdevicefamily="zynq",wid...]
Compiling architecture synth of entity xbip_pipe_v3_0_6.xbip_pipe_v3_0_6_viv [\xbip_pipe_v3_0_6_viv(c_has_ce=1...]
Compiling architecture rtl of entity floating_point_v7_1_8.delay [\delay(width=4,length=0,fast_inp...]
Compiling architecture rtl of entity floating_point_v7_1_8.mux4 [\mux4(c_xdevicefamily="zynq",wid...]
Compiling architecture synth of entity xbip_pipe_v3_0_6.xbip_pipe_v3_0_6_viv [\xbip_pipe_v3_0_6_viv(c_latency=...]
Compiling architecture rtl of entity floating_point_v7_1_8.delay [\delay(width=2)\]
Compiling architecture synth of entity xbip_pipe_v3_0_6.xbip_pipe_v3_0_6_viv [\xbip_pipe_v3_0_6_viv(c_has_ce=1...]
Compiling architecture rtl of entity floating_point_v7_1_8.delay [\delay(width=2,length=0,fast_inp...]
Compiling architecture rtl of entity floating_point_v7_1_8.mux4 [\mux4(c_xdevicefamily="zynq",wid...]
Compiling architecture rtl of entity floating_point_v7_1_8.mux4 [\mux4(c_xdevicefamily="zynq",wid...]
Compiling architecture synth of entity xbip_pipe_v3_0_6.xbip_pipe_v3_0_6_viv [\xbip_pipe_v3_0_6_viv(c_has_ce=1...]
Compiling architecture rtl of entity floating_point_v7_1_8.delay [\delay(width=8,length=0,fast_inp...]
Compiling architecture struct of entity floating_point_v7_1_8.carry_chain [\carry_chain(c_xdevicefamily="zy...]
Compiling architecture rtl of entity floating_point_v7_1_8.lead_zero_encode [\lead_zero_encode(c_xdevicefamil...]
Compiling architecture synth of entity xbip_pipe_v3_0_6.xbip_pipe_v3_0_6_viv [\xbip_pipe_v3_0_6_viv(c_latency=...]
Compiling architecture rtl of entity floating_point_v7_1_8.delay [\delay(width=56)\]
Compiling architecture rtl of entity floating_point_v7_1_8.shift_msb_first [\shift_msb_first(a_width=56,resu...]
Compiling architecture rtl of entity floating_point_v7_1_8.dsp48e1_wrapper [\dsp48e1_wrapper(b_width=18,c_wi...]
Compiling architecture synth of entity xbip_pipe_v3_0_6.xbip_pipe_v3_0_6_viv [\xbip_pipe_v3_0_6_viv(c_has_ce=1...]
Compiling architecture rtl of entity floating_point_v7_1_8.delay [\delay(width=19,length=0)\]
Compiling architecture struct of entity floating_point_v7_1_8.carry_chain [\carry_chain(c_xdevicefamily="zy...]
Compiling architecture synth of entity xbip_pipe_v3_0_6.xbip_pipe_v3_0_6_viv [\xbip_pipe_v3_0_6_viv(c_has_ce=1...]
Compiling architecture rtl of entity floating_point_v7_1_8.delay [\delay(width=28,length=0)\]
Compiling architecture synth of entity xbip_pipe_v3_0_6.xbip_pipe_v3_0_6_viv [\xbip_pipe_v3_0_6_viv(c_has_ce=1...]
Compiling architecture rtl of entity floating_point_v7_1_8.delay [\delay(width=29,length=0)\]
Compiling architecture synth of entity xbip_pipe_v3_0_6.xbip_pipe_v3_0_6_viv [\xbip_pipe_v3_0_6_viv(c_has_ce=1...]
Compiling architecture rtl of entity floating_point_v7_1_8.delay [\delay(width=3,length=0)\]
Compiling architecture struct of entity floating_point_v7_1_8.carry_chain [\carry_chain(c_xdevicefamily="zy...]
Compiling architecture rtl of entity floating_point_v7_1_8.flt_round_bit [\flt_round_bit(c_xdevicefamily="...]
Compiling architecture rtl of entity floating_point_v7_1_8.renorm_and_round_logic [\renorm_and_round_logic(c_xdevic...]
Compiling architecture rtl of entity floating_point_v7_1_8.norm_and_round_logic [\norm_and_round_logic(c_xdevicef...]
Compiling architecture synth of entity xbip_pipe_v3_0_6.xbip_pipe_v3_0_6_viv [\xbip_pipe_v3_0_6_viv(c_latency=...]
Compiling architecture rtl of entity floating_point_v7_1_8.delay [\delay(length=2)\]
Compiling architecture synth of entity xbip_pipe_v3_0_6.xbip_pipe_v3_0_6_viv [\xbip_pipe_v3_0_6_viv(c_has_ce=1...]
Compiling architecture rtl of entity floating_point_v7_1_8.delay [\delay(width=12,length=0)\]
Compiling architecture struct of entity floating_point_v7_1_8.carry_chain [\carry_chain(c_xdevicefamily="zy...]
Compiling architecture synth of entity xbip_pipe_v3_0_6.xbip_pipe_v3_0_6_viv [\xbip_pipe_v3_0_6_viv(c_has_ce=1...]
Compiling architecture rtl of entity floating_point_v7_1_8.delay [\delay(width=12,length=0,fast_in...]
Compiling architecture synth of entity xbip_pipe_v3_0_6.xbip_pipe_v3_0_6_viv [\xbip_pipe_v3_0_6_viv(c_latency=...]
Compiling architecture rtl of entity floating_point_v7_1_8.delay [\delay(width=12,length=2)\]
Compiling architecture fdre_v of entity unisim.FDRE [fdre_default]
Compiling architecture fde_v of entity unisim.FDE [fde_default]
Compiling architecture struct of entity floating_point_v7_1_8.carry_chain [\carry_chain(c_xdevicefamily="zy...]
Compiling architecture synth of entity floating_point_v7_1_8.compare_eq_im [\compare_eq_im(c_xdevicefamily="...]
Compiling architecture rtl of entity floating_point_v7_1_8.special_detect [\special_detect(c_xdevicefamily=...]
Compiling architecture struct of entity floating_point_v7_1_8.carry_chain [\carry_chain(c_xdevicefamily="zy...]
Compiling architecture synth of entity floating_point_v7_1_8.compare_gt [\compare_gt(c_xdevicefamily="zyn...]
Compiling architecture synth of entity xbip_pipe_v3_0_6.xbip_pipe_v3_0_6_viv [\xbip_pipe_v3_0_6_viv(c_has_ce=1...]
Compiling architecture rtl of entity floating_point_v7_1_8.delay [\delay(width=11,length=0)\]
Compiling architecture struct of entity floating_point_v7_1_8.carry_chain [\carry_chain(c_xdevicefamily="zy...]
Compiling architecture synth of entity floating_point_v7_1_8.compare_eq [\compare_eq(c_xdevicefamily="zyn...]
Compiling architecture synth of entity floating_point_v7_1_8.compare [\compare(c_xdevicefamily="zynq",...]
Compiling architecture synth of entity xbip_pipe_v3_0_6.xbip_pipe_v3_0_6_viv [\xbip_pipe_v3_0_6_viv(c_latency=...]
Compiling architecture rtl of entity floating_point_v7_1_8.delay [\delay(width=11)\]
Compiling architecture synth of entity xbip_pipe_v3_0_6.xbip_pipe_v3_0_6_viv [\xbip_pipe_v3_0_6_viv(c_latency=...]
Compiling architecture rtl of entity floating_point_v7_1_8.delay [\delay(width=12)\]
Compiling architecture synth of entity xbip_pipe_v3_0_6.xbip_pipe_v3_0_6_viv [\xbip_pipe_v3_0_6_viv(c_latency=...]
Compiling architecture rtl of entity floating_point_v7_1_8.delay [\delay(width=2,length=2,fast_inp...]
Compiling architecture synth of entity xbip_pipe_v3_0_6.xbip_pipe_v3_0_6_viv [\xbip_pipe_v3_0_6_viv(c_latency=...]
Compiling architecture rtl of entity floating_point_v7_1_8.delay [\delay(length=2,fast_input=true)...]
Compiling architecture rtl of entity floating_point_v7_1_8.flt_add_exp [\flt_add_exp(c_xdevicefamily="zy...]
Compiling architecture synth of entity floating_point_v7_1_8.flt_dec_op [\flt_dec_op(c_xdevicefamily="zyn...]
Compiling architecture rtl of entity floating_point_v7_1_8.flt_add_logic [\flt_add_logic(c_xdevicefamily="...]
Compiling architecture rtl of entity floating_point_v7_1_8.flt_add [\flt_add(c_xdevicefamily="zynq",...]
Compiling architecture synth of entity xbip_pipe_v3_0_6.xbip_pipe_v3_0_6_viv [\xbip_pipe_v3_0_6_viv(c_latency=...]
Compiling architecture synth of entity xbip_pipe_v3_0_6.xbip_pipe_v3_0_6_viv [\xbip_pipe_v3_0_6_viv(c_has_ce=1...]
Compiling architecture rtl of entity floating_point_v7_1_8.delay [\delay(width=64,length=0)\]
Compiling architecture xilinx of entity floating_point_v7_1_8.floating_point_v7_1_8_viv [\floating_point_v7_1_8_viv(c_xde...]
Compiling architecture xilinx of entity floating_point_v7_1_8.floating_point_v7_1_8 [\floating_point_v7_1_8(c_xdevice...]
Compiling architecture qeic_real_sum_band_density_accumulator_ap_dadd_3_full_dsp_64_arch of entity xil_defaultlib.qeic_real_sum_band_density_accumulator_ap_dadd_3_full_dsp_64 [qeic_real_sum_band_density_accum...]
Compiling module xil_defaultlib.qeic_real_sum_band_density_accum...
Compiling architecture dsp48e1_v of entity unisim.DSP48E1 [\DSP48E1(acascreg=0,adreg=0,alum...]
Compiling architecture rtl of entity floating_point_v7_1_8.dsp48e1_wrapper [\dsp48e1_wrapper(a_width=19,b_wi...]
Compiling architecture synth of entity xbip_pipe_v3_0_6.xbip_pipe_v3_0_6_viv [\xbip_pipe_v3_0_6_viv(c_has_ce=1...]
Compiling architecture rtl of entity floating_point_v7_1_8.delay [\delay(width=17,length=0)\]
Compiling architecture dsp48e1_v of entity unisim.DSP48E1 [\DSP48E1(acascreg=0,adreg=0,alum...]
Compiling architecture rtl of entity floating_point_v7_1_8.dsp48e1_wrapper [\dsp48e1_wrapper(a_width=17,b_wi...]
Compiling architecture dsp48e1_v of entity unisim.DSP48E1 [\DSP48E1(acascreg=0,adreg=0,alum...]
Compiling architecture rtl of entity floating_point_v7_1_8.dsp48e1_wrapper [\dsp48e1_wrapper(a_width=17,b_wi...]
Compiling architecture dsp48e1_v of entity unisim.DSP48E1 [\DSP48E1(acascreg=0,adreg=0,alum...]
Compiling architecture rtl of entity floating_point_v7_1_8.dsp48e1_wrapper [\dsp48e1_wrapper(a_width=17,b_wi...]
Compiling architecture dsp48e1_v of entity unisim.DSP48E1 [\DSP48E1(adreg=0,alumodereg=0,b_...]
Compiling architecture rtl of entity floating_point_v7_1_8.dsp48e1_wrapper [\dsp48e1_wrapper(a_width=17,b_wi...]
Compiling architecture dsp48e1_v of entity unisim.DSP48E1 [\DSP48E1(adreg=0,alumodereg=0,ca...]
Compiling architecture rtl of entity floating_point_v7_1_8.dsp48e1_wrapper [\dsp48e1_wrapper(a_width=19,b_wi...]
Compiling architecture dsp48e1_v of entity unisim.DSP48E1 [\DSP48E1(adreg=0,alumodereg=0,ca...]
Compiling architecture rtl of entity floating_point_v7_1_8.dsp48e1_wrapper [\dsp48e1_wrapper(a_width=19,b_wi...]
Compiling architecture dsp48e1_v of entity unisim.DSP48E1 [\DSP48E1(acascreg=0,adreg=0,alum...]
Compiling architecture rtl of entity floating_point_v7_1_8.dsp48e1_wrapper [\dsp48e1_wrapper(a_width=19,b_wi...]
Compiling architecture dsp48e1_v of entity unisim.DSP48E1 [\DSP48E1(acascreg=2,adreg=0,alum...]
Compiling architecture rtl of entity floating_point_v7_1_8.dsp48e1_wrapper [\dsp48e1_wrapper(a_width=19,b_wi...]
Compiling architecture synth of entity xbip_pipe_v3_0_6.xbip_pipe_v3_0_6_viv [\xbip_pipe_v3_0_6_viv(c_latency=...]
Compiling architecture rtl of entity floating_point_v7_1_8.delay [\delay(width=17)\]
Compiling architecture dsp48e1_v of entity unisim.DSP48E1 [\DSP48E1(acascreg=0,adreg=0,alum...]
Compiling architecture rtl of entity floating_point_v7_1_8.dsp48e1_wrapper [\dsp48e1_wrapper(a_width=19,b_wi...]
Compiling architecture struct of entity floating_point_v7_1_8.fix_mult_dsp48e1_dbl [\fix_mult_dsp48e1_dbl(mult_usage...]
Compiling architecture rtl of entity floating_point_v7_1_8.fix_mult [\fix_mult(c_xdevicefamily="zynq"...]
Compiling architecture struct of entity floating_point_v7_1_8.carry_chain [\carry_chain(c_xdevicefamily="zy...]
Compiling architecture struct of entity floating_point_v7_1_8.carry_chain [\carry_chain(c_xdevicefamily="zy...]
Compiling architecture synth of entity floating_point_v7_1_8.compare_eq_im [\compare_eq_im(c_xdevicefamily="...]
Compiling architecture rtl of entity floating_point_v7_1_8.special_detect [\special_detect(c_xdevicefamily=...]
Compiling architecture synth of entity xbip_pipe_v3_0_6.xbip_pipe_v3_0_6_viv [\xbip_pipe_v3_0_6_viv(c_latency=...]
Compiling architecture rtl of entity floating_point_v7_1_8.delay [\delay(length=3)\]
Compiling architecture synth of entity xbip_pipe_v3_0_6.xbip_pipe_v3_0_6_viv [\xbip_pipe_v3_0_6_viv(c_latency=...]
Compiling architecture rtl of entity floating_point_v7_1_8.delay [\delay(width=2,length=3,fast_inp...]
Compiling architecture rtl of entity floating_point_v7_1_8.delay [\delay(length=3,fast_input=true)...]
Compiling architecture synth of entity xbip_pipe_v3_0_6.xbip_pipe_v3_0_6_viv [\xbip_pipe_v3_0_6_viv(c_latency=...]
Compiling architecture rtl of entity floating_point_v7_1_8.delay [\delay(width=4,length=3,fast_inp...]
Compiling architecture synth of entity xbip_pipe_v3_0_6.xbip_pipe_v3_0_6_viv [\xbip_pipe_v3_0_6_viv(c_latency=...]
Compiling architecture rtl of entity floating_point_v7_1_8.delay [\delay(width=11,length=3)\]
Compiling architecture rtl of entity floating_point_v7_1_8.flt_mult_exp [\flt_mult_exp(c_xdevicefamily="z...]
Compiling architecture synth of entity xbip_pipe_v3_0_6.xbip_pipe_v3_0_6_viv [\xbip_pipe_v3_0_6_viv(c_has_ce=1...]
Compiling architecture rtl of entity floating_point_v7_1_8.delay [\delay(width=54,length=0,fast_in...]
Compiling architecture struct of entity floating_point_v7_1_8.carry_chain [\carry_chain(c_xdevicefamily="zy...]
Compiling architecture rtl of entity floating_point_v7_1_8.flt_round_bit [\flt_round_bit(c_xdevicefamily="...]
Compiling architecture rtl of entity floating_point_v7_1_8.renorm_and_round_logic [\renorm_and_round_logic(c_xdevic...]
Compiling architecture rtl of entity floating_point_v7_1_8.flt_mult_round [\flt_mult_round(c_xdevicefamily=...]
Compiling architecture synth of entity floating_point_v7_1_8.flt_dec_op_lat [\flt_dec_op_lat(c_xdevicefamily=...]
Compiling architecture rtl of entity floating_point_v7_1_8.flt_mult [\flt_mult(c_xdevicefamily="zynq"...]
Compiling architecture synth of entity xbip_pipe_v3_0_6.xbip_pipe_v3_0_6_viv [\xbip_pipe_v3_0_6_viv(c_latency=...]
Compiling architecture xilinx of entity floating_point_v7_1_8.floating_point_v7_1_8_viv [\floating_point_v7_1_8_viv(c_xde...]
Compiling architecture xilinx of entity floating_point_v7_1_8.floating_point_v7_1_8 [\floating_point_v7_1_8(c_xdevice...]
Compiling architecture qeic_real_sum_band_density_accumulator_ap_dmul_4_max_dsp_64_arch of entity xil_defaultlib.qeic_real_sum_band_density_accumulator_ap_dmul_4_max_dsp_64 [qeic_real_sum_band_density_accum...]
Compiling module xil_defaultlib.qeic_real_sum_band_density_accum...
Compiling module xil_defaultlib.qeic_real_sum_band_density_accum...
Compiling module xil_defaultlib.AESL_axi_master_gmem0
Compiling module xil_defaultlib.AESL_axi_master_gmem1
Compiling module xil_defaultlib.AESL_axi_master_gmem2
Compiling module xil_defaultlib.AESL_axi_master_gmem3
Compiling module xil_defaultlib.AESL_axi_slave_control
Compiling module xil_defaultlib.apatb_qeic_real_sum_band_density...
Compiling module work.glbl
Built simulation snapshot qeic_real_sum_band_density_accumulator

****** Webtalk v2019.1 (64-bit)
  **** SW Build 2552052 on Fri May 24 14:47:09 MDT 2019
  **** IP Build 2548770 on Fri May 24 18:01:18 MDT 2019
    ** Copyright 1986-2019 Xilinx, Inc. All Rights Reserved.

source /tmp/dse_real_hybrid_hls_hybrid_sum_band_density_accumulator_v1_97bdce1b/real_hybrid_hls/sol1/sim/verilog/xsim.dir/qeic_real_sum_band_density_accumulator/webtalk/xsim_webtalk.tcl -notrace
INFO: [Common 17-206] Exiting Webtalk at Mon Jun  8 18:43:00 2026...

****** xsim v2019.1 (64-bit)
  **** SW Build 2552052 on Fri May 24 14:47:09 MDT 2019
  **** IP Build 2548770 on Fri May 24 18:01:18 MDT 2019
    ** Copyright 1986-2019 Xilinx, Inc. All Rights Reserved.

source xsim.dir/qeic_real_sum_band_density_accumulator/xsim_script.tcl
# xsim {qeic_real_sum_band_density_accumulator} -autoloadwcfg -tclbatch {qeic_real_sum_band_density_accumulator.tcl}
Vivado Simulator 2019.1
Time resolution is 1 ps
source qeic_real_sum_band_density_accumulator.tcl
## run all
Warning: OPMODE Input Warning : The OPMODE 011XX11 with CARRYINSEL  000 to DSP48E1 instance is invalid.
Time: 100010 ps  Iteration: 0  Process: /apatb_qeic_real_sum_band_density_accumulator_top/AESL_inst_qeic_real_sum_band_density_accumulator/qeic_real_sum_band_density_accumulator_dmul_64ns_64ns_64_6_max_dsp_1_U3/qeic_real_sum_band_density_accumulator_ap_dmul_4_max_dsp_64_u/U0/i_synth/mult/OP/i_non_prim/R_AND_R/logic/R_AND_R/dsp48_e1/dsp48e1_add/DSP48E1_ADD/DSP/prcs_opmode_drc  File: /home/Xilinx/Vivado/2019.1/data/vhdl/src/unisims/primitive/DSP48E1.vhd
Warning: OPMODE Input Warning : The OPMODE 011XX11 with CARRYINSEL  000 to DSP48E1 instance is invalid.
Time: 100010 ps  Iteration: 0  Process: /apatb_qeic_real_sum_band_density_accumulator_top/AESL_inst_qeic_real_sum_band_density_accumulator/qeic_real_sum_band_density_accumulator_dmul_64ns_64ns_64_6_max_dsp_1_U2/qeic_real_sum_band_density_accumulator_ap_dmul_4_max_dsp_64_u/U0/i_synth/mult/OP/i_non_prim/R_AND_R/logic/R_AND_R/dsp48_e1/dsp48e1_add/DSP48E1_ADD/DSP/prcs_opmode_drc  File: /home/Xilinx/Vivado/2019.1/data/vhdl/src/unisims/primitive/DSP48E1.vhd
Warning: OPMODE Input Warning : The OPMODE 001XXXX with CARRYINSEL  000 to DSP48E1 instance is invalid.
Time: 100010 ps  Iteration: 0  Process: /apatb_qeic_real_sum_band_density_accumulator_top/AESL_inst_qeic_real_sum_band_density_accumulator/qeic_real_sum_band_density_accumulator_dadd_64ns_64ns_64_5_full_dsp_1_U1/qeic_real_sum_band_density_accumulator_ap_dadd_3_full_dsp_64_u/U0/i_synth/addsub_op/ADDSUB/logic_speed/OP/ALIGN_BLK/FRAC_ADDSUB/dsp_add/FRAC_ADDSUB/dsp48e1_add/DSP48E1_ADD/DSP/prcs_opmode_drc  File: /home/Xilinx/Vivado/2019.1/data/vhdl/src/unisims/primitive/DSP48E1.vhd
////////////////////////////////////////////////////////////////////////////////////
// Inter-Transaction Progress: Completed Transaction / Total Transaction
// Intra-Transaction Progress: Measured Latency / Latency Estimation * 100%
//
// RTL Simulation : "Inter-Transaction Progress" ["Intra-Transaction Progress"] @ "Simulation Time"
////////////////////////////////////////////////////////////////////////////////////
// RTL Simulation : 0 / 1 [n/a] @ "125000"
Warning: OPMODE Input Warning : The OPMODE 011XX11 with CARRYINSEL  000 to DSP48E1 instance is invalid.
Time: 975100 ps  Iteration: 10  Process: /apatb_qeic_real_sum_band_density_accumulator_top/AESL_inst_qeic_real_sum_band_density_accumulator/qeic_real_sum_band_density_accumulator_dmul_64ns_64ns_64_6_max_dsp_1_U2/qeic_real_sum_band_density_accumulator_ap_dmul_4_max_dsp_64_u/U0/i_synth/mult/OP/i_non_prim/R_AND_R/logic/R_AND_R/dsp48_e1/dsp48e1_add/DSP48E1_ADD/DSP/prcs_opmode_drc  File: /home/Xilinx/Vivado/2019.1/data/vhdl/src/unisims/primitive/DSP48E1.vhd
Warning: OPMODE Input Warning : The OPMODE 001XXXX with CARRYINSEL  000 to DSP48E1 instance is invalid.
Time: 1015 ns  Iteration: 14  Process: /apatb_qeic_real_sum_band_density_accumulator_top/AESL_inst_qeic_real_sum_band_density_accumulator/qeic_real_sum_band_density_accumulator_dadd_64ns_64ns_64_5_full_dsp_1_U1/qeic_real_sum_band_density_accumulator_ap_dadd_3_full_dsp_64_u/U0/i_synth/addsub_op/ADDSUB/logic_speed/OP/ALIGN_BLK/FRAC_ADDSUB/dsp_add/FRAC_ADDSUB/dsp48e1_add/DSP48E1_ADD/DSP/prcs_opmode_drc  File: /home/Xilinx/Vivado/2019.1/data/vhdl/src/unisims/primitive/DSP48E1.vhd
Warning: OPMODE Input Warning : The OPMODE 011XX11 with CARRYINSEL  000 to DSP48E1 instance is invalid.
Time: 1085100 ps  Iteration: 10  Process: /apatb_qeic_real_sum_band_density_accumulator_top/AESL_inst_qeic_real_sum_band_density_accumulator/qeic_real_sum_band_density_accumulator_dmul_64ns_64ns_64_6_max_dsp_1_U2/qeic_real_sum_band_density_accumulator_ap_dmul_4_max_dsp_64_u/U0/i_synth/mult/OP/i_non_prim/R_AND_R/logic/R_AND_R/dsp48_e1/dsp48e1_add/DSP48E1_ADD/DSP/prcs_opmode_drc  File: /home/Xilinx/Vivado/2019.1/data/vhdl/src/unisims/primitive/DSP48E1.vhd
Warning: OPMODE Input Warning : The OPMODE 001XXXX with CARRYINSEL  000 to DSP48E1 instance is invalid.
Time: 1125 ns  Iteration: 16  Process: /apatb_qeic_real_sum_band_density_accumulator_top/AESL_inst_qeic_real_sum_band_density_accumulator/qeic_real_sum_band_density_accumulator_dadd_64ns_64ns_64_5_full_dsp_1_U1/qeic_real_sum_band_density_accumulator_ap_dadd_3_full_dsp_64_u/U0/i_synth/addsub_op/ADDSUB/logic_speed/OP/ALIGN_BLK/FRAC_ADDSUB/dsp_add/FRAC_ADDSUB/dsp48e1_add/DSP48E1_ADD/DSP/prcs_opmode_drc  File: /home/Xilinx/Vivado/2019.1/data/vhdl/src/unisims/primitive/DSP48E1.vhd
Warning: OPMODE Input Warning : The OPMODE 011XX11 with CARRYINSEL  000 to DSP48E1 instance is invalid.
Time: 1345100 ps  Iteration: 10  Process: /apatb_qeic_real_sum_band_density_accumulator_top/AESL_inst_qeic_real_sum_band_density_accumulator/qeic_real_sum_band_density_accumulator_dmul_64ns_64ns_64_6_max_dsp_1_U2/qeic_real_sum_band_density_accumulator_ap_dmul_4_max_dsp_64_u/U0/i_synth/mult/OP/i_non_prim/R_AND_R/logic/R_AND_R/dsp48_e1/dsp48e1_add/DSP48E1_ADD/DSP/prcs_opmode_drc  File: /home/Xilinx/Vivado/2019.1/data/vhdl/src/unisims/primitive/DSP48E1.vhd
Warning: OPMODE Input Warning : The OPMODE 001XXXX with CARRYINSEL  000 to DSP48E1 instance is invalid.
Time: 1385 ns  Iteration: 14  Process: /apatb_qeic_real_sum_band_density_accumulator_top/AESL_inst_qeic_real_sum_band_density_accumulator/qeic_real_sum_band_density_accumulator_dadd_64ns_64ns_64_5_full_dsp_1_U1/qeic_real_sum_band_density_accumulator_ap_dadd_3_full_dsp_64_u/U0/i_synth/addsub_op/ADDSUB/logic_speed/OP/ALIGN_BLK/FRAC_ADDSUB/dsp_add/FRAC_ADDSUB/dsp48e1_add/DSP48E1_ADD/DSP/prcs_opmode_drc  File: /home/Xilinx/Vivado/2019.1/data/vhdl/src/unisims/primitive/DSP48E1.vhd
Warning: OPMODE Input Warning : The OPMODE 011XX11 with CARRYINSEL  000 to DSP48E1 instance is invalid.
Time: 1455100 ps  Iteration: 10  Process: /apatb_qeic_real_sum_band_density_accumulator_top/AESL_inst_qeic_real_sum_band_density_accumulator/qeic_real_sum_band_density_accumulator_dmul_64ns_64ns_64_6_max_dsp_1_U2/qeic_real_sum_band_density_accumulator_ap_dmul_4_max_dsp_64_u/U0/i_synth/mult/OP/i_non_prim/R_AND_R/logic/R_AND_R/dsp48_e1/dsp48e1_add/DSP48E1_ADD/DSP/prcs_opmode_drc  File: /home/Xilinx/Vivado/2019.1/data/vhdl/src/unisims/primitive/DSP48E1.vhd
Warning: OPMODE Input Warning : The OPMODE 001XXXX with CARRYINSEL  000 to DSP48E1 instance is invalid.
Time: 1495 ns  Iteration: 14  Process: /apatb_qeic_real_sum_band_density_accumulator_top/AESL_inst_qeic_real_sum_band_density_accumulator/qeic_real_sum_band_density_accumulator_dadd_64ns_64ns_64_5_full_dsp_1_U1/qeic_real_sum_band_density_accumulator_ap_dadd_3_full_dsp_64_u/U0/i_synth/addsub_op/ADDSUB/logic_speed/OP/ALIGN_BLK/FRAC_ADDSUB/dsp_add/FRAC_ADDSUB/dsp48e1_add/DSP48E1_ADD/DSP/prcs_opmode_drc  File: /home/Xilinx/Vivado/2019.1/data/vhdl/src/unisims/primitive/DSP48E1.vhd
Warning: OPMODE Input Warning : The OPMODE 011XX11 with CARRYINSEL  000 to DSP48E1 instance is invalid.
Time: 1715100 ps  Iteration: 10  Process: /apatb_qeic_real_sum_band_density_accumulator_top/AESL_inst_qeic_real_sum_band_density_accumulator/qeic_real_sum_band_density_accumulator_dmul_64ns_64ns_64_6_max_dsp_1_U2/qeic_real_sum_band_density_accumulator_ap_dmul_4_max_dsp_64_u/U0/i_synth/mult/OP/i_non_prim/R_AND_R/logic/R_AND_R/dsp48_e1/dsp48e1_add/DSP48E1_ADD/DSP/prcs_opmode_drc  File: /home/Xilinx/Vivado/2019.1/data/vhdl/src/unisims/primitive/DSP48E1.vhd
Warning: OPMODE Input Warning : The OPMODE 001XXXX with CARRYINSEL  000 to DSP48E1 instance is invalid.
Time: 1755 ns  Iteration: 14  Process: /apatb_qeic_real_sum_band_density_accumulator_top/AESL_inst_qeic_real_sum_band_density_accumulator/qeic_real_sum_band_density_accumulator_dadd_64ns_64ns_64_5_full_dsp_1_U1/qeic_real_sum_band_density_accumulator_ap_dadd_3_full_dsp_64_u/U0/i_synth/addsub_op/ADDSUB/logic_speed/OP/ALIGN_BLK/FRAC_ADDSUB/dsp_add/FRAC_ADDSUB/dsp48e1_add/DSP48E1_ADD/DSP/prcs_opmode_drc  File: /home/Xilinx/Vivado/2019.1/data/vhdl/src/unisims/primitive/DSP48E1.vhd
Warning: OPMODE Input Warning : The OPMODE 011XX11 with CARRYINSEL  000 to DSP48E1 instance is invalid.
Time: 1825100 ps  Iteration: 10  Process: /apatb_qeic_real_sum_band_density_accumulator_top/AESL_inst_qeic_real_sum_band_density_accumulator/qeic_real_sum_band_density_accumulator_dmul_64ns_64ns_64_6_max_dsp_1_U2/qeic_real_sum_band_density_accumulator_ap_dmul_4_max_dsp_64_u/U0/i_synth/mult/OP/i_non_prim/R_AND_R/logic/R_AND_R/dsp48_e1/dsp48e1_add/DSP48E1_ADD/DSP/prcs_opmode_drc  File: /home/Xilinx/Vivado/2019.1/data/vhdl/src/unisims/primitive/DSP48E1.vhd
Warning: OPMODE Input Warning : The OPMODE 001XXXX with CARRYINSEL  000 to DSP48E1 instance is invalid.
Time: 1865 ns  Iteration: 14  Process: /apatb_qeic_real_sum_band_density_accumulator_top/AESL_inst_qeic_real_sum_band_density_accumulator/qeic_real_sum_band_density_accumulator_dadd_64ns_64ns_64_5_full_dsp_1_U1/qeic_real_sum_band_density_accumulator_ap_dadd_3_full_dsp_64_u/U0/i_synth/addsub_op/ADDSUB/logic_speed/OP/ALIGN_BLK/FRAC_ADDSUB/dsp_add/FRAC_ADDSUB/dsp48e1_add/DSP48E1_ADD/DSP/prcs_opmode_drc  File: /home/Xilinx/Vivado/2019.1/data/vhdl/src/unisims/primitive/DSP48E1.vhd
Warning: OPMODE Input Warning : The OPMODE 011XX11 with CARRYINSEL  000 to DSP48E1 instance is invalid.
Time: 2085100 ps  Iteration: 10  Process: /apatb_qeic_real_sum_band_density_accumulator_top/AESL_inst_qeic_real_sum_band_density_accumulator/qeic_real_sum_band_density_accumulator_dmul_64ns_64ns_64_6_max_dsp_1_U2/qeic_real_sum_band_density_accumulator_ap_dmul_4_max_dsp_64_u/U0/i_synth/mult/OP/i_non_prim/R_AND_R/logic/R_AND_R/dsp48_e1/dsp48e1_add/DSP48E1_ADD/DSP/prcs_opmode_drc  File: /home/Xilinx/Vivado/2019.1/data/vhdl/src/unisims/primitive/DSP48E1.vhd
Warning: OPMODE Input Warning : The OPMODE 001XXXX with CARRYINSEL  000 to DSP48E1 instance is invalid.
Time: 2125 ns  Iteration: 14  Process: /apatb_qeic_real_sum_band_density_accumulator_top/AESL_inst_qeic_real_sum_band_density_accumulator/qeic_real_sum_band_density_accumulator_dadd_64ns_64ns_64_5_full_dsp_1_U1/qeic_real_sum_band_density_accumulator_ap_dadd_3_full_dsp_64_u/U0/i_synth/addsub_op/ADDSUB/logic_speed/OP/ALIGN_BLK/FRAC_ADDSUB/dsp_add/FRAC_ADDSUB/dsp48e1_add/DSP48E1_ADD/DSP/prcs_opmode_drc  File: /home/Xilinx/Vivado/2019.1/data/vhdl/src/unisims/primitive/DSP48E1.vhd
Warning: OPMODE Input Warning : The OPMODE 011XX11 with CARRYINSEL  000 to DSP48E1 instance is invalid.
Time: 2195100 ps  Iteration: 10  Process: /apatb_qeic_real_sum_band_density_accumulator_top/AESL_inst_qeic_real_sum_band_density_accumulator/qeic_real_sum_band_density_accumulator_dmul_64ns_64ns_64_6_max_dsp_1_U2/qeic_real_sum_band_density_accumulator_ap_dmul_4_max_dsp_64_u/U0/i_synth/mult/OP/i_non_prim/R_AND_R/logic/R_AND_R/dsp48_e1/dsp48e1_add/DSP48E1_ADD/DSP/prcs_opmode_drc  File: /home/Xilinx/Vivado/2019.1/data/vhdl/src/unisims/primitive/DSP48E1.vhd
Warning: OPMODE Input Warning : The OPMODE 001XXXX with CARRYINSEL  000 to DSP48E1 instance is invalid.
Time: 2235 ns  Iteration: 14  Process: /apatb_qeic_real_sum_band_density_accumulator_top/AESL_inst_qeic_real_sum_band_density_accumulator/qeic_real_sum_band_density_accumulator_dadd_64ns_64ns_64_5_full_dsp_1_U1/qeic_real_sum_band_density_accumulator_ap_dadd_3_full_dsp_64_u/U0/i_synth/addsub_op/ADDSUB/logic_speed/OP/ALIGN_BLK/FRAC_ADDSUB/dsp_add/FRAC_ADDSUB/dsp48e1_add/DSP48E1_ADD/DSP/prcs_opmode_drc  File: /home/Xilinx/Vivado/2019.1/data/vhdl/src/unisims/primitive/DSP48E1.vhd
Warning: OPMODE Input Warning : The OPMODE 011XX11 with CARRYINSEL  000 to DSP48E1 instance is invalid.
Time: 2535100 ps  Iteration: 10  Process: /apatb_qeic_real_sum_band_density_accumulator_top/AESL_inst_qeic_real_sum_band_density_accumulator/qeic_real_sum_band_density_accumulator_dmul_64ns_64ns_64_6_max_dsp_1_U2/qeic_real_sum_band_density_accumulator_ap_dmul_4_max_dsp_64_u/U0/i_synth/mult/OP/i_non_prim/R_AND_R/logic/R_AND_R/dsp48_e1/dsp48e1_add/DSP48E1_ADD/DSP/prcs_opmode_drc  File: /home/Xilinx/Vivado/2019.1/data/vhdl/src/unisims/primitive/DSP48E1.vhd
Warning: OPMODE Input Warning : The OPMODE 001XXXX with CARRYINSEL  000 to DSP48E1 instance is invalid.
Time: 2575 ns  Iteration: 14  Process: /apatb_qeic_real_sum_band_density_accumulator_top/AESL_inst_qeic_real_sum_band_density_accumulator/qeic_real_sum_band_density_accumulator_dadd_64ns_64ns_64_5_full_dsp_1_U1/qeic_real_sum_band_density_accumulator_ap_dadd_3_full_dsp_64_u/U0/i_synth/addsub_op/ADDSUB/logic_speed/OP/ALIGN_BLK/FRAC_ADDSUB/dsp_add/FRAC_ADDSUB/dsp48e1_add/DSP48E1_ADD/DSP/prcs_opmode_drc  File: /home/Xilinx/Vivado/2019.1/data/vhdl/src/unisims/primitive/DSP48E1.vhd
Warning: OPMODE Input Warning : The OPMODE 011XX11 with CARRYINSEL  000 to DSP48E1 instance is invalid.
Time: 2645100 ps  Iteration: 10  Process: /apatb_qeic_real_sum_band_density_accumulator_top/AESL_inst_qeic_real_sum_band_density_accumulator/qeic_real_sum_band_density_accumulator_dmul_64ns_64ns_64_6_max_dsp_1_U2/qeic_real_sum_band_density_accumulator_ap_dmul_4_max_dsp_64_u/U0/i_synth/mult/OP/i_non_prim/R_AND_R/logic/R_AND_R/dsp48_e1/dsp48e1_add/DSP48E1_ADD/DSP/prcs_opmode_drc  File: /home/Xilinx/Vivado/2019.1/data/vhdl/src/unisims/primitive/DSP48E1.vhd
Warning: OPMODE Input Warning : The OPMODE 001XXXX with CARRYINSEL  000 to DSP48E1 instance is invalid.
Time: 2685 ns  Iteration: 16  Process: /apatb_qeic_real_sum_band_density_accumulator_top/AESL_inst_qeic_real_sum_band_density_accumulator/qeic_real_sum_band_density_accumulator_dadd_64ns_64ns_64_5_full_dsp_1_U1/qeic_real_sum_band_density_accumulator_ap_dadd_3_full_dsp_64_u/U0/i_synth/addsub_op/ADDSUB/logic_speed/OP/ALIGN_BLK/FRAC_ADDSUB/dsp_add/FRAC_ADDSUB/dsp48e1_add/DSP48E1_ADD/DSP/prcs_opmode_drc  File: /home/Xilinx/Vivado/2019.1/data/vhdl/src/unisims/primitive/DSP48E1.vhd
Warning: OPMODE Input Warning : The OPMODE 011XX11 with CARRYINSEL  000 to DSP48E1 instance is invalid.
Time: 2905100 ps  Iteration: 10  Process: /apatb_qeic_real_sum_band_density_accumulator_top/AESL_inst_qeic_real_sum_band_density_accumulator/qeic_real_sum_band_density_accumulator_dmul_64ns_64ns_64_6_max_dsp_1_U2/qeic_real_sum_band_density_accumulator_ap_dmul_4_max_dsp_64_u/U0/i_synth/mult/OP/i_non_prim/R_AND_R/logic/R_AND_R/dsp48_e1/dsp48e1_add/DSP48E1_ADD/DSP/prcs_opmode_drc  File: /home/Xilinx/Vivado/2019.1/data/vhdl/src/unisims/primitive/DSP48E1.vhd
Warning: OPMODE Input Warning : The OPMODE 001XXXX with CARRYINSEL  000 to DSP48E1 instance is invalid.
Time: 2945 ns  Iteration: 14  Process: /apatb_qeic_real_sum_band_density_accumulator_top/AESL_inst_qeic_real_sum_band_density_accumulator/qeic_real_sum_band_density_accumulator_dadd_64ns_64ns_64_5_full_dsp_1_U1/qeic_real_sum_band_density_accumulator_ap_dadd_3_full_dsp_64_u/U0/i_synth/addsub_op/ADDSUB/logic_speed/OP/ALIGN_BLK/FRAC_ADDSUB/dsp_add/FRAC_ADDSUB/dsp48e1_add/DSP48E1_ADD/DSP/prcs_opmode_drc  File: /home/Xilinx/Vivado/2019.1/data/vhdl/src/unisims/primitive/DSP48E1.vhd
Warning: OPMODE Input Warning : The OPMODE 011XX11 with CARRYINSEL  000 to DSP48E1 instance is invalid.
Time: 3015100 ps  Iteration: 10  Process: /apatb_qeic_real_sum_band_density_accumulator_top/AESL_inst_qeic_real_sum_band_density_accumulator/qeic_real_sum_band_density_accumulator_dmul_64ns_64ns_64_6_max_dsp_1_U2/qeic_real_sum_band_density_accumulator_ap_dmul_4_max_dsp_64_u/U0/i_synth/mult/OP/i_non_prim/R_AND_R/logic/R_AND_R/dsp48_e1/dsp48e1_add/DSP48E1_ADD/DSP/prcs_opmode_drc  File: /home/Xilinx/Vivado/2019.1/data/vhdl/src/unisims/primitive/DSP48E1.vhd
Warning: OPMODE Input Warning : The OPMODE 001XXXX with CARRYINSEL  000 to DSP48E1 instance is invalid.
Time: 3055 ns  Iteration: 14  Process: /apatb_qeic_real_sum_band_density_accumulator_top/AESL_inst_qeic_real_sum_band_density_accumulator/qeic_real_sum_band_density_accumulator_dadd_64ns_64ns_64_5_full_dsp_1_U1/qeic_real_sum_band_density_accumulator_ap_dadd_3_full_dsp_64_u/U0/i_synth/addsub_op/ADDSUB/logic_speed/OP/ALIGN_BLK/FRAC_ADDSUB/dsp_add/FRAC_ADDSUB/dsp48e1_add/DSP48E1_ADD/DSP/prcs_opmode_drc  File: /home/Xilinx/Vivado/2019.1/data/vhdl/src/unisims/primitive/DSP48E1.vhd
Warning: OPMODE Input Warning : The OPMODE 011XX11 with CARRYINSEL  000 to DSP48E1 instance is invalid.
Time: 3275100 ps  Iteration: 10  Process: /apatb_qeic_real_sum_band_density_accumulator_top/AESL_inst_qeic_real_sum_band_density_accumulator/qeic_real_sum_band_density_accumulator_dmul_64ns_64ns_64_6_max_dsp_1_U2/qeic_real_sum_band_density_accumulator_ap_dmul_4_max_dsp_64_u/U0/i_synth/mult/OP/i_non_prim/R_AND_R/logic/R_AND_R/dsp48_e1/dsp48e1_add/DSP48E1_ADD/DSP/prcs_opmode_drc  File: /home/Xilinx/Vivado/2019.1/data/vhdl/src/unisims/primitive/DSP48E1.vhd
Warning: OPMODE Input Warning : The OPMODE 001XXXX with CARRYINSEL  000 to DSP48E1 instance is invalid.
Time: 3315 ns  Iteration: 14  Process: /apatb_qeic_real_sum_band_density_accumulator_top/AESL_inst_qeic_real_sum_band_density_accumulator/qeic_real_sum_band_density_accumulator_dadd_64ns_64ns_64_5_full_dsp_1_U1/qeic_real_sum_band_density_accumulator_ap_dadd_3_full_dsp_64_u/U0/i_synth/addsub_op/ADDSUB/logic_speed/OP/ALIGN_BLK/FRAC_ADDSUB/dsp_add/FRAC_ADDSUB/dsp48e1_add/DSP48E1_ADD/DSP/prcs_opmode_drc  File: /home/Xilinx/Vivado/2019.1/data/vhdl/src/unisims/primitive/DSP48E1.vhd
Warning: OPMODE Input Warning : The OPMODE 011XX11 with CARRYINSEL  000 to DSP48E1 instance is invalid.
Time: 3385100 ps  Iteration: 10  Process: /apatb_qeic_real_sum_band_density_accumulator_top/AESL_inst_qeic_real_sum_band_density_accumulator/qeic_real_sum_band_density_accumulator_dmul_64ns_64ns_64_6_max_dsp_1_U2/qeic_real_sum_band_density_accumulator_ap_dmul_4_max_dsp_64_u/U0/i_synth/mult/OP/i_non_prim/R_AND_R/logic/R_AND_R/dsp48_e1/dsp48e1_add/DSP48E1_ADD/DSP/prcs_opmode_drc  File: /home/Xilinx/Vivado/2019.1/data/vhdl/src/unisims/primitive/DSP48E1.vhd
Warning: OPMODE Input Warning : The OPMODE 001XXXX with CARRYINSEL  000 to DSP48E1 instance is invalid.
Time: 3425 ns  Iteration: 14  Process: /apatb_qeic_real_sum_band_density_accumulator_top/AESL_inst_qeic_real_sum_band_density_accumulator/qeic_real_sum_band_density_accumulator_dadd_64ns_64ns_64_5_full_dsp_1_U1/qeic_real_sum_band_density_accumulator_ap_dadd_3_full_dsp_64_u/U0/i_synth/addsub_op/ADDSUB/logic_speed/OP/ALIGN_BLK/FRAC_ADDSUB/dsp_add/FRAC_ADDSUB/dsp48e1_add/DSP48E1_ADD/DSP/prcs_opmode_drc  File: /home/Xilinx/Vivado/2019.1/data/vhdl/src/unisims/primitive/DSP48E1.vhd
Warning: OPMODE Input Warning : The OPMODE 011XX11 with CARRYINSEL  000 to DSP48E1 instance is invalid.
Time: 3645100 ps  Iteration: 10  Process: /apatb_qeic_real_sum_band_density_accumulator_top/AESL_inst_qeic_real_sum_band_density_accumulator/qeic_real_sum_band_density_accumulator_dmul_64ns_64ns_64_6_max_dsp_1_U2/qeic_real_sum_band_density_accumulator_ap_dmul_4_max_dsp_64_u/U0/i_synth/mult/OP/i_non_prim/R_AND_R/logic/R_AND_R/dsp48_e1/dsp48e1_add/DSP48E1_ADD/DSP/prcs_opmode_drc  File: /home/Xilinx/Vivado/2019.1/data/vhdl/src/unisims/primitive/DSP48E1.vhd
Warning: OPMODE Input Warning : The OPMODE 001XXXX with CARRYINSEL  000 to DSP48E1 instance is invalid.
Time: 3685 ns  Iteration: 14  Process: /apatb_qeic_real_sum_band_density_accumulator_top/AESL_inst_qeic_real_sum_band_density_accumulator/qeic_real_sum_band_density_accumulator_dadd_64ns_64ns_64_5_full_dsp_1_U1/qeic_real_sum_band_density_accumulator_ap_dadd_3_full_dsp_64_u/U0/i_synth/addsub_op/ADDSUB/logic_speed/OP/ALIGN_BLK/FRAC_ADDSUB/dsp_add/FRAC_ADDSUB/dsp48e1_add/DSP48E1_ADD/DSP/prcs_opmode_drc  File: /home/Xilinx/Vivado/2019.1/data/vhdl/src/unisims/primitive/DSP48E1.vhd
Warning: OPMODE Input Warning : The OPMODE 011XX11 with CARRYINSEL  000 to DSP48E1 instance is invalid.
Time: 3755100 ps  Iteration: 10  Process: /apatb_qeic_real_sum_band_density_accumulator_top/AESL_inst_qeic_real_sum_band_density_accumulator/qeic_real_sum_band_density_accumulator_dmul_64ns_64ns_64_6_max_dsp_1_U2/qeic_real_sum_band_density_accumulator_ap_dmul_4_max_dsp_64_u/U0/i_synth/mult/OP/i_non_prim/R_AND_R/logic/R_AND_R/dsp48_e1/dsp48e1_add/DSP48E1_ADD/DSP/prcs_opmode_drc  File: /home/Xilinx/Vivado/2019.1/data/vhdl/src/unisims/primitive/DSP48E1.vhd
Warning: OPMODE Input Warning : The OPMODE 001XXXX with CARRYINSEL  000 to DSP48E1 instance is invalid.
Time: 3795 ns  Iteration: 14  Process: /apatb_qeic_real_sum_band_density_accumulator_top/AESL_inst_qeic_real_sum_band_density_accumulator/qeic_real_sum_band_density_accumulator_dadd_64ns_64ns_64_5_full_dsp_1_U1/qeic_real_sum_band_density_accumulator_ap_dadd_3_full_dsp_64_u/U0/i_synth/addsub_op/ADDSUB/logic_speed/OP/ALIGN_BLK/FRAC_ADDSUB/dsp_add/FRAC_ADDSUB/dsp48e1_add/DSP48E1_ADD/DSP/prcs_opmode_drc  File: /home/Xilinx/Vivado/2019.1/data/vhdl/src/unisims/primitive/DSP48E1.vhd
Warning: OPMODE Input Warning : The OPMODE 011XX11 with CARRYINSEL  000 to DSP48E1 instance is invalid.
Time: 4095100 ps  Iteration: 10  Process: /apatb_qeic_real_sum_band_density_accumulator_top/AESL_inst_qeic_real_sum_band_density_accumulator/qeic_real_sum_band_density_accumulator_dmul_64ns_64ns_64_6_max_dsp_1_U2/qeic_real_sum_band_density_accumulator_ap_dmul_4_max_dsp_64_u/U0/i_synth/mult/OP/i_non_prim/R_AND_R/logic/R_AND_R/dsp48_e1/dsp48e1_add/DSP48E1_ADD/DSP/prcs_opmode_drc  File: /home/Xilinx/Vivado/2019.1/data/vhdl/src/unisims/primitive/DSP48E1.vhd
Warning: OPMODE Input Warning : The OPMODE 001XXXX with CARRYINSEL  000 to DSP48E1 instance is invalid.
Time: 4135 ns  Iteration: 14  Process: /apatb_qeic_real_sum_band_density_accumulator_top/AESL_inst_qeic_real_sum_band_density_accumulator/qeic_real_sum_band_density_accumulator_dadd_64ns_64ns_64_5_full_dsp_1_U1/qeic_real_sum_band_density_accumulator_ap_dadd_3_full_dsp_64_u/U0/i_synth/addsub_op/ADDSUB/logic_speed/OP/ALIGN_BLK/FRAC_ADDSUB/dsp_add/FRAC_ADDSUB/dsp48e1_add/DSP48E1_ADD/DSP/prcs_opmode_drc  File: /home/Xilinx/Vivado/2019.1/data/vhdl/src/unisims/primitive/DSP48E1.vhd
Warning: OPMODE Input Warning : The OPMODE 011XX11 with CARRYINSEL  000 to DSP48E1 instance is invalid.
Time: 4205100 ps  Iteration: 10  Process: /apatb_qeic_real_sum_band_density_accumulator_top/AESL_inst_qeic_real_sum_band_density_accumulator/qeic_real_sum_band_density_accumulator_dmul_64ns_64ns_64_6_max_dsp_1_U2/qeic_real_sum_band_density_accumulator_ap_dmul_4_max_dsp_64_u/U0/i_synth/mult/OP/i_non_prim/R_AND_R/logic/R_AND_R/dsp48_e1/dsp48e1_add/DSP48E1_ADD/DSP/prcs_opmode_drc  File: /home/Xilinx/Vivado/2019.1/data/vhdl/src/unisims/primitive/DSP48E1.vhd
Warning: OPMODE Input Warning : The OPMODE 001XXXX with CARRYINSEL  000 to DSP48E1 instance is invalid.
Time: 4245 ns  Iteration: 16  Process: /apatb_qeic_real_sum_band_density_accumulator_top/AESL_inst_qeic_real_sum_band_density_accumulator/qeic_real_sum_band_density_accumulator_dadd_64ns_64ns_64_5_full_dsp_1_U1/qeic_real_sum_band_density_accumulator_ap_dadd_3_full_dsp_64_u/U0/i_synth/addsub_op/ADDSUB/logic_speed/OP/ALIGN_BLK/FRAC_ADDSUB/dsp_add/FRAC_ADDSUB/dsp48e1_add/DSP48E1_ADD/DSP/prcs_opmode_drc  File: /home/Xilinx/Vivado/2019.1/data/vhdl/src/unisims/primitive/DSP48E1.vhd
Warning: OPMODE Input Warning : The OPMODE 011XX11 with CARRYINSEL  000 to DSP48E1 instance is invalid.
Time: 4465100 ps  Iteration: 10  Process: /apatb_qeic_real_sum_band_density_accumulator_top/AESL_inst_qeic_real_sum_band_density_accumulator/qeic_real_sum_band_density_accumulator_dmul_64ns_64ns_64_6_max_dsp_1_U2/qeic_real_sum_band_density_accumulator_ap_dmul_4_max_dsp_64_u/U0/i_synth/mult/OP/i_non_prim/R_AND_R/logic/R_AND_R/dsp48_e1/dsp48e1_add/DSP48E1_ADD/DSP/prcs_opmode_drc  File: /home/Xilinx/Vivado/2019.1/data/vhdl/src/unisims/primitive/DSP48E1.vhd
Warning: OPMODE Input Warning : The OPMODE 001XXXX with CARRYINSEL  000 to DSP48E1 instance is invalid.
Time: 4505 ns  Iteration: 14  Process: /apatb_qeic_real_sum_band_density_accumulator_top/AESL_inst_qeic_real_sum_band_density_accumulator/qeic_real_sum_band_density_accumulator_dadd_64ns_64ns_64_5_full_dsp_1_U1/qeic_real_sum_band_density_accumulator_ap_dadd_3_full_dsp_64_u/U0/i_synth/addsub_op/ADDSUB/logic_speed/OP/ALIGN_BLK/FRAC_ADDSUB/dsp_add/FRAC_ADDSUB/dsp48e1_add/DSP48E1_ADD/DSP/prcs_opmode_drc  File: /home/Xilinx/Vivado/2019.1/data/vhdl/src/unisims/primitive/DSP48E1.vhd
Warning: OPMODE Input Warning : The OPMODE 011XX11 with CARRYINSEL  000 to DSP48E1 instance is invalid.
Time: 4575100 ps  Iteration: 10  Process: /apatb_qeic_real_sum_band_density_accumulator_top/AESL_inst_qeic_real_sum_band_density_accumulator/qeic_real_sum_band_density_accumulator_dmul_64ns_64ns_64_6_max_dsp_1_U2/qeic_real_sum_band_density_accumulator_ap_dmul_4_max_dsp_64_u/U0/i_synth/mult/OP/i_non_prim/R_AND_R/logic/R_AND_R/dsp48_e1/dsp48e1_add/DSP48E1_ADD/DSP/prcs_opmode_drc  File: /home/Xilinx/Vivado/2019.1/data/vhdl/src/unisims/primitive/DSP48E1.vhd
Warning: OPMODE Input Warning : The OPMODE 001XXXX with CARRYINSEL  000 to DSP48E1 instance is invalid.
Time: 4615 ns  Iteration: 14  Process: /apatb_qeic_real_sum_band_density_accumulator_top/AESL_inst_qeic_real_sum_band_density_accumulator/qeic_real_sum_band_density_accumulator_dadd_64ns_64ns_64_5_full_dsp_1_U1/qeic_real_sum_band_density_accumulator_ap_dadd_3_full_dsp_64_u/U0/i_synth/addsub_op/ADDSUB/logic_speed/OP/ALIGN_BLK/FRAC_ADDSUB/dsp_add/FRAC_ADDSUB/dsp48e1_add/DSP48E1_ADD/DSP/prcs_opmode_drc  File: /home/Xilinx/Vivado/2019.1/data/vhdl/src/unisims/primitive/DSP48E1.vhd
Warning: OPMODE Input Warning : The OPMODE 011XX11 with CARRYINSEL  000 to DSP48E1 instance is invalid.
Time: 4835100 ps  Iteration: 10  Process: /apatb_qeic_real_sum_band_density_accumulator_top/AESL_inst_qeic_real_sum_band_density_accumulator/qeic_real_sum_band_density_accumulator_dmul_64ns_64ns_64_6_max_dsp_1_U2/qeic_real_sum_band_density_accumulator_ap_dmul_4_max_dsp_64_u/U0/i_synth/mult/OP/i_non_prim/R_AND_R/logic/R_AND_R/dsp48_e1/dsp48e1_add/DSP48E1_ADD/DSP/prcs_opmode_drc  File: /home/Xilinx/Vivado/2019.1/data/vhdl/src/unisims/primitive/DSP48E1.vhd
Warning: OPMODE Input Warning : The OPMODE 001XXXX with CARRYINSEL  000 to DSP48E1 instance is invalid.
Time: 4875 ns  Iteration: 14  Process: /apatb_qeic_real_sum_band_density_accumulator_top/AESL_inst_qeic_real_sum_band_density_accumulator/qeic_real_sum_band_density_accumulator_dadd_64ns_64ns_64_5_full_dsp_1_U1/qeic_real_sum_band_density_accumulator_ap_dadd_3_full_dsp_64_u/U0/i_synth/addsub_op/ADDSUB/logic_speed/OP/ALIGN_BLK/FRAC_ADDSUB/dsp_add/FRAC_ADDSUB/dsp48e1_add/DSP48E1_ADD/DSP/prcs_opmode_drc  File: /home/Xilinx/Vivado/2019.1/data/vhdl/src/unisims/primitive/DSP48E1.vhd
Warning: OPMODE Input Warning : The OPMODE 011XX11 with CARRYINSEL  000 to DSP48E1 instance is invalid.
Time: 4945100 ps  Iteration: 10  Process: /apatb_qeic_real_sum_band_density_accumulator_top/AESL_inst_qeic_real_sum_band_density_accumulator/qeic_real_sum_band_density_accumulator_dmul_64ns_64ns_64_6_max_dsp_1_U2/qeic_real_sum_band_density_accumulator_ap_dmul_4_max_dsp_64_u/U0/i_synth/mult/OP/i_non_prim/R_AND_R/logic/R_AND_R/dsp48_e1/dsp48e1_add/DSP48E1_ADD/DSP/prcs_opmode_drc  File: /home/Xilinx/Vivado/2019.1/data/vhdl/src/unisims/primitive/DSP48E1.vhd
Warning: OPMODE Input Warning : The OPMODE 001XXXX with CARRYINSEL  000 to DSP48E1 instance is invalid.
Time: 4985 ns  Iteration: 14  Process: /apatb_qeic_real_sum_band_density_accumulator_top/AESL_inst_qeic_real_sum_band_density_accumulator/qeic_real_sum_band_density_accumulator_dadd_64ns_64ns_64_5_full_dsp_1_U1/qeic_real_sum_band_density_accumulator_ap_dadd_3_full_dsp_64_u/U0/i_synth/addsub_op/ADDSUB/logic_speed/OP/ALIGN_BLK/FRAC_ADDSUB/dsp_add/FRAC_ADDSUB/dsp48e1_add/DSP48E1_ADD/DSP/prcs_opmode_drc  File: /home/Xilinx/Vivado/2019.1/data/vhdl/src/unisims/primitive/DSP48E1.vhd
Warning: OPMODE Input Warning : The OPMODE 011XX11 with CARRYINSEL  000 to DSP48E1 instance is invalid.
Time: 5205100 ps  Iteration: 10  Process: /apatb_qeic_real_sum_band_density_accumulator_top/AESL_inst_qeic_real_sum_band_density_accumulator/qeic_real_sum_band_density_accumulator_dmul_64ns_64ns_64_6_max_dsp_1_U2/qeic_real_sum_band_density_accumulator_ap_dmul_4_max_dsp_64_u/U0/i_synth/mult/OP/i_non_prim/R_AND_R/logic/R_AND_R/dsp48_e1/dsp48e1_add/DSP48E1_ADD/DSP/prcs_opmode_drc  File: /home/Xilinx/Vivado/2019.1/data/vhdl/src/unisims/primitive/DSP48E1.vhd
Warning: OPMODE Input Warning : The OPMODE 001XXXX with CARRYINSEL  000 to DSP48E1 instance is invalid.
Time: 5245 ns  Iteration: 14  Process: /apatb_qeic_real_sum_band_density_accumulator_top/AESL_inst_qeic_real_sum_band_density_accumulator/qeic_real_sum_band_density_accumulator_dadd_64ns_64ns_64_5_full_dsp_1_U1/qeic_real_sum_band_density_accumulator_ap_dadd_3_full_dsp_64_u/U0/i_synth/addsub_op/ADDSUB/logic_speed/OP/ALIGN_BLK/FRAC_ADDSUB/dsp_add/FRAC_ADDSUB/dsp48e1_add/DSP48E1_ADD/DSP/prcs_opmode_drc  File: /home/Xilinx/Vivado/2019.1/data/vhdl/src/unisims/primitive/DSP48E1.vhd
Warning: OPMODE Input Warning : The OPMODE 011XX11 with CARRYINSEL  000 to DSP48E1 instance is invalid.
Time: 5315100 ps  Iteration: 10  Process: /apatb_qeic_real_sum_band_density_accumulator_top/AESL_inst_qeic_real_sum_band_density_accumulator/qeic_real_sum_band_density_accumulator_dmul_64ns_64ns_64_6_max_dsp_1_U2/qeic_real_sum_band_density_accumulator_ap_dmul_4_max_dsp_64_u/U0/i_synth/mult/OP/i_non_prim/R_AND_R/logic/R_AND_R/dsp48_e1/dsp48e1_add/DSP48E1_ADD/DSP/prcs_opmode_drc  File: /home/Xilinx/Vivado/2019.1/data/vhdl/src/unisims/primitive/DSP48E1.vhd
Warning: OPMODE Input Warning : The OPMODE 001XXXX with CARRYINSEL  000 to DSP48E1 instance is invalid.
Time: 5355 ns  Iteration: 14  Process: /apatb_qeic_real_sum_band_density_accumulator_top/AESL_inst_qeic_real_sum_band_density_accumulator/qeic_real_sum_band_density_accumulator_dadd_64ns_64ns_64_5_full_dsp_1_U1/qeic_real_sum_band_density_accumulator_ap_dadd_3_full_dsp_64_u/U0/i_synth/addsub_op/ADDSUB/logic_speed/OP/ALIGN_BLK/FRAC_ADDSUB/dsp_add/FRAC_ADDSUB/dsp48e1_add/DSP48E1_ADD/DSP/prcs_opmode_drc  File: /home/Xilinx/Vivado/2019.1/data/vhdl/src/unisims/primitive/DSP48E1.vhd
Warning: OPMODE Input Warning : The OPMODE 011XX11 with CARRYINSEL  000 to DSP48E1 instance is invalid.
Time: 5655100 ps  Iteration: 10  Process: /apatb_qeic_real_sum_band_density_accumulator_top/AESL_inst_qeic_real_sum_band_density_accumulator/qeic_real_sum_band_density_accumulator_dmul_64ns_64ns_64_6_max_dsp_1_U2/qeic_real_sum_band_density_accumulator_ap_dmul_4_max_dsp_64_u/U0/i_synth/mult/OP/i_non_prim/R_AND_R/logic/R_AND_R/dsp48_e1/dsp48e1_add/DSP48E1_ADD/DSP/prcs_opmode_drc  File: /home/Xilinx/Vivado/2019.1/data/vhdl/src/unisims/primitive/DSP48E1.vhd
Warning: OPMODE Input Warning : The OPMODE 001XXXX with CARRYINSEL  000 to DSP48E1 instance is invalid.
Time: 5695 ns  Iteration: 14  Process: /apatb_qeic_real_sum_band_density_accumulator_top/AESL_inst_qeic_real_sum_band_density_accumulator/qeic_real_sum_band_density_accumulator_dadd_64ns_64ns_64_5_full_dsp_1_U1/qeic_real_sum_band_density_accumulator_ap_dadd_3_full_dsp_64_u/U0/i_synth/addsub_op/ADDSUB/logic_speed/OP/ALIGN_BLK/FRAC_ADDSUB/dsp_add/FRAC_ADDSUB/dsp48e1_add/DSP48E1_ADD/DSP/prcs_opmode_drc  File: /home/Xilinx/Vivado/2019.1/data/vhdl/src/unisims/primitive/DSP48E1.vhd
Warning: OPMODE Input Warning : The OPMODE 011XX11 with CARRYINSEL  000 to DSP48E1 instance is invalid.
Time: 5765100 ps  Iteration: 10  Process: /apatb_qeic_real_sum_band_density_accumulator_top/AESL_inst_qeic_real_sum_band_density_accumulator/qeic_real_sum_band_density_accumulator_dmul_64ns_64ns_64_6_max_dsp_1_U2/qeic_real_sum_band_density_accumulator_ap_dmul_4_max_dsp_64_u/U0/i_synth/mult/OP/i_non_prim/R_AND_R/logic/R_AND_R/dsp48_e1/dsp48e1_add/DSP48E1_ADD/DSP/prcs_opmode_drc  File: /home/Xilinx/Vivado/2019.1/data/vhdl/src/unisims/primitive/DSP48E1.vhd
Warning: OPMODE Input Warning : The OPMODE 001XXXX with CARRYINSEL  000 to DSP48E1 instance is invalid.
Time: 5805 ns  Iteration: 16  Process: /apatb_qeic_real_sum_band_density_accumulator_top/AESL_inst_qeic_real_sum_band_density_accumulator/qeic_real_sum_band_density_accumulator_dadd_64ns_64ns_64_5_full_dsp_1_U1/qeic_real_sum_band_density_accumulator_ap_dadd_3_full_dsp_64_u/U0/i_synth/addsub_op/ADDSUB/logic_speed/OP/ALIGN_BLK/FRAC_ADDSUB/dsp_add/FRAC_ADDSUB/dsp48e1_add/DSP48E1_ADD/DSP/prcs_opmode_drc  File: /home/Xilinx/Vivado/2019.1/data/vhdl/src/unisims/primitive/DSP48E1.vhd
Warning: OPMODE Input Warning : The OPMODE 011XX11 with CARRYINSEL  000 to DSP48E1 instance is invalid.
Time: 6025100 ps  Iteration: 10  Process: /apatb_qeic_real_sum_band_density_accumulator_top/AESL_inst_qeic_real_sum_band_density_accumulator/qeic_real_sum_band_density_accumulator_dmul_64ns_64ns_64_6_max_dsp_1_U2/qeic_real_sum_band_density_accumulator_ap_dmul_4_max_dsp_64_u/U0/i_synth/mult/OP/i_non_prim/R_AND_R/logic/R_AND_R/dsp48_e1/dsp48e1_add/DSP48E1_ADD/DSP/prcs_opmode_drc  File: /home/Xilinx/Vivado/2019.1/data/vhdl/src/unisims/primitive/DSP48E1.vhd
Warning: OPMODE Input Warning : The OPMODE 001XXXX with CARRYINSEL  000 to DSP48E1 instance is invalid.
Time: 6065 ns  Iteration: 14  Process: /apatb_qeic_real_sum_band_density_accumulator_top/AESL_inst_qeic_real_sum_band_density_accumulator/qeic_real_sum_band_density_accumulator_dadd_64ns_64ns_64_5_full_dsp_1_U1/qeic_real_sum_band_density_accumulator_ap_dadd_3_full_dsp_64_u/U0/i_synth/addsub_op/ADDSUB/logic_speed/OP/ALIGN_BLK/FRAC_ADDSUB/dsp_add/FRAC_ADDSUB/dsp48e1_add/DSP48E1_ADD/DSP/prcs_opmode_drc  File: /home/Xilinx/Vivado/2019.1/data/vhdl/src/unisims/primitive/DSP48E1.vhd
Warning: OPMODE Input Warning : The OPMODE 011XX11 with CARRYINSEL  000 to DSP48E1 instance is invalid.
Time: 6135100 ps  Iteration: 10  Process: /apatb_qeic_real_sum_band_density_accumulator_top/AESL_inst_qeic_real_sum_band_density_accumulator/qeic_real_sum_band_density_accumulator_dmul_64ns_64ns_64_6_max_dsp_1_U2/qeic_real_sum_band_density_accumulator_ap_dmul_4_max_dsp_64_u/U0/i_synth/mult/OP/i_non_prim/R_AND_R/logic/R_AND_R/dsp48_e1/dsp48e1_add/DSP48E1_ADD/DSP/prcs_opmode_drc  File: /home/Xilinx/Vivado/2019.1/data/vhdl/src/unisims/primitive/DSP48E1.vhd
Warning: OPMODE Input Warning : The OPMODE 001XXXX with CARRYINSEL  000 to DSP48E1 instance is invalid.
Time: 6175 ns  Iteration: 14  Process: /apatb_qeic_real_sum_band_density_accumulator_top/AESL_inst_qeic_real_sum_band_density_accumulator/qeic_real_sum_band_density_accumulator_dadd_64ns_64ns_64_5_full_dsp_1_U1/qeic_real_sum_band_density_accumulator_ap_dadd_3_full_dsp_64_u/U0/i_synth/addsub_op/ADDSUB/logic_speed/OP/ALIGN_BLK/FRAC_ADDSUB/dsp_add/FRAC_ADDSUB/dsp48e1_add/DSP48E1_ADD/DSP/prcs_opmode_drc  File: /home/Xilinx/Vivado/2019.1/data/vhdl/src/unisims/primitive/DSP48E1.vhd
Warning: OPMODE Input Warning : The OPMODE 011XX11 with CARRYINSEL  000 to DSP48E1 instance is invalid.
Time: 6395100 ps  Iteration: 10  Process: /apatb_qeic_real_sum_band_density_accumulator_top/AESL_inst_qeic_real_sum_band_density_accumulator/qeic_real_sum_band_density_accumulator_dmul_64ns_64ns_64_6_max_dsp_1_U2/qeic_real_sum_band_density_accumulator_ap_dmul_4_max_dsp_64_u/U0/i_synth/mult/OP/i_non_prim/R_AND_R/logic/R_AND_R/dsp48_e1/dsp48e1_add/DSP48E1_ADD/DSP/prcs_opmode_drc  File: /home/Xilinx/Vivado/2019.1/data/vhdl/src/unisims/primitive/DSP48E1.vhd
Warning: OPMODE Input Warning : The OPMODE 001XXXX with CARRYINSEL  000 to DSP48E1 instance is invalid.
Time: 6435 ns  Iteration: 14  Process: /apatb_qeic_real_sum_band_density_accumulator_top/AESL_inst_qeic_real_sum_band_density_accumulator/qeic_real_sum_band_density_accumulator_dadd_64ns_64ns_64_5_full_dsp_1_U1/qeic_real_sum_band_density_accumulator_ap_dadd_3_full_dsp_64_u/U0/i_synth/addsub_op/ADDSUB/logic_speed/OP/ALIGN_BLK/FRAC_ADDSUB/dsp_add/FRAC_ADDSUB/dsp48e1_add/DSP48E1_ADD/DSP/prcs_opmode_drc  File: /home/Xilinx/Vivado/2019.1/data/vhdl/src/unisims/primitive/DSP48E1.vhd
Warning: OPMODE Input Warning : The OPMODE 011XX11 with CARRYINSEL  000 to DSP48E1 instance is invalid.
Time: 6505100 ps  Iteration: 10  Process: /apatb_qeic_real_sum_band_density_accumulator_top/AESL_inst_qeic_real_sum_band_density_accumulator/qeic_real_sum_band_density_accumulator_dmul_64ns_64ns_64_6_max_dsp_1_U2/qeic_real_sum_band_density_accumulator_ap_dmul_4_max_dsp_64_u/U0/i_synth/mult/OP/i_non_prim/R_AND_R/logic/R_AND_R/dsp48_e1/dsp48e1_add/DSP48E1_ADD/DSP/prcs_opmode_drc  File: /home/Xilinx/Vivado/2019.1/data/vhdl/src/unisims/primitive/DSP48E1.vhd
Warning: OPMODE Input Warning : The OPMODE 001XXXX with CARRYINSEL  000 to DSP48E1 instance is invalid.
Time: 6545 ns  Iteration: 14  Process: /apatb_qeic_real_sum_band_density_accumulator_top/AESL_inst_qeic_real_sum_band_density_accumulator/qeic_real_sum_band_density_accumulator_dadd_64ns_64ns_64_5_full_dsp_1_U1/qeic_real_sum_band_density_accumulator_ap_dadd_3_full_dsp_64_u/U0/i_synth/addsub_op/ADDSUB/logic_speed/OP/ALIGN_BLK/FRAC_ADDSUB/dsp_add/FRAC_ADDSUB/dsp48e1_add/DSP48E1_ADD/DSP/prcs_opmode_drc  File: /home/Xilinx/Vivado/2019.1/data/vhdl/src/unisims/primitive/DSP48E1.vhd
Warning: OPMODE Input Warning : The OPMODE 011XX11 with CARRYINSEL  000 to DSP48E1 instance is invalid.
Time: 6765100 ps  Iteration: 10  Process: /apatb_qeic_real_sum_band_density_accumulator_top/AESL_inst_qeic_real_sum_band_density_accumulator/qeic_real_sum_band_density_accumulator_dmul_64ns_64ns_64_6_max_dsp_1_U2/qeic_real_sum_band_density_accumulator_ap_dmul_4_max_dsp_64_u/U0/i_synth/mult/OP/i_non_prim/R_AND_R/logic/R_AND_R/dsp48_e1/dsp48e1_add/DSP48E1_ADD/DSP/prcs_opmode_drc  File: /home/Xilinx/Vivado/2019.1/data/vhdl/src/unisims/primitive/DSP48E1.vhd
Warning: OPMODE Input Warning : The OPMODE 001XXXX with CARRYINSEL  000 to DSP48E1 instance is invalid.
Time: 6805 ns  Iteration: 14  Process: /apatb_qeic_real_sum_band_density_accumulator_top/AESL_inst_qeic_real_sum_band_density_accumulator/qeic_real_sum_band_density_accumulator_dadd_64ns_64ns_64_5_full_dsp_1_U1/qeic_real_sum_band_density_accumulator_ap_dadd_3_full_dsp_64_u/U0/i_synth/addsub_op/ADDSUB/logic_speed/OP/ALIGN_BLK/FRAC_ADDSUB/dsp_add/FRAC_ADDSUB/dsp48e1_add/DSP48E1_ADD/DSP/prcs_opmode_drc  File: /home/Xilinx/Vivado/2019.1/data/vhdl/src/unisims/primitive/DSP48E1.vhd
Warning: OPMODE Input Warning : The OPMODE 011XX11 with CARRYINSEL  000 to DSP48E1 instance is invalid.
Time: 6875100 ps  Iteration: 10  Process: /apatb_qeic_real_sum_band_density_accumulator_top/AESL_inst_qeic_real_sum_band_density_accumulator/qeic_real_sum_band_density_accumulator_dmul_64ns_64ns_64_6_max_dsp_1_U2/qeic_real_sum_band_density_accumulator_ap_dmul_4_max_dsp_64_u/U0/i_synth/mult/OP/i_non_prim/R_AND_R/logic/R_AND_R/dsp48_e1/dsp48e1_add/DSP48E1_ADD/DSP/prcs_opmode_drc  File: /home/Xilinx/Vivado/2019.1/data/vhdl/src/unisims/primitive/DSP48E1.vhd
Warning: OPMODE Input Warning : The OPMODE 001XXXX with CARRYINSEL  000 to DSP48E1 instance is invalid.
Time: 6915 ns  Iteration: 14  Process: /apatb_qeic_real_sum_band_density_accumulator_top/AESL_inst_qeic_real_sum_band_density_accumulator/qeic_real_sum_band_density_accumulator_dadd_64ns_64ns_64_5_full_dsp_1_U1/qeic_real_sum_band_density_accumulator_ap_dadd_3_full_dsp_64_u/U0/i_synth/addsub_op/ADDSUB/logic_speed/OP/ALIGN_BLK/FRAC_ADDSUB/dsp_add/FRAC_ADDSUB/dsp48e1_add/DSP48E1_ADD/DSP/prcs_opmode_drc  File: /home/Xilinx/Vivado/2019.1/data/vhdl/src/unisims/primitive/DSP48E1.vhd
Warning: OPMODE Input Warning : The OPMODE 011XX11 with CARRYINSEL  000 to DSP48E1 instance is invalid.
Time: 7215100 ps  Iteration: 10  Process: /apatb_qeic_real_sum_band_density_accumulator_top/AESL_inst_qeic_real_sum_band_density_accumulator/qeic_real_sum_band_density_accumulator_dmul_64ns_64ns_64_6_max_dsp_1_U2/qeic_real_sum_band_density_accumulator_ap_dmul_4_max_dsp_64_u/U0/i_synth/mult/OP/i_non_prim/R_AND_R/logic/R_AND_R/dsp48_e1/dsp48e1_add/DSP48E1_ADD/DSP/prcs_opmode_drc  File: /home/Xilinx/Vivado/2019.1/data/vhdl/src/unisims/primitive/DSP48E1.vhd
Warning: OPMODE Input Warning : The OPMODE 001XXXX with CARRYINSEL  000 to DSP48E1 instance is invalid.
Time: 7255 ns  Iteration: 14  Process: /apatb_qeic_real_sum_band_density_accumulator_top/AESL_inst_qeic_real_sum_band_density_accumulator/qeic_real_sum_band_density_accumulator_dadd_64ns_64ns_64_5_full_dsp_1_U1/qeic_real_sum_band_density_accumulator_ap_dadd_3_full_dsp_64_u/U0/i_synth/addsub_op/ADDSUB/logic_speed/OP/ALIGN_BLK/FRAC_ADDSUB/dsp_add/FRAC_ADDSUB/dsp48e1_add/DSP48E1_ADD/DSP/prcs_opmode_drc  File: /home/Xilinx/Vivado/2019.1/data/vhdl/src/unisims/primitive/DSP48E1.vhd
Warning: OPMODE Input Warning : The OPMODE 011XX11 with CARRYINSEL  000 to DSP48E1 instance is invalid.
Time: 7325100 ps  Iteration: 10  Process: /apatb_qeic_real_sum_band_density_accumulator_top/AESL_inst_qeic_real_sum_band_density_accumulator/qeic_real_sum_band_density_accumulator_dmul_64ns_64ns_64_6_max_dsp_1_U2/qeic_real_sum_band_density_accumulator_ap_dmul_4_max_dsp_64_u/U0/i_synth/mult/OP/i_non_prim/R_AND_R/logic/R_AND_R/dsp48_e1/dsp48e1_add/DSP48E1_ADD/DSP/prcs_opmode_drc  File: /home/Xilinx/Vivado/2019.1/data/vhdl/src/unisims/primitive/DSP48E1.vhd
Warning: OPMODE Input Warning : The OPMODE 001XXXX with CARRYINSEL  000 to DSP48E1 instance is invalid.
Time: 7365 ns  Iteration: 16  Process: /apatb_qeic_real_sum_band_density_accumulator_top/AESL_inst_qeic_real_sum_band_density_accumulator/qeic_real_sum_band_density_accumulator_dadd_64ns_64ns_64_5_full_dsp_1_U1/qeic_real_sum_band_density_accumulator_ap_dadd_3_full_dsp_64_u/U0/i_synth/addsub_op/ADDSUB/logic_speed/OP/ALIGN_BLK/FRAC_ADDSUB/dsp_add/FRAC_ADDSUB/dsp48e1_add/DSP48E1_ADD/DSP/prcs_opmode_drc  File: /home/Xilinx/Vivado/2019.1/data/vhdl/src/unisims/primitive/DSP48E1.vhd
Warning: OPMODE Input Warning : The OPMODE 011XX11 with CARRYINSEL  000 to DSP48E1 instance is invalid.
Time: 7585100 ps  Iteration: 10  Process: /apatb_qeic_real_sum_band_density_accumulator_top/AESL_inst_qeic_real_sum_band_density_accumulator/qeic_real_sum_band_density_accumulator_dmul_64ns_64ns_64_6_max_dsp_1_U2/qeic_real_sum_band_density_accumulator_ap_dmul_4_max_dsp_64_u/U0/i_synth/mult/OP/i_non_prim/R_AND_R/logic/R_AND_R/dsp48_e1/dsp48e1_add/DSP48E1_ADD/DSP/prcs_opmode_drc  File: /home/Xilinx/Vivado/2019.1/data/vhdl/src/unisims/primitive/DSP48E1.vhd
Warning: OPMODE Input Warning : The OPMODE 001XXXX with CARRYINSEL  000 to DSP48E1 instance is invalid.
Time: 7625 ns  Iteration: 14  Process: /apatb_qeic_real_sum_band_density_accumulator_top/AESL_inst_qeic_real_sum_band_density_accumulator/qeic_real_sum_band_density_accumulator_dadd_64ns_64ns_64_5_full_dsp_1_U1/qeic_real_sum_band_density_accumulator_ap_dadd_3_full_dsp_64_u/U0/i_synth/addsub_op/ADDSUB/logic_speed/OP/ALIGN_BLK/FRAC_ADDSUB/dsp_add/FRAC_ADDSUB/dsp48e1_add/DSP48E1_ADD/DSP/prcs_opmode_drc  File: /home/Xilinx/Vivado/2019.1/data/vhdl/src/unisims/primitive/DSP48E1.vhd
Warning: OPMODE Input Warning : The OPMODE 011XX11 with CARRYINSEL  000 to DSP48E1 instance is invalid.
Time: 7695100 ps  Iteration: 10  Process: /apatb_qeic_real_sum_band_density_accumulator_top/AESL_inst_qeic_real_sum_band_density_accumulator/qeic_real_sum_band_density_accumulator_dmul_64ns_64ns_64_6_max_dsp_1_U2/qeic_real_sum_band_density_accumulator_ap_dmul_4_max_dsp_64_u/U0/i_synth/mult/OP/i_non_prim/R_AND_R/logic/R_AND_R/dsp48_e1/dsp48e1_add/DSP48E1_ADD/DSP/prcs_opmode_drc  File: /home/Xilinx/Vivado/2019.1/data/vhdl/src/unisims/primitive/DSP48E1.vhd
Warning: OPMODE Input Warning : The OPMODE 001XXXX with CARRYINSEL  000 to DSP48E1 instance is invalid.
Time: 7735 ns  Iteration: 14  Process: /apatb_qeic_real_sum_band_density_accumulator_top/AESL_inst_qeic_real_sum_band_density_accumulator/qeic_real_sum_band_density_accumulator_dadd_64ns_64ns_64_5_full_dsp_1_U1/qeic_real_sum_band_density_accumulator_ap_dadd_3_full_dsp_64_u/U0/i_synth/addsub_op/ADDSUB/logic_speed/OP/ALIGN_BLK/FRAC_ADDSUB/dsp_add/FRAC_ADDSUB/dsp48e1_add/DSP48E1_ADD/DSP/prcs_opmode_drc  File: /home/Xilinx/Vivado/2019.1/data/vhdl/src/unisims/primitive/DSP48E1.vhd
Warning: OPMODE Input Warning : The OPMODE 011XX11 with CARRYINSEL  000 to DSP48E1 instance is invalid.
Time: 7955100 ps  Iteration: 10  Process: /apatb_qeic_real_sum_band_density_accumulator_top/AESL_inst_qeic_real_sum_band_density_accumulator/qeic_real_sum_band_density_accumulator_dmul_64ns_64ns_64_6_max_dsp_1_U2/qeic_real_sum_band_density_accumulator_ap_dmul_4_max_dsp_64_u/U0/i_synth/mult/OP/i_non_prim/R_AND_R/logic/R_AND_R/dsp48_e1/dsp48e1_add/DSP48E1_ADD/DSP/prcs_opmode_drc  File: /home/Xilinx/Vivado/2019.1/data/vhdl/src/unisims/primitive/DSP48E1.vhd
Warning: OPMODE Input Warning : The OPMODE 001XXXX with CARRYINSEL  000 to DSP48E1 instance is invalid.
Time: 7995 ns  Iteration: 14  Process: /apatb_qeic_real_sum_band_density_accumulator_top/AESL_inst_qeic_real_sum_band_density_accumulator/qeic_real_sum_band_density_accumulator_dadd_64ns_64ns_64_5_full_dsp_1_U1/qeic_real_sum_band_density_accumulator_ap_dadd_3_full_dsp_64_u/U0/i_synth/addsub_op/ADDSUB/logic_speed/OP/ALIGN_BLK/FRAC_ADDSUB/dsp_add/FRAC_ADDSUB/dsp48e1_add/DSP48E1_ADD/DSP/prcs_opmode_drc  File: /home/Xilinx/Vivado/2019.1/data/vhdl/src/unisims/primitive/DSP48E1.vhd
Warning: OPMODE Input Warning : The OPMODE 011XX11 with CARRYINSEL  000 to DSP48E1 instance is invalid.
Time: 8065100 ps  Iteration: 10  Process: /apatb_qeic_real_sum_band_density_accumulator_top/AESL_inst_qeic_real_sum_band_density_accumulator/qeic_real_sum_band_density_accumulator_dmul_64ns_64ns_64_6_max_dsp_1_U2/qeic_real_sum_band_density_accumulator_ap_dmul_4_max_dsp_64_u/U0/i_synth/mult/OP/i_non_prim/R_AND_R/logic/R_AND_R/dsp48_e1/dsp48e1_add/DSP48E1_ADD/DSP/prcs_opmode_drc  File: /home/Xilinx/Vivado/2019.1/data/vhdl/src/unisims/primitive/DSP48E1.vhd
Warning: OPMODE Input Warning : The OPMODE 001XXXX with CARRYINSEL  000 to DSP48E1 instance is invalid.
Time: 8105 ns  Iteration: 14  Process: /apatb_qeic_real_sum_band_density_accumulator_top/AESL_inst_qeic_real_sum_band_density_accumulator/qeic_real_sum_band_density_accumulator_dadd_64ns_64ns_64_5_full_dsp_1_U1/qeic_real_sum_band_density_accumulator_ap_dadd_3_full_dsp_64_u/U0/i_synth/addsub_op/ADDSUB/logic_speed/OP/ALIGN_BLK/FRAC_ADDSUB/dsp_add/FRAC_ADDSUB/dsp48e1_add/DSP48E1_ADD/DSP/prcs_opmode_drc  File: /home/Xilinx/Vivado/2019.1/data/vhdl/src/unisims/primitive/DSP48E1.vhd
Warning: OPMODE Input Warning : The OPMODE 011XX11 with CARRYINSEL  000 to DSP48E1 instance is invalid.
Time: 8325100 ps  Iteration: 10  Process: /apatb_qeic_real_sum_band_density_accumulator_top/AESL_inst_qeic_real_sum_band_density_accumulator/qeic_real_sum_band_density_accumulator_dmul_64ns_64ns_64_6_max_dsp_1_U2/qeic_real_sum_band_density_accumulator_ap_dmul_4_max_dsp_64_u/U0/i_synth/mult/OP/i_non_prim/R_AND_R/logic/R_AND_R/dsp48_e1/dsp48e1_add/DSP48E1_ADD/DSP/prcs_opmode_drc  File: /home/Xilinx/Vivado/2019.1/data/vhdl/src/unisims/primitive/DSP48E1.vhd
Warning: OPMODE Input Warning : The OPMODE 001XXXX with CARRYINSEL  000 to DSP48E1 instance is invalid.
Time: 8365 ns  Iteration: 14  Process: /apatb_qeic_real_sum_band_density_accumulator_top/AESL_inst_qeic_real_sum_band_density_accumulator/qeic_real_sum_band_density_accumulator_dadd_64ns_64ns_64_5_full_dsp_1_U1/qeic_real_sum_band_density_accumulator_ap_dadd_3_full_dsp_64_u/U0/i_synth/addsub_op/ADDSUB/logic_speed/OP/ALIGN_BLK/FRAC_ADDSUB/dsp_add/FRAC_ADDSUB/dsp48e1_add/DSP48E1_ADD/DSP/prcs_opmode_drc  File: /home/Xilinx/Vivado/2019.1/data/vhdl/src/unisims/primitive/DSP48E1.vhd
Warning: OPMODE Input Warning : The OPMODE 011XX11 with CARRYINSEL  000 to DSP48E1 instance is invalid.
Time: 8435100 ps  Iteration: 10  Process: /apatb_qeic_real_sum_band_density_accumulator_top/AESL_inst_qeic_real_sum_band_density_accumulator/qeic_real_sum_band_density_accumulator_dmul_64ns_64ns_64_6_max_dsp_1_U2/qeic_real_sum_band_density_accumulator_ap_dmul_4_max_dsp_64_u/U0/i_synth/mult/OP/i_non_prim/R_AND_R/logic/R_AND_R/dsp48_e1/dsp48e1_add/DSP48E1_ADD/DSP/prcs_opmode_drc  File: /home/Xilinx/Vivado/2019.1/data/vhdl/src/unisims/primitive/DSP48E1.vhd
Warning: OPMODE Input Warning : The OPMODE 001XXXX with CARRYINSEL  000 to DSP48E1 instance is invalid.
Time: 8475 ns  Iteration: 14  Process: /apatb_qeic_real_sum_band_density_accumulator_top/AESL_inst_qeic_real_sum_band_density_accumulator/qeic_real_sum_band_density_accumulator_dadd_64ns_64ns_64_5_full_dsp_1_U1/qeic_real_sum_band_density_accumulator_ap_dadd_3_full_dsp_64_u/U0/i_synth/addsub_op/ADDSUB/logic_speed/OP/ALIGN_BLK/FRAC_ADDSUB/dsp_add/FRAC_ADDSUB/dsp48e1_add/DSP48E1_ADD/DSP/prcs_opmode_drc  File: /home/Xilinx/Vivado/2019.1/data/vhdl/src/unisims/primitive/DSP48E1.vhd
Warning: OPMODE Input Warning : The OPMODE 011XX11 with CARRYINSEL  000 to DSP48E1 instance is invalid.
Time: 8775100 ps  Iteration: 10  Process: /apatb_qeic_real_sum_band_density_accumulator_top/AESL_inst_qeic_real_sum_band_density_accumulator/qeic_real_sum_band_density_accumulator_dmul_64ns_64ns_64_6_max_dsp_1_U2/qeic_real_sum_band_density_accumulator_ap_dmul_4_max_dsp_64_u/U0/i_synth/mult/OP/i_non_prim/R_AND_R/logic/R_AND_R/dsp48_e1/dsp48e1_add/DSP48E1_ADD/DSP/prcs_opmode_drc  File: /home/Xilinx/Vivado/2019.1/data/vhdl/src/unisims/primitive/DSP48E1.vhd
Warning: OPMODE Input Warning : The OPMODE 001XXXX with CARRYINSEL  000 to DSP48E1 instance is invalid.
Time: 8815 ns  Iteration: 14  Process: /apatb_qeic_real_sum_band_density_accumulator_top/AESL_inst_qeic_real_sum_band_density_accumulator/qeic_real_sum_band_density_accumulator_dadd_64ns_64ns_64_5_full_dsp_1_U1/qeic_real_sum_band_density_accumulator_ap_dadd_3_full_dsp_64_u/U0/i_synth/addsub_op/ADDSUB/logic_speed/OP/ALIGN_BLK/FRAC_ADDSUB/dsp_add/FRAC_ADDSUB/dsp48e1_add/DSP48E1_ADD/DSP/prcs_opmode_drc  File: /home/Xilinx/Vivado/2019.1/data/vhdl/src/unisims/primitive/DSP48E1.vhd
Warning: OPMODE Input Warning : The OPMODE 011XX11 with CARRYINSEL  000 to DSP48E1 instance is invalid.
Time: 8885100 ps  Iteration: 10  Process: /apatb_qeic_real_sum_band_density_accumulator_top/AESL_inst_qeic_real_sum_band_density_accumulator/qeic_real_sum_band_density_accumulator_dmul_64ns_64ns_64_6_max_dsp_1_U2/qeic_real_sum_band_density_accumulator_ap_dmul_4_max_dsp_64_u/U0/i_synth/mult/OP/i_non_prim/R_AND_R/logic/R_AND_R/dsp48_e1/dsp48e1_add/DSP48E1_ADD/DSP/prcs_opmode_drc  File: /home/Xilinx/Vivado/2019.1/data/vhdl/src/unisims/primitive/DSP48E1.vhd
Warning: OPMODE Input Warning : The OPMODE 001XXXX with CARRYINSEL  000 to DSP48E1 instance is invalid.
Time: 8925 ns  Iteration: 16  Process: /apatb_qeic_real_sum_band_density_accumulator_top/AESL_inst_qeic_real_sum_band_density_accumulator/qeic_real_sum_band_density_accumulator_dadd_64ns_64ns_64_5_full_dsp_1_U1/qeic_real_sum_band_density_accumulator_ap_dadd_3_full_dsp_64_u/U0/i_synth/addsub_op/ADDSUB/logic_speed/OP/ALIGN_BLK/FRAC_ADDSUB/dsp_add/FRAC_ADDSUB/dsp48e1_add/DSP48E1_ADD/DSP/prcs_opmode_drc  File: /home/Xilinx/Vivado/2019.1/data/vhdl/src/unisims/primitive/DSP48E1.vhd
Warning: OPMODE Input Warning : The OPMODE 011XX11 with CARRYINSEL  000 to DSP48E1 instance is invalid.
Time: 9145100 ps  Iteration: 10  Process: /apatb_qeic_real_sum_band_density_accumulator_top/AESL_inst_qeic_real_sum_band_density_accumulator/qeic_real_sum_band_density_accumulator_dmul_64ns_64ns_64_6_max_dsp_1_U2/qeic_real_sum_band_density_accumulator_ap_dmul_4_max_dsp_64_u/U0/i_synth/mult/OP/i_non_prim/R_AND_R/logic/R_AND_R/dsp48_e1/dsp48e1_add/DSP48E1_ADD/DSP/prcs_opmode_drc  File: /home/Xilinx/Vivado/2019.1/data/vhdl/src/unisims/primitive/DSP48E1.vhd
Warning: OPMODE Input Warning : The OPMODE 001XXXX with CARRYINSEL  000 to DSP48E1 instance is invalid.
Time: 9185 ns  Iteration: 14  Process: /apatb_qeic_real_sum_band_density_accumulator_top/AESL_inst_qeic_real_sum_band_density_accumulator/qeic_real_sum_band_density_accumulator_dadd_64ns_64ns_64_5_full_dsp_1_U1/qeic_real_sum_band_density_accumulator_ap_dadd_3_full_dsp_64_u/U0/i_synth/addsub_op/ADDSUB/logic_speed/OP/ALIGN_BLK/FRAC_ADDSUB/dsp_add/FRAC_ADDSUB/dsp48e1_add/DSP48E1_ADD/DSP/prcs_opmode_drc  File: /home/Xilinx/Vivado/2019.1/data/vhdl/src/unisims/primitive/DSP48E1.vhd
Warning: OPMODE Input Warning : The OPMODE 011XX11 with CARRYINSEL  000 to DSP48E1 instance is invalid.
Time: 9255100 ps  Iteration: 10  Process: /apatb_qeic_real_sum_band_density_accumulator_top/AESL_inst_qeic_real_sum_band_density_accumulator/qeic_real_sum_band_density_accumulator_dmul_64ns_64ns_64_6_max_dsp_1_U2/qeic_real_sum_band_density_accumulator_ap_dmul_4_max_dsp_64_u/U0/i_synth/mult/OP/i_non_prim/R_AND_R/logic/R_AND_R/dsp48_e1/dsp48e1_add/DSP48E1_ADD/DSP/prcs_opmode_drc  File: /home/Xilinx/Vivado/2019.1/data/vhdl/src/unisims/primitive/DSP48E1.vhd
Warning: OPMODE Input Warning : The OPMODE 001XXXX with CARRYINSEL  000 to DSP48E1 instance is invalid.
Time: 9295 ns  Iteration: 14  Process: /apatb_qeic_real_sum_band_density_accumulator_top/AESL_inst_qeic_real_sum_band_density_accumulator/qeic_real_sum_band_density_accumulator_dadd_64ns_64ns_64_5_full_dsp_1_U1/qeic_real_sum_band_density_accumulator_ap_dadd_3_full_dsp_64_u/U0/i_synth/addsub_op/ADDSUB/logic_speed/OP/ALIGN_BLK/FRAC_ADDSUB/dsp_add/FRAC_ADDSUB/dsp48e1_add/DSP48E1_ADD/DSP/prcs_opmode_drc  File: /home/Xilinx/Vivado/2019.1/data/vhdl/src/unisims/primitive/DSP48E1.vhd
Warning: OPMODE Input Warning : The OPMODE 011XX11 with CARRYINSEL  000 to DSP48E1 instance is invalid.
Time: 9515100 ps  Iteration: 10  Process: /apatb_qeic_real_sum_band_density_accumulator_top/AESL_inst_qeic_real_sum_band_density_accumulator/qeic_real_sum_band_density_accumulator_dmul_64ns_64ns_64_6_max_dsp_1_U2/qeic_real_sum_band_density_accumulator_ap_dmul_4_max_dsp_64_u/U0/i_synth/mult/OP/i_non_prim/R_AND_R/logic/R_AND_R/dsp48_e1/dsp48e1_add/DSP48E1_ADD/DSP/prcs_opmode_drc  File: /home/Xilinx/Vivado/2019.1/data/vhdl/src/unisims/primitive/DSP48E1.vhd
Warning: OPMODE Input Warning : The OPMODE 001XXXX with CARRYINSEL  000 to DSP48E1 instance is invalid.
Time: 9555 ns  Iteration: 14  Process: /apatb_qeic_real_sum_band_density_accumulator_top/AESL_inst_qeic_real_sum_band_density_accumulator/qeic_real_sum_band_density_accumulator_dadd_64ns_64ns_64_5_full_dsp_1_U1/qeic_real_sum_band_density_accumulator_ap_dadd_3_full_dsp_64_u/U0/i_synth/addsub_op/ADDSUB/logic_speed/OP/ALIGN_BLK/FRAC_ADDSUB/dsp_add/FRAC_ADDSUB/dsp48e1_add/DSP48E1_ADD/DSP/prcs_opmode_drc  File: /home/Xilinx/Vivado/2019.1/data/vhdl/src/unisims/primitive/DSP48E1.vhd
Warning: OPMODE Input Warning : The OPMODE 011XX11 with CARRYINSEL  000 to DSP48E1 instance is invalid.
Time: 9625100 ps  Iteration: 10  Process: /apatb_qeic_real_sum_band_density_accumulator_top/AESL_inst_qeic_real_sum_band_density_accumulator/qeic_real_sum_band_density_accumulator_dmul_64ns_64ns_64_6_max_dsp_1_U2/qeic_real_sum_band_density_accumulator_ap_dmul_4_max_dsp_64_u/U0/i_synth/mult/OP/i_non_prim/R_AND_R/logic/R_AND_R/dsp48_e1/dsp48e1_add/DSP48E1_ADD/DSP/prcs_opmode_drc  File: /home/Xilinx/Vivado/2019.1/data/vhdl/src/unisims/primitive/DSP48E1.vhd
Warning: OPMODE Input Warning : The OPMODE 001XXXX with CARRYINSEL  000 to DSP48E1 instance is invalid.
Time: 9665 ns  Iteration: 14  Process: /apatb_qeic_real_sum_band_density_accumulator_top/AESL_inst_qeic_real_sum_band_density_accumulator/qeic_real_sum_band_density_accumulator_dadd_64ns_64ns_64_5_full_dsp_1_U1/qeic_real_sum_band_density_accumulator_ap_dadd_3_full_dsp_64_u/U0/i_synth/addsub_op/ADDSUB/logic_speed/OP/ALIGN_BLK/FRAC_ADDSUB/dsp_add/FRAC_ADDSUB/dsp48e1_add/DSP48E1_ADD/DSP/prcs_opmode_drc  File: /home/Xilinx/Vivado/2019.1/data/vhdl/src/unisims/primitive/DSP48E1.vhd
Warning: OPMODE Input Warning : The OPMODE 011XX11 with CARRYINSEL  000 to DSP48E1 instance is invalid.
Time: 9885100 ps  Iteration: 10  Process: /apatb_qeic_real_sum_band_density_accumulator_top/AESL_inst_qeic_real_sum_band_density_accumulator/qeic_real_sum_band_density_accumulator_dmul_64ns_64ns_64_6_max_dsp_1_U2/qeic_real_sum_band_density_accumulator_ap_dmul_4_max_dsp_64_u/U0/i_synth/mult/OP/i_non_prim/R_AND_R/logic/R_AND_R/dsp48_e1/dsp48e1_add/DSP48E1_ADD/DSP/prcs_opmode_drc  File: /home/Xilinx/Vivado/2019.1/data/vhdl/src/unisims/primitive/DSP48E1.vhd
Warning: OPMODE Input Warning : The OPMODE 001XXXX with CARRYINSEL  000 to DSP48E1 instance is invalid.
Time: 9925 ns  Iteration: 14  Process: /apatb_qeic_real_sum_band_density_accumulator_top/AESL_inst_qeic_real_sum_band_density_accumulator/qeic_real_sum_band_density_accumulator_dadd_64ns_64ns_64_5_full_dsp_1_U1/qeic_real_sum_band_density_accumulator_ap_dadd_3_full_dsp_64_u/U0/i_synth/addsub_op/ADDSUB/logic_speed/OP/ALIGN_BLK/FRAC_ADDSUB/dsp_add/FRAC_ADDSUB/dsp48e1_add/DSP48E1_ADD/DSP/prcs_opmode_drc  File: /home/Xilinx/Vivado/2019.1/data/vhdl/src/unisims/primitive/DSP48E1.vhd
Warning: OPMODE Input Warning : The OPMODE 011XX11 with CARRYINSEL  000 to DSP48E1 instance is invalid.
Time: 9995100 ps  Iteration: 10  Process: /apatb_qeic_real_sum_band_density_accumulator_top/AESL_inst_qeic_real_sum_band_density_accumulator/qeic_real_sum_band_density_accumulator_dmul_64ns_64ns_64_6_max_dsp_1_U2/qeic_real_sum_band_density_accumulator_ap_dmul_4_max_dsp_64_u/U0/i_synth/mult/OP/i_non_prim/R_AND_R/logic/R_AND_R/dsp48_e1/dsp48e1_add/DSP48E1_ADD/DSP/prcs_opmode_drc  File: /home/Xilinx/Vivado/2019.1/data/vhdl/src/unisims/primitive/DSP48E1.vhd
Warning: OPMODE Input Warning : The OPMODE 001XXXX with CARRYINSEL  000 to DSP48E1 instance is invalid.
Time: 10035 ns  Iteration: 14  Process: /apatb_qeic_real_sum_band_density_accumulator_top/AESL_inst_qeic_real_sum_band_density_accumulator/qeic_real_sum_band_density_accumulator_dadd_64ns_64ns_64_5_full_dsp_1_U1/qeic_real_sum_band_density_accumulator_ap_dadd_3_full_dsp_64_u/U0/i_synth/addsub_op/ADDSUB/logic_speed/OP/ALIGN_BLK/FRAC_ADDSUB/dsp_add/FRAC_ADDSUB/dsp48e1_add/DSP48E1_ADD/DSP/prcs_opmode_drc  File: /home/Xilinx/Vivado/2019.1/data/vhdl/src/unisims/primitive/DSP48E1.vhd
Warning: OPMODE Input Warning : The OPMODE 011XX11 with CARRYINSEL  000 to DSP48E1 instance is invalid.
Time: 10335100 ps  Iteration: 10  Process: /apatb_qeic_real_sum_band_density_accumulator_top/AESL_inst_qeic_real_sum_band_density_accumulator/qeic_real_sum_band_density_accumulator_dmul_64ns_64ns_64_6_max_dsp_1_U2/qeic_real_sum_band_density_accumulator_ap_dmul_4_max_dsp_64_u/U0/i_synth/mult/OP/i_non_prim/R_AND_R/logic/R_AND_R/dsp48_e1/dsp48e1_add/DSP48E1_ADD/DSP/prcs_opmode_drc  File: /home/Xilinx/Vivado/2019.1/data/vhdl/src/unisims/primitive/DSP48E1.vhd
Warning: OPMODE Input Warning : The OPMODE 001XXXX with CARRYINSEL  000 to DSP48E1 instance is invalid.
Time: 10375 ns  Iteration: 14  Process: /apatb_qeic_real_sum_band_density_accumulator_top/AESL_inst_qeic_real_sum_band_density_accumulator/qeic_real_sum_band_density_accumulator_dadd_64ns_64ns_64_5_full_dsp_1_U1/qeic_real_sum_band_density_accumulator_ap_dadd_3_full_dsp_64_u/U0/i_synth/addsub_op/ADDSUB/logic_speed/OP/ALIGN_BLK/FRAC_ADDSUB/dsp_add/FRAC_ADDSUB/dsp48e1_add/DSP48E1_ADD/DSP/prcs_opmode_drc  File: /home/Xilinx/Vivado/2019.1/data/vhdl/src/unisims/primitive/DSP48E1.vhd
Warning: OPMODE Input Warning : The OPMODE 011XX11 with CARRYINSEL  000 to DSP48E1 instance is invalid.
Time: 10445100 ps  Iteration: 10  Process: /apatb_qeic_real_sum_band_density_accumulator_top/AESL_inst_qeic_real_sum_band_density_accumulator/qeic_real_sum_band_density_accumulator_dmul_64ns_64ns_64_6_max_dsp_1_U2/qeic_real_sum_band_density_accumulator_ap_dmul_4_max_dsp_64_u/U0/i_synth/mult/OP/i_non_prim/R_AND_R/logic/R_AND_R/dsp48_e1/dsp48e1_add/DSP48E1_ADD/DSP/prcs_opmode_drc  File: /home/Xilinx/Vivado/2019.1/data/vhdl/src/unisims/primitive/DSP48E1.vhd
Warning: OPMODE Input Warning : The OPMODE 001XXXX with CARRYINSEL  000 to DSP48E1 instance is invalid.
Time: 10485 ns  Iteration: 16  Process: /apatb_qeic_real_sum_band_density_accumulator_top/AESL_inst_qeic_real_sum_band_density_accumulator/qeic_real_sum_band_density_accumulator_dadd_64ns_64ns_64_5_full_dsp_1_U1/qeic_real_sum_band_density_accumulator_ap_dadd_3_full_dsp_64_u/U0/i_synth/addsub_op/ADDSUB/logic_speed/OP/ALIGN_BLK/FRAC_ADDSUB/dsp_add/FRAC_ADDSUB/dsp48e1_add/DSP48E1_ADD/DSP/prcs_opmode_drc  File: /home/Xilinx/Vivado/2019.1/data/vhdl/src/unisims/primitive/DSP48E1.vhd
Warning: OPMODE Input Warning : The OPMODE 011XX11 with CARRYINSEL  000 to DSP48E1 instance is invalid.
Time: 10705100 ps  Iteration: 10  Process: /apatb_qeic_real_sum_band_density_accumulator_top/AESL_inst_qeic_real_sum_band_density_accumulator/qeic_real_sum_band_density_accumulator_dmul_64ns_64ns_64_6_max_dsp_1_U2/qeic_real_sum_band_density_accumulator_ap_dmul_4_max_dsp_64_u/U0/i_synth/mult/OP/i_non_prim/R_AND_R/logic/R_AND_R/dsp48_e1/dsp48e1_add/DSP48E1_ADD/DSP/prcs_opmode_drc  File: /home/Xilinx/Vivado/2019.1/data/vhdl/src/unisims/primitive/DSP48E1.vhd
Warning: OPMODE Input Warning : The OPMODE 001XXXX with CARRYINSEL  000 to DSP48E1 instance is invalid.
Time: 10745 ns  Iteration: 14  Process: /apatb_qeic_real_sum_band_density_accumulator_top/AESL_inst_qeic_real_sum_band_density_accumulator/qeic_real_sum_band_density_accumulator_dadd_64ns_64ns_64_5_full_dsp_1_U1/qeic_real_sum_band_density_accumulator_ap_dadd_3_full_dsp_64_u/U0/i_synth/addsub_op/ADDSUB/logic_speed/OP/ALIGN_BLK/FRAC_ADDSUB/dsp_add/FRAC_ADDSUB/dsp48e1_add/DSP48E1_ADD/DSP/prcs_opmode_drc  File: /home/Xilinx/Vivado/2019.1/data/vhdl/src/unisims/primitive/DSP48E1.vhd
Warning: OPMODE Input Warning : The OPMODE 011XX11 with CARRYINSEL  000 to DSP48E1 instance is invalid.
Time: 10815100 ps  Iteration: 10  Process: /apatb_qeic_real_sum_band_density_accumulator_top/AESL_inst_qeic_real_sum_band_density_accumulator/qeic_real_sum_band_density_accumulator_dmul_64ns_64ns_64_6_max_dsp_1_U2/qeic_real_sum_band_density_accumulator_ap_dmul_4_max_dsp_64_u/U0/i_synth/mult/OP/i_non_prim/R_AND_R/logic/R_AND_R/dsp48_e1/dsp48e1_add/DSP48E1_ADD/DSP/prcs_opmode_drc  File: /home/Xilinx/Vivado/2019.1/data/vhdl/src/unisims/primitive/DSP48E1.vhd
Warning: OPMODE Input Warning : The OPMODE 001XXXX with CARRYINSEL  000 to DSP48E1 instance is invalid.
Time: 10855 ns  Iteration: 14  Process: /apatb_qeic_real_sum_band_density_accumulator_top/AESL_inst_qeic_real_sum_band_density_accumulator/qeic_real_sum_band_density_accumulator_dadd_64ns_64ns_64_5_full_dsp_1_U1/qeic_real_sum_band_density_accumulator_ap_dadd_3_full_dsp_64_u/U0/i_synth/addsub_op/ADDSUB/logic_speed/OP/ALIGN_BLK/FRAC_ADDSUB/dsp_add/FRAC_ADDSUB/dsp48e1_add/DSP48E1_ADD/DSP/prcs_opmode_drc  File: /home/Xilinx/Vivado/2019.1/data/vhdl/src/unisims/primitive/DSP48E1.vhd
Warning: OPMODE Input Warning : The OPMODE 011XX11 with CARRYINSEL  000 to DSP48E1 instance is invalid.
Time: 11075100 ps  Iteration: 10  Process: /apatb_qeic_real_sum_band_density_accumulator_top/AESL_inst_qeic_real_sum_band_density_accumulator/qeic_real_sum_band_density_accumulator_dmul_64ns_64ns_64_6_max_dsp_1_U2/qeic_real_sum_band_density_accumulator_ap_dmul_4_max_dsp_64_u/U0/i_synth/mult/OP/i_non_prim/R_AND_R/logic/R_AND_R/dsp48_e1/dsp48e1_add/DSP48E1_ADD/DSP/prcs_opmode_drc  File: /home/Xilinx/Vivado/2019.1/data/vhdl/src/unisims/primitive/DSP48E1.vhd
Warning: OPMODE Input Warning : The OPMODE 001XXXX with CARRYINSEL  000 to DSP48E1 instance is invalid.
Time: 11115 ns  Iteration: 14  Process: /apatb_qeic_real_sum_band_density_accumulator_top/AESL_inst_qeic_real_sum_band_density_accumulator/qeic_real_sum_band_density_accumulator_dadd_64ns_64ns_64_5_full_dsp_1_U1/qeic_real_sum_band_density_accumulator_ap_dadd_3_full_dsp_64_u/U0/i_synth/addsub_op/ADDSUB/logic_speed/OP/ALIGN_BLK/FRAC_ADDSUB/dsp_add/FRAC_ADDSUB/dsp48e1_add/DSP48E1_ADD/DSP/prcs_opmode_drc  File: /home/Xilinx/Vivado/2019.1/data/vhdl/src/unisims/primitive/DSP48E1.vhd
Warning: OPMODE Input Warning : The OPMODE 011XX11 with CARRYINSEL  000 to DSP48E1 instance is invalid.
Time: 11185100 ps  Iteration: 10  Process: /apatb_qeic_real_sum_band_density_accumulator_top/AESL_inst_qeic_real_sum_band_density_accumulator/qeic_real_sum_band_density_accumulator_dmul_64ns_64ns_64_6_max_dsp_1_U2/qeic_real_sum_band_density_accumulator_ap_dmul_4_max_dsp_64_u/U0/i_synth/mult/OP/i_non_prim/R_AND_R/logic/R_AND_R/dsp48_e1/dsp48e1_add/DSP48E1_ADD/DSP/prcs_opmode_drc  File: /home/Xilinx/Vivado/2019.1/data/vhdl/src/unisims/primitive/DSP48E1.vhd
Warning: OPMODE Input Warning : The OPMODE 001XXXX with CARRYINSEL  000 to DSP48E1 instance is invalid.
Time: 11225 ns  Iteration: 14  Process: /apatb_qeic_real_sum_band_density_accumulator_top/AESL_inst_qeic_real_sum_band_density_accumulator/qeic_real_sum_band_density_accumulator_dadd_64ns_64ns_64_5_full_dsp_1_U1/qeic_real_sum_band_density_accumulator_ap_dadd_3_full_dsp_64_u/U0/i_synth/addsub_op/ADDSUB/logic_speed/OP/ALIGN_BLK/FRAC_ADDSUB/dsp_add/FRAC_ADDSUB/dsp48e1_add/DSP48E1_ADD/DSP/prcs_opmode_drc  File: /home/Xilinx/Vivado/2019.1/data/vhdl/src/unisims/primitive/DSP48E1.vhd
Warning: OPMODE Input Warning : The OPMODE 011XX11 with CARRYINSEL  000 to DSP48E1 instance is invalid.
Time: 11445100 ps  Iteration: 10  Process: /apatb_qeic_real_sum_band_density_accumulator_top/AESL_inst_qeic_real_sum_band_density_accumulator/qeic_real_sum_band_density_accumulator_dmul_64ns_64ns_64_6_max_dsp_1_U2/qeic_real_sum_band_density_accumulator_ap_dmul_4_max_dsp_64_u/U0/i_synth/mult/OP/i_non_prim/R_AND_R/logic/R_AND_R/dsp48_e1/dsp48e1_add/DSP48E1_ADD/DSP/prcs_opmode_drc  File: /home/Xilinx/Vivado/2019.1/data/vhdl/src/unisims/primitive/DSP48E1.vhd
Warning: OPMODE Input Warning : The OPMODE 001XXXX with CARRYINSEL  000 to DSP48E1 instance is invalid.
Time: 11485 ns  Iteration: 14  Process: /apatb_qeic_real_sum_band_density_accumulator_top/AESL_inst_qeic_real_sum_band_density_accumulator/qeic_real_sum_band_density_accumulator_dadd_64ns_64ns_64_5_full_dsp_1_U1/qeic_real_sum_band_density_accumulator_ap_dadd_3_full_dsp_64_u/U0/i_synth/addsub_op/ADDSUB/logic_speed/OP/ALIGN_BLK/FRAC_ADDSUB/dsp_add/FRAC_ADDSUB/dsp48e1_add/DSP48E1_ADD/DSP/prcs_opmode_drc  File: /home/Xilinx/Vivado/2019.1/data/vhdl/src/unisims/primitive/DSP48E1.vhd
Warning: OPMODE Input Warning : The OPMODE 011XX11 with CARRYINSEL  000 to DSP48E1 instance is invalid.
Time: 11555100 ps  Iteration: 10  Process: /apatb_qeic_real_sum_band_density_accumulator_top/AESL_inst_qeic_real_sum_band_density_accumulator/qeic_real_sum_band_density_accumulator_dmul_64ns_64ns_64_6_max_dsp_1_U2/qeic_real_sum_band_density_accumulator_ap_dmul_4_max_dsp_64_u/U0/i_synth/mult/OP/i_non_prim/R_AND_R/logic/R_AND_R/dsp48_e1/dsp48e1_add/DSP48E1_ADD/DSP/prcs_opmode_drc  File: /home/Xilinx/Vivado/2019.1/data/vhdl/src/unisims/primitive/DSP48E1.vhd
Warning: OPMODE Input Warning : The OPMODE 001XXXX with CARRYINSEL  000 to DSP48E1 instance is invalid.
Time: 11595 ns  Iteration: 14  Process: /apatb_qeic_real_sum_band_density_accumulator_top/AESL_inst_qeic_real_sum_band_density_accumulator/qeic_real_sum_band_density_accumulator_dadd_64ns_64ns_64_5_full_dsp_1_U1/qeic_real_sum_band_density_accumulator_ap_dadd_3_full_dsp_64_u/U0/i_synth/addsub_op/ADDSUB/logic_speed/OP/ALIGN_BLK/FRAC_ADDSUB/dsp_add/FRAC_ADDSUB/dsp48e1_add/DSP48E1_ADD/DSP/prcs_opmode_drc  File: /home/Xilinx/Vivado/2019.1/data/vhdl/src/unisims/primitive/DSP48E1.vhd
Warning: OPMODE Input Warning : The OPMODE 011XX11 with CARRYINSEL  000 to DSP48E1 instance is invalid.
Time: 11895100 ps  Iteration: 10  Process: /apatb_qeic_real_sum_band_density_accumulator_top/AESL_inst_qeic_real_sum_band_density_accumulator/qeic_real_sum_band_density_accumulator_dmul_64ns_64ns_64_6_max_dsp_1_U2/qeic_real_sum_band_density_accumulator_ap_dmul_4_max_dsp_64_u/U0/i_synth/mult/OP/i_non_prim/R_AND_R/logic/R_AND_R/dsp48_e1/dsp48e1_add/DSP48E1_ADD/DSP/prcs_opmode_drc  File: /home/Xilinx/Vivado/2019.1/data/vhdl/src/unisims/primitive/DSP48E1.vhd
Warning: OPMODE Input Warning : The OPMODE 001XXXX with CARRYINSEL  000 to DSP48E1 instance is invalid.
Time: 11935 ns  Iteration: 14  Process: /apatb_qeic_real_sum_band_density_accumulator_top/AESL_inst_qeic_real_sum_band_density_accumulator/qeic_real_sum_band_density_accumulator_dadd_64ns_64ns_64_5_full_dsp_1_U1/qeic_real_sum_band_density_accumulator_ap_dadd_3_full_dsp_64_u/U0/i_synth/addsub_op/ADDSUB/logic_speed/OP/ALIGN_BLK/FRAC_ADDSUB/dsp_add/FRAC_ADDSUB/dsp48e1_add/DSP48E1_ADD/DSP/prcs_opmode_drc  File: /home/Xilinx/Vivado/2019.1/data/vhdl/src/unisims/primitive/DSP48E1.vhd
Warning: OPMODE Input Warning : The OPMODE 011XX11 with CARRYINSEL  000 to DSP48E1 instance is invalid.
Time: 12005100 ps  Iteration: 10  Process: /apatb_qeic_real_sum_band_density_accumulator_top/AESL_inst_qeic_real_sum_band_density_accumulator/qeic_real_sum_band_density_accumulator_dmul_64ns_64ns_64_6_max_dsp_1_U2/qeic_real_sum_band_density_accumulator_ap_dmul_4_max_dsp_64_u/U0/i_synth/mult/OP/i_non_prim/R_AND_R/logic/R_AND_R/dsp48_e1/dsp48e1_add/DSP48E1_ADD/DSP/prcs_opmode_drc  File: /home/Xilinx/Vivado/2019.1/data/vhdl/src/unisims/primitive/DSP48E1.vhd
Warning: OPMODE Input Warning : The OPMODE 001XXXX with CARRYINSEL  000 to DSP48E1 instance is invalid.
Time: 12045 ns  Iteration: 16  Process: /apatb_qeic_real_sum_band_density_accumulator_top/AESL_inst_qeic_real_sum_band_density_accumulator/qeic_real_sum_band_density_accumulator_dadd_64ns_64ns_64_5_full_dsp_1_U1/qeic_real_sum_band_density_accumulator_ap_dadd_3_full_dsp_64_u/U0/i_synth/addsub_op/ADDSUB/logic_speed/OP/ALIGN_BLK/FRAC_ADDSUB/dsp_add/FRAC_ADDSUB/dsp48e1_add/DSP48E1_ADD/DSP/prcs_opmode_drc  File: /home/Xilinx/Vivado/2019.1/data/vhdl/src/unisims/primitive/DSP48E1.vhd
Warning: OPMODE Input Warning : The OPMODE 011XX11 with CARRYINSEL  000 to DSP48E1 instance is invalid.
Time: 12265100 ps  Iteration: 10  Process: /apatb_qeic_real_sum_band_density_accumulator_top/AESL_inst_qeic_real_sum_band_density_accumulator/qeic_real_sum_band_density_accumulator_dmul_64ns_64ns_64_6_max_dsp_1_U2/qeic_real_sum_band_density_accumulator_ap_dmul_4_max_dsp_64_u/U0/i_synth/mult/OP/i_non_prim/R_AND_R/logic/R_AND_R/dsp48_e1/dsp48e1_add/DSP48E1_ADD/DSP/prcs_opmode_drc  File: /home/Xilinx/Vivado/2019.1/data/vhdl/src/unisims/primitive/DSP48E1.vhd
Warning: OPMODE Input Warning : The OPMODE 001XXXX with CARRYINSEL  000 to DSP48E1 instance is invalid.
Time: 12305 ns  Iteration: 14  Process: /apatb_qeic_real_sum_band_density_accumulator_top/AESL_inst_qeic_real_sum_band_density_accumulator/qeic_real_sum_band_density_accumulator_dadd_64ns_64ns_64_5_full_dsp_1_U1/qeic_real_sum_band_density_accumulator_ap_dadd_3_full_dsp_64_u/U0/i_synth/addsub_op/ADDSUB/logic_speed/OP/ALIGN_BLK/FRAC_ADDSUB/dsp_add/FRAC_ADDSUB/dsp48e1_add/DSP48E1_ADD/DSP/prcs_opmode_drc  File: /home/Xilinx/Vivado/2019.1/data/vhdl/src/unisims/primitive/DSP48E1.vhd
Warning: OPMODE Input Warning : The OPMODE 011XX11 with CARRYINSEL  000 to DSP48E1 instance is invalid.
Time: 12375100 ps  Iteration: 10  Process: /apatb_qeic_real_sum_band_density_accumulator_top/AESL_inst_qeic_real_sum_band_density_accumulator/qeic_real_sum_band_density_accumulator_dmul_64ns_64ns_64_6_max_dsp_1_U2/qeic_real_sum_band_density_accumulator_ap_dmul_4_max_dsp_64_u/U0/i_synth/mult/OP/i_non_prim/R_AND_R/logic/R_AND_R/dsp48_e1/dsp48e1_add/DSP48E1_ADD/DSP/prcs_opmode_drc  File: /home/Xilinx/Vivado/2019.1/data/vhdl/src/unisims/primitive/DSP48E1.vhd
Warning: OPMODE Input Warning : The OPMODE 001XXXX with CARRYINSEL  000 to DSP48E1 instance is invalid.
Time: 12415 ns  Iteration: 14  Process: /apatb_qeic_real_sum_band_density_accumulator_top/AESL_inst_qeic_real_sum_band_density_accumulator/qeic_real_sum_band_density_accumulator_dadd_64ns_64ns_64_5_full_dsp_1_U1/qeic_real_sum_band_density_accumulator_ap_dadd_3_full_dsp_64_u/U0/i_synth/addsub_op/ADDSUB/logic_speed/OP/ALIGN_BLK/FRAC_ADDSUB/dsp_add/FRAC_ADDSUB/dsp48e1_add/DSP48E1_ADD/DSP/prcs_opmode_drc  File: /home/Xilinx/Vivado/2019.1/data/vhdl/src/unisims/primitive/DSP48E1.vhd
Warning: OPMODE Input Warning : The OPMODE 011XX11 with CARRYINSEL  000 to DSP48E1 instance is invalid.
Time: 12635100 ps  Iteration: 10  Process: /apatb_qeic_real_sum_band_density_accumulator_top/AESL_inst_qeic_real_sum_band_density_accumulator/qeic_real_sum_band_density_accumulator_dmul_64ns_64ns_64_6_max_dsp_1_U2/qeic_real_sum_band_density_accumulator_ap_dmul_4_max_dsp_64_u/U0/i_synth/mult/OP/i_non_prim/R_AND_R/logic/R_AND_R/dsp48_e1/dsp48e1_add/DSP48E1_ADD/DSP/prcs_opmode_drc  File: /home/Xilinx/Vivado/2019.1/data/vhdl/src/unisims/primitive/DSP48E1.vhd
Warning: OPMODE Input Warning : The OPMODE 001XXXX with CARRYINSEL  000 to DSP48E1 instance is invalid.
Time: 12675 ns  Iteration: 14  Process: /apatb_qeic_real_sum_band_density_accumulator_top/AESL_inst_qeic_real_sum_band_density_accumulator/qeic_real_sum_band_density_accumulator_dadd_64ns_64ns_64_5_full_dsp_1_U1/qeic_real_sum_band_density_accumulator_ap_dadd_3_full_dsp_64_u/U0/i_synth/addsub_op/ADDSUB/logic_speed/OP/ALIGN_BLK/FRAC_ADDSUB/dsp_add/FRAC_ADDSUB/dsp48e1_add/DSP48E1_ADD/DSP/prcs_opmode_drc  File: /home/Xilinx/Vivado/2019.1/data/vhdl/src/unisims/primitive/DSP48E1.vhd
Warning: OPMODE Input Warning : The OPMODE 011XX11 with CARRYINSEL  000 to DSP48E1 instance is invalid.
Time: 12745100 ps  Iteration: 10  Process: /apatb_qeic_real_sum_band_density_accumulator_top/AESL_inst_qeic_real_sum_band_density_accumulator/qeic_real_sum_band_density_accumulator_dmul_64ns_64ns_64_6_max_dsp_1_U2/qeic_real_sum_band_density_accumulator_ap_dmul_4_max_dsp_64_u/U0/i_synth/mult/OP/i_non_prim/R_AND_R/logic/R_AND_R/dsp48_e1/dsp48e1_add/DSP48E1_ADD/DSP/prcs_opmode_drc  File: /home/Xilinx/Vivado/2019.1/data/vhdl/src/unisims/primitive/DSP48E1.vhd
Warning: OPMODE Input Warning : The OPMODE 001XXXX with CARRYINSEL  000 to DSP48E1 instance is invalid.
Time: 12785 ns  Iteration: 14  Process: /apatb_qeic_real_sum_band_density_accumulator_top/AESL_inst_qeic_real_sum_band_density_accumulator/qeic_real_sum_band_density_accumulator_dadd_64ns_64ns_64_5_full_dsp_1_U1/qeic_real_sum_band_density_accumulator_ap_dadd_3_full_dsp_64_u/U0/i_synth/addsub_op/ADDSUB/logic_speed/OP/ALIGN_BLK/FRAC_ADDSUB/dsp_add/FRAC_ADDSUB/dsp48e1_add/DSP48E1_ADD/DSP/prcs_opmode_drc  File: /home/Xilinx/Vivado/2019.1/data/vhdl/src/unisims/primitive/DSP48E1.vhd
Warning: OPMODE Input Warning : The OPMODE 011XX11 with CARRYINSEL  000 to DSP48E1 instance is invalid.
Time: 13005100 ps  Iteration: 10  Process: /apatb_qeic_real_sum_band_density_accumulator_top/AESL_inst_qeic_real_sum_band_density_accumulator/qeic_real_sum_band_density_accumulator_dmul_64ns_64ns_64_6_max_dsp_1_U2/qeic_real_sum_band_density_accumulator_ap_dmul_4_max_dsp_64_u/U0/i_synth/mult/OP/i_non_prim/R_AND_R/logic/R_AND_R/dsp48_e1/dsp48e1_add/DSP48E1_ADD/DSP/prcs_opmode_drc  File: /home/Xilinx/Vivado/2019.1/data/vhdl/src/unisims/primitive/DSP48E1.vhd
Warning: OPMODE Input Warning : The OPMODE 001XXXX with CARRYINSEL  000 to DSP48E1 instance is invalid.
Time: 13045 ns  Iteration: 14  Process: /apatb_qeic_real_sum_band_density_accumulator_top/AESL_inst_qeic_real_sum_band_density_accumulator/qeic_real_sum_band_density_accumulator_dadd_64ns_64ns_64_5_full_dsp_1_U1/qeic_real_sum_band_density_accumulator_ap_dadd_3_full_dsp_64_u/U0/i_synth/addsub_op/ADDSUB/logic_speed/OP/ALIGN_BLK/FRAC_ADDSUB/dsp_add/FRAC_ADDSUB/dsp48e1_add/DSP48E1_ADD/DSP/prcs_opmode_drc  File: /home/Xilinx/Vivado/2019.1/data/vhdl/src/unisims/primitive/DSP48E1.vhd
Warning: OPMODE Input Warning : The OPMODE 011XX11 with CARRYINSEL  000 to DSP48E1 instance is invalid.
Time: 13115100 ps  Iteration: 10  Process: /apatb_qeic_real_sum_band_density_accumulator_top/AESL_inst_qeic_real_sum_band_density_accumulator/qeic_real_sum_band_density_accumulator_dmul_64ns_64ns_64_6_max_dsp_1_U2/qeic_real_sum_band_density_accumulator_ap_dmul_4_max_dsp_64_u/U0/i_synth/mult/OP/i_non_prim/R_AND_R/logic/R_AND_R/dsp48_e1/dsp48e1_add/DSP48E1_ADD/DSP/prcs_opmode_drc  File: /home/Xilinx/Vivado/2019.1/data/vhdl/src/unisims/primitive/DSP48E1.vhd
Warning: OPMODE Input Warning : The OPMODE 001XXXX with CARRYINSEL  000 to DSP48E1 instance is invalid.
Time: 13155 ns  Iteration: 14  Process: /apatb_qeic_real_sum_band_density_accumulator_top/AESL_inst_qeic_real_sum_band_density_accumulator/qeic_real_sum_band_density_accumulator_dadd_64ns_64ns_64_5_full_dsp_1_U1/qeic_real_sum_band_density_accumulator_ap_dadd_3_full_dsp_64_u/U0/i_synth/addsub_op/ADDSUB/logic_speed/OP/ALIGN_BLK/FRAC_ADDSUB/dsp_add/FRAC_ADDSUB/dsp48e1_add/DSP48E1_ADD/DSP/prcs_opmode_drc  File: /home/Xilinx/Vivado/2019.1/data/vhdl/src/unisims/primitive/DSP48E1.vhd
Warning: OPMODE Input Warning : The OPMODE 011XX11 with CARRYINSEL  000 to DSP48E1 instance is invalid.
Time: 13455100 ps  Iteration: 10  Process: /apatb_qeic_real_sum_band_density_accumulator_top/AESL_inst_qeic_real_sum_band_density_accumulator/qeic_real_sum_band_density_accumulator_dmul_64ns_64ns_64_6_max_dsp_1_U2/qeic_real_sum_band_density_accumulator_ap_dmul_4_max_dsp_64_u/U0/i_synth/mult/OP/i_non_prim/R_AND_R/logic/R_AND_R/dsp48_e1/dsp48e1_add/DSP48E1_ADD/DSP/prcs_opmode_drc  File: /home/Xilinx/Vivado/2019.1/data/vhdl/src/unisims/primitive/DSP48E1.vhd
Warning: OPMODE Input Warning : The OPMODE 001XXXX with CARRYINSEL  000 to DSP48E1 instance is invalid.
Time: 13495 ns  Iteration: 14  Process: /apatb_qeic_real_sum_band_density_accumulator_top/AESL_inst_qeic_real_sum_band_density_accumulator/qeic_real_sum_band_density_accumulator_dadd_64ns_64ns_64_5_full_dsp_1_U1/qeic_real_sum_band_density_accumulator_ap_dadd_3_full_dsp_64_u/U0/i_synth/addsub_op/ADDSUB/logic_speed/OP/ALIGN_BLK/FRAC_ADDSUB/dsp_add/FRAC_ADDSUB/dsp48e1_add/DSP48E1_ADD/DSP/prcs_opmode_drc  File: /home/Xilinx/Vivado/2019.1/data/vhdl/src/unisims/primitive/DSP48E1.vhd
Warning: OPMODE Input Warning : The OPMODE 011XX11 with CARRYINSEL  000 to DSP48E1 instance is invalid.
Time: 13565100 ps  Iteration: 10  Process: /apatb_qeic_real_sum_band_density_accumulator_top/AESL_inst_qeic_real_sum_band_density_accumulator/qeic_real_sum_band_density_accumulator_dmul_64ns_64ns_64_6_max_dsp_1_U2/qeic_real_sum_band_density_accumulator_ap_dmul_4_max_dsp_64_u/U0/i_synth/mult/OP/i_non_prim/R_AND_R/logic/R_AND_R/dsp48_e1/dsp48e1_add/DSP48E1_ADD/DSP/prcs_opmode_drc  File: /home/Xilinx/Vivado/2019.1/data/vhdl/src/unisims/primitive/DSP48E1.vhd
Warning: OPMODE Input Warning : The OPMODE 001XXXX with CARRYINSEL  000 to DSP48E1 instance is invalid.
Time: 13605 ns  Iteration: 16  Process: /apatb_qeic_real_sum_band_density_accumulator_top/AESL_inst_qeic_real_sum_band_density_accumulator/qeic_real_sum_band_density_accumulator_dadd_64ns_64ns_64_5_full_dsp_1_U1/qeic_real_sum_band_density_accumulator_ap_dadd_3_full_dsp_64_u/U0/i_synth/addsub_op/ADDSUB/logic_speed/OP/ALIGN_BLK/FRAC_ADDSUB/dsp_add/FRAC_ADDSUB/dsp48e1_add/DSP48E1_ADD/DSP/prcs_opmode_drc  File: /home/Xilinx/Vivado/2019.1/data/vhdl/src/unisims/primitive/DSP48E1.vhd
Warning: OPMODE Input Warning : The OPMODE 011XX11 with CARRYINSEL  000 to DSP48E1 instance is invalid.
Time: 13825100 ps  Iteration: 10  Process: /apatb_qeic_real_sum_band_density_accumulator_top/AESL_inst_qeic_real_sum_band_density_accumulator/qeic_real_sum_band_density_accumulator_dmul_64ns_64ns_64_6_max_dsp_1_U2/qeic_real_sum_band_density_accumulator_ap_dmul_4_max_dsp_64_u/U0/i_synth/mult/OP/i_non_prim/R_AND_R/logic/R_AND_R/dsp48_e1/dsp48e1_add/DSP48E1_ADD/DSP/prcs_opmode_drc  File: /home/Xilinx/Vivado/2019.1/data/vhdl/src/unisims/primitive/DSP48E1.vhd
Warning: OPMODE Input Warning : The OPMODE 001XXXX with CARRYINSEL  000 to DSP48E1 instance is invalid.
Time: 13865 ns  Iteration: 14  Process: /apatb_qeic_real_sum_band_density_accumulator_top/AESL_inst_qeic_real_sum_band_density_accumulator/qeic_real_sum_band_density_accumulator_dadd_64ns_64ns_64_5_full_dsp_1_U1/qeic_real_sum_band_density_accumulator_ap_dadd_3_full_dsp_64_u/U0/i_synth/addsub_op/ADDSUB/logic_speed/OP/ALIGN_BLK/FRAC_ADDSUB/dsp_add/FRAC_ADDSUB/dsp48e1_add/DSP48E1_ADD/DSP/prcs_opmode_drc  File: /home/Xilinx/Vivado/2019.1/data/vhdl/src/unisims/primitive/DSP48E1.vhd
Warning: OPMODE Input Warning : The OPMODE 011XX11 with CARRYINSEL  000 to DSP48E1 instance is invalid.
Time: 13935100 ps  Iteration: 10  Process: /apatb_qeic_real_sum_band_density_accumulator_top/AESL_inst_qeic_real_sum_band_density_accumulator/qeic_real_sum_band_density_accumulator_dmul_64ns_64ns_64_6_max_dsp_1_U2/qeic_real_sum_band_density_accumulator_ap_dmul_4_max_dsp_64_u/U0/i_synth/mult/OP/i_non_prim/R_AND_R/logic/R_AND_R/dsp48_e1/dsp48e1_add/DSP48E1_ADD/DSP/prcs_opmode_drc  File: /home/Xilinx/Vivado/2019.1/data/vhdl/src/unisims/primitive/DSP48E1.vhd
Warning: OPMODE Input Warning : The OPMODE 001XXXX with CARRYINSEL  000 to DSP48E1 instance is invalid.
Time: 13975 ns  Iteration: 14  Process: /apatb_qeic_real_sum_band_density_accumulator_top/AESL_inst_qeic_real_sum_band_density_accumulator/qeic_real_sum_band_density_accumulator_dadd_64ns_64ns_64_5_full_dsp_1_U1/qeic_real_sum_band_density_accumulator_ap_dadd_3_full_dsp_64_u/U0/i_synth/addsub_op/ADDSUB/logic_speed/OP/ALIGN_BLK/FRAC_ADDSUB/dsp_add/FRAC_ADDSUB/dsp48e1_add/DSP48E1_ADD/DSP/prcs_opmode_drc  File: /home/Xilinx/Vivado/2019.1/data/vhdl/src/unisims/primitive/DSP48E1.vhd
Warning: OPMODE Input Warning : The OPMODE 011XX11 with CARRYINSEL  000 to DSP48E1 instance is invalid.
Time: 14195100 ps  Iteration: 10  Process: /apatb_qeic_real_sum_band_density_accumulator_top/AESL_inst_qeic_real_sum_band_density_accumulator/qeic_real_sum_band_density_accumulator_dmul_64ns_64ns_64_6_max_dsp_1_U2/qeic_real_sum_band_density_accumulator_ap_dmul_4_max_dsp_64_u/U0/i_synth/mult/OP/i_non_prim/R_AND_R/logic/R_AND_R/dsp48_e1/dsp48e1_add/DSP48E1_ADD/DSP/prcs_opmode_drc  File: /home/Xilinx/Vivado/2019.1/data/vhdl/src/unisims/primitive/DSP48E1.vhd
Warning: OPMODE Input Warning : The OPMODE 001XXXX with CARRYINSEL  000 to DSP48E1 instance is invalid.
Time: 14235 ns  Iteration: 14  Process: /apatb_qeic_real_sum_band_density_accumulator_top/AESL_inst_qeic_real_sum_band_density_accumulator/qeic_real_sum_band_density_accumulator_dadd_64ns_64ns_64_5_full_dsp_1_U1/qeic_real_sum_band_density_accumulator_ap_dadd_3_full_dsp_64_u/U0/i_synth/addsub_op/ADDSUB/logic_speed/OP/ALIGN_BLK/FRAC_ADDSUB/dsp_add/FRAC_ADDSUB/dsp48e1_add/DSP48E1_ADD/DSP/prcs_opmode_drc  File: /home/Xilinx/Vivado/2019.1/data/vhdl/src/unisims/primitive/DSP48E1.vhd
Warning: OPMODE Input Warning : The OPMODE 011XX11 with CARRYINSEL  000 to DSP48E1 instance is invalid.
Time: 14305100 ps  Iteration: 10  Process: /apatb_qeic_real_sum_band_density_accumulator_top/AESL_inst_qeic_real_sum_band_density_accumulator/qeic_real_sum_band_density_accumulator_dmul_64ns_64ns_64_6_max_dsp_1_U2/qeic_real_sum_band_density_accumulator_ap_dmul_4_max_dsp_64_u/U0/i_synth/mult/OP/i_non_prim/R_AND_R/logic/R_AND_R/dsp48_e1/dsp48e1_add/DSP48E1_ADD/DSP/prcs_opmode_drc  File: /home/Xilinx/Vivado/2019.1/data/vhdl/src/unisims/primitive/DSP48E1.vhd
Warning: OPMODE Input Warning : The OPMODE 001XXXX with CARRYINSEL  000 to DSP48E1 instance is invalid.
Time: 14345 ns  Iteration: 14  Process: /apatb_qeic_real_sum_band_density_accumulator_top/AESL_inst_qeic_real_sum_band_density_accumulator/qeic_real_sum_band_density_accumulator_dadd_64ns_64ns_64_5_full_dsp_1_U1/qeic_real_sum_band_density_accumulator_ap_dadd_3_full_dsp_64_u/U0/i_synth/addsub_op/ADDSUB/logic_speed/OP/ALIGN_BLK/FRAC_ADDSUB/dsp_add/FRAC_ADDSUB/dsp48e1_add/DSP48E1_ADD/DSP/prcs_opmode_drc  File: /home/Xilinx/Vivado/2019.1/data/vhdl/src/unisims/primitive/DSP48E1.vhd
Warning: OPMODE Input Warning : The OPMODE 011XX11 with CARRYINSEL  000 to DSP48E1 instance is invalid.
Time: 14565100 ps  Iteration: 10  Process: /apatb_qeic_real_sum_band_density_accumulator_top/AESL_inst_qeic_real_sum_band_density_accumulator/qeic_real_sum_band_density_accumulator_dmul_64ns_64ns_64_6_max_dsp_1_U2/qeic_real_sum_band_density_accumulator_ap_dmul_4_max_dsp_64_u/U0/i_synth/mult/OP/i_non_prim/R_AND_R/logic/R_AND_R/dsp48_e1/dsp48e1_add/DSP48E1_ADD/DSP/prcs_opmode_drc  File: /home/Xilinx/Vivado/2019.1/data/vhdl/src/unisims/primitive/DSP48E1.vhd
Warning: OPMODE Input Warning : The OPMODE 001XXXX with CARRYINSEL  000 to DSP48E1 instance is invalid.
Time: 14605 ns  Iteration: 14  Process: /apatb_qeic_real_sum_band_density_accumulator_top/AESL_inst_qeic_real_sum_band_density_accumulator/qeic_real_sum_band_density_accumulator_dadd_64ns_64ns_64_5_full_dsp_1_U1/qeic_real_sum_band_density_accumulator_ap_dadd_3_full_dsp_64_u/U0/i_synth/addsub_op/ADDSUB/logic_speed/OP/ALIGN_BLK/FRAC_ADDSUB/dsp_add/FRAC_ADDSUB/dsp48e1_add/DSP48E1_ADD/DSP/prcs_opmode_drc  File: /home/Xilinx/Vivado/2019.1/data/vhdl/src/unisims/primitive/DSP48E1.vhd
Warning: OPMODE Input Warning : The OPMODE 011XX11 with CARRYINSEL  000 to DSP48E1 instance is invalid.
Time: 14675100 ps  Iteration: 10  Process: /apatb_qeic_real_sum_band_density_accumulator_top/AESL_inst_qeic_real_sum_band_density_accumulator/qeic_real_sum_band_density_accumulator_dmul_64ns_64ns_64_6_max_dsp_1_U2/qeic_real_sum_band_density_accumulator_ap_dmul_4_max_dsp_64_u/U0/i_synth/mult/OP/i_non_prim/R_AND_R/logic/R_AND_R/dsp48_e1/dsp48e1_add/DSP48E1_ADD/DSP/prcs_opmode_drc  File: /home/Xilinx/Vivado/2019.1/data/vhdl/src/unisims/primitive/DSP48E1.vhd
Warning: OPMODE Input Warning : The OPMODE 001XXXX with CARRYINSEL  000 to DSP48E1 instance is invalid.
Time: 14715 ns  Iteration: 14  Process: /apatb_qeic_real_sum_band_density_accumulator_top/AESL_inst_qeic_real_sum_band_density_accumulator/qeic_real_sum_band_density_accumulator_dadd_64ns_64ns_64_5_full_dsp_1_U1/qeic_real_sum_band_density_accumulator_ap_dadd_3_full_dsp_64_u/U0/i_synth/addsub_op/ADDSUB/logic_speed/OP/ALIGN_BLK/FRAC_ADDSUB/dsp_add/FRAC_ADDSUB/dsp48e1_add/DSP48E1_ADD/DSP/prcs_opmode_drc  File: /home/Xilinx/Vivado/2019.1/data/vhdl/src/unisims/primitive/DSP48E1.vhd
Warning: OPMODE Input Warning : The OPMODE 011XX11 with CARRYINSEL  000 to DSP48E1 instance is invalid.
Time: 15015100 ps  Iteration: 10  Process: /apatb_qeic_real_sum_band_density_accumulator_top/AESL_inst_qeic_real_sum_band_density_accumulator/qeic_real_sum_band_density_accumulator_dmul_64ns_64ns_64_6_max_dsp_1_U2/qeic_real_sum_band_density_accumulator_ap_dmul_4_max_dsp_64_u/U0/i_synth/mult/OP/i_non_prim/R_AND_R/logic/R_AND_R/dsp48_e1/dsp48e1_add/DSP48E1_ADD/DSP/prcs_opmode_drc  File: /home/Xilinx/Vivado/2019.1/data/vhdl/src/unisims/primitive/DSP48E1.vhd
Warning: OPMODE Input Warning : The OPMODE 001XXXX with CARRYINSEL  000 to DSP48E1 instance is invalid.
Time: 15055 ns  Iteration: 14  Process: /apatb_qeic_real_sum_band_density_accumulator_top/AESL_inst_qeic_real_sum_band_density_accumulator/qeic_real_sum_band_density_accumulator_dadd_64ns_64ns_64_5_full_dsp_1_U1/qeic_real_sum_band_density_accumulator_ap_dadd_3_full_dsp_64_u/U0/i_synth/addsub_op/ADDSUB/logic_speed/OP/ALIGN_BLK/FRAC_ADDSUB/dsp_add/FRAC_ADDSUB/dsp48e1_add/DSP48E1_ADD/DSP/prcs_opmode_drc  File: /home/Xilinx/Vivado/2019.1/data/vhdl/src/unisims/primitive/DSP48E1.vhd
Warning: OPMODE Input Warning : The OPMODE 011XX11 with CARRYINSEL  000 to DSP48E1 instance is invalid.
Time: 15125100 ps  Iteration: 10  Process: /apatb_qeic_real_sum_band_density_accumulator_top/AESL_inst_qeic_real_sum_band_density_accumulator/qeic_real_sum_band_density_accumulator_dmul_64ns_64ns_64_6_max_dsp_1_U2/qeic_real_sum_band_density_accumulator_ap_dmul_4_max_dsp_64_u/U0/i_synth/mult/OP/i_non_prim/R_AND_R/logic/R_AND_R/dsp48_e1/dsp48e1_add/DSP48E1_ADD/DSP/prcs_opmode_drc  File: /home/Xilinx/Vivado/2019.1/data/vhdl/src/unisims/primitive/DSP48E1.vhd
Warning: OPMODE Input Warning : The OPMODE 001XXXX with CARRYINSEL  000 to DSP48E1 instance is invalid.
Time: 15165 ns  Iteration: 16  Process: /apatb_qeic_real_sum_band_density_accumulator_top/AESL_inst_qeic_real_sum_band_density_accumulator/qeic_real_sum_band_density_accumulator_dadd_64ns_64ns_64_5_full_dsp_1_U1/qeic_real_sum_band_density_accumulator_ap_dadd_3_full_dsp_64_u/U0/i_synth/addsub_op/ADDSUB/logic_speed/OP/ALIGN_BLK/FRAC_ADDSUB/dsp_add/FRAC_ADDSUB/dsp48e1_add/DSP48E1_ADD/DSP/prcs_opmode_drc  File: /home/Xilinx/Vivado/2019.1/data/vhdl/src/unisims/primitive/DSP48E1.vhd
Warning: OPMODE Input Warning : The OPMODE 011XX11 with CARRYINSEL  000 to DSP48E1 instance is invalid.
Time: 15385100 ps  Iteration: 10  Process: /apatb_qeic_real_sum_band_density_accumulator_top/AESL_inst_qeic_real_sum_band_density_accumulator/qeic_real_sum_band_density_accumulator_dmul_64ns_64ns_64_6_max_dsp_1_U2/qeic_real_sum_band_density_accumulator_ap_dmul_4_max_dsp_64_u/U0/i_synth/mult/OP/i_non_prim/R_AND_R/logic/R_AND_R/dsp48_e1/dsp48e1_add/DSP48E1_ADD/DSP/prcs_opmode_drc  File: /home/Xilinx/Vivado/2019.1/data/vhdl/src/unisims/primitive/DSP48E1.vhd
Warning: OPMODE Input Warning : The OPMODE 001XXXX with CARRYINSEL  000 to DSP48E1 instance is invalid.
Time: 15425 ns  Iteration: 14  Process: /apatb_qeic_real_sum_band_density_accumulator_top/AESL_inst_qeic_real_sum_band_density_accumulator/qeic_real_sum_band_density_accumulator_dadd_64ns_64ns_64_5_full_dsp_1_U1/qeic_real_sum_band_density_accumulator_ap_dadd_3_full_dsp_64_u/U0/i_synth/addsub_op/ADDSUB/logic_speed/OP/ALIGN_BLK/FRAC_ADDSUB/dsp_add/FRAC_ADDSUB/dsp48e1_add/DSP48E1_ADD/DSP/prcs_opmode_drc  File: /home/Xilinx/Vivado/2019.1/data/vhdl/src/unisims/primitive/DSP48E1.vhd
Warning: OPMODE Input Warning : The OPMODE 011XX11 with CARRYINSEL  000 to DSP48E1 instance is invalid.
Time: 15495100 ps  Iteration: 10  Process: /apatb_qeic_real_sum_band_density_accumulator_top/AESL_inst_qeic_real_sum_band_density_accumulator/qeic_real_sum_band_density_accumulator_dmul_64ns_64ns_64_6_max_dsp_1_U2/qeic_real_sum_band_density_accumulator_ap_dmul_4_max_dsp_64_u/U0/i_synth/mult/OP/i_non_prim/R_AND_R/logic/R_AND_R/dsp48_e1/dsp48e1_add/DSP48E1_ADD/DSP/prcs_opmode_drc  File: /home/Xilinx/Vivado/2019.1/data/vhdl/src/unisims/primitive/DSP48E1.vhd
Warning: OPMODE Input Warning : The OPMODE 001XXXX with CARRYINSEL  000 to DSP48E1 instance is invalid.
Time: 15535 ns  Iteration: 14  Process: /apatb_qeic_real_sum_band_density_accumulator_top/AESL_inst_qeic_real_sum_band_density_accumulator/qeic_real_sum_band_density_accumulator_dadd_64ns_64ns_64_5_full_dsp_1_U1/qeic_real_sum_band_density_accumulator_ap_dadd_3_full_dsp_64_u/U0/i_synth/addsub_op/ADDSUB/logic_speed/OP/ALIGN_BLK/FRAC_ADDSUB/dsp_add/FRAC_ADDSUB/dsp48e1_add/DSP48E1_ADD/DSP/prcs_opmode_drc  File: /home/Xilinx/Vivado/2019.1/data/vhdl/src/unisims/primitive/DSP48E1.vhd
Warning: OPMODE Input Warning : The OPMODE 011XX11 with CARRYINSEL  000 to DSP48E1 instance is invalid.
Time: 15755100 ps  Iteration: 10  Process: /apatb_qeic_real_sum_band_density_accumulator_top/AESL_inst_qeic_real_sum_band_density_accumulator/qeic_real_sum_band_density_accumulator_dmul_64ns_64ns_64_6_max_dsp_1_U2/qeic_real_sum_band_density_accumulator_ap_dmul_4_max_dsp_64_u/U0/i_synth/mult/OP/i_non_prim/R_AND_R/logic/R_AND_R/dsp48_e1/dsp48e1_add/DSP48E1_ADD/DSP/prcs_opmode_drc  File: /home/Xilinx/Vivado/2019.1/data/vhdl/src/unisims/primitive/DSP48E1.vhd
Warning: OPMODE Input Warning : The OPMODE 001XXXX with CARRYINSEL  000 to DSP48E1 instance is invalid.
Time: 15795 ns  Iteration: 14  Process: /apatb_qeic_real_sum_band_density_accumulator_top/AESL_inst_qeic_real_sum_band_density_accumulator/qeic_real_sum_band_density_accumulator_dadd_64ns_64ns_64_5_full_dsp_1_U1/qeic_real_sum_band_density_accumulator_ap_dadd_3_full_dsp_64_u/U0/i_synth/addsub_op/ADDSUB/logic_speed/OP/ALIGN_BLK/FRAC_ADDSUB/dsp_add/FRAC_ADDSUB/dsp48e1_add/DSP48E1_ADD/DSP/prcs_opmode_drc  File: /home/Xilinx/Vivado/2019.1/data/vhdl/src/unisims/primitive/DSP48E1.vhd
Warning: OPMODE Input Warning : The OPMODE 011XX11 with CARRYINSEL  000 to DSP48E1 instance is invalid.
Time: 15865100 ps  Iteration: 10  Process: /apatb_qeic_real_sum_band_density_accumulator_top/AESL_inst_qeic_real_sum_band_density_accumulator/qeic_real_sum_band_density_accumulator_dmul_64ns_64ns_64_6_max_dsp_1_U2/qeic_real_sum_band_density_accumulator_ap_dmul_4_max_dsp_64_u/U0/i_synth/mult/OP/i_non_prim/R_AND_R/logic/R_AND_R/dsp48_e1/dsp48e1_add/DSP48E1_ADD/DSP/prcs_opmode_drc  File: /home/Xilinx/Vivado/2019.1/data/vhdl/src/unisims/primitive/DSP48E1.vhd
Warning: OPMODE Input Warning : The OPMODE 001XXXX with CARRYINSEL  000 to DSP48E1 instance is invalid.
Time: 15905 ns  Iteration: 14  Process: /apatb_qeic_real_sum_band_density_accumulator_top/AESL_inst_qeic_real_sum_band_density_accumulator/qeic_real_sum_band_density_accumulator_dadd_64ns_64ns_64_5_full_dsp_1_U1/qeic_real_sum_band_density_accumulator_ap_dadd_3_full_dsp_64_u/U0/i_synth/addsub_op/ADDSUB/logic_speed/OP/ALIGN_BLK/FRAC_ADDSUB/dsp_add/FRAC_ADDSUB/dsp48e1_add/DSP48E1_ADD/DSP/prcs_opmode_drc  File: /home/Xilinx/Vivado/2019.1/data/vhdl/src/unisims/primitive/DSP48E1.vhd
Warning: OPMODE Input Warning : The OPMODE 011XX11 with CARRYINSEL  000 to DSP48E1 instance is invalid.
Time: 16125100 ps  Iteration: 10  Process: /apatb_qeic_real_sum_band_density_accumulator_top/AESL_inst_qeic_real_sum_band_density_accumulator/qeic_real_sum_band_density_accumulator_dmul_64ns_64ns_64_6_max_dsp_1_U2/qeic_real_sum_band_density_accumulator_ap_dmul_4_max_dsp_64_u/U0/i_synth/mult/OP/i_non_prim/R_AND_R/logic/R_AND_R/dsp48_e1/dsp48e1_add/DSP48E1_ADD/DSP/prcs_opmode_drc  File: /home/Xilinx/Vivado/2019.1/data/vhdl/src/unisims/primitive/DSP48E1.vhd
Warning: OPMODE Input Warning : The OPMODE 001XXXX with CARRYINSEL  000 to DSP48E1 instance is invalid.
Time: 16165 ns  Iteration: 14  Process: /apatb_qeic_real_sum_band_density_accumulator_top/AESL_inst_qeic_real_sum_band_density_accumulator/qeic_real_sum_band_density_accumulator_dadd_64ns_64ns_64_5_full_dsp_1_U1/qeic_real_sum_band_density_accumulator_ap_dadd_3_full_dsp_64_u/U0/i_synth/addsub_op/ADDSUB/logic_speed/OP/ALIGN_BLK/FRAC_ADDSUB/dsp_add/FRAC_ADDSUB/dsp48e1_add/DSP48E1_ADD/DSP/prcs_opmode_drc  File: /home/Xilinx/Vivado/2019.1/data/vhdl/src/unisims/primitive/DSP48E1.vhd
Warning: OPMODE Input Warning : The OPMODE 011XX11 with CARRYINSEL  000 to DSP48E1 instance is invalid.
Time: 16235100 ps  Iteration: 10  Process: /apatb_qeic_real_sum_band_density_accumulator_top/AESL_inst_qeic_real_sum_band_density_accumulator/qeic_real_sum_band_density_accumulator_dmul_64ns_64ns_64_6_max_dsp_1_U2/qeic_real_sum_band_density_accumulator_ap_dmul_4_max_dsp_64_u/U0/i_synth/mult/OP/i_non_prim/R_AND_R/logic/R_AND_R/dsp48_e1/dsp48e1_add/DSP48E1_ADD/DSP/prcs_opmode_drc  File: /home/Xilinx/Vivado/2019.1/data/vhdl/src/unisims/primitive/DSP48E1.vhd
Warning: OPMODE Input Warning : The OPMODE 001XXXX with CARRYINSEL  000 to DSP48E1 instance is invalid.
Time: 16275 ns  Iteration: 14  Process: /apatb_qeic_real_sum_band_density_accumulator_top/AESL_inst_qeic_real_sum_band_density_accumulator/qeic_real_sum_band_density_accumulator_dadd_64ns_64ns_64_5_full_dsp_1_U1/qeic_real_sum_band_density_accumulator_ap_dadd_3_full_dsp_64_u/U0/i_synth/addsub_op/ADDSUB/logic_speed/OP/ALIGN_BLK/FRAC_ADDSUB/dsp_add/FRAC_ADDSUB/dsp48e1_add/DSP48E1_ADD/DSP/prcs_opmode_drc  File: /home/Xilinx/Vivado/2019.1/data/vhdl/src/unisims/primitive/DSP48E1.vhd
Warning: OPMODE Input Warning : The OPMODE 011XX11 with CARRYINSEL  000 to DSP48E1 instance is invalid.
Time: 16575100 ps  Iteration: 10  Process: /apatb_qeic_real_sum_band_density_accumulator_top/AESL_inst_qeic_real_sum_band_density_accumulator/qeic_real_sum_band_density_accumulator_dmul_64ns_64ns_64_6_max_dsp_1_U2/qeic_real_sum_band_density_accumulator_ap_dmul_4_max_dsp_64_u/U0/i_synth/mult/OP/i_non_prim/R_AND_R/logic/R_AND_R/dsp48_e1/dsp48e1_add/DSP48E1_ADD/DSP/prcs_opmode_drc  File: /home/Xilinx/Vivado/2019.1/data/vhdl/src/unisims/primitive/DSP48E1.vhd
Warning: OPMODE Input Warning : The OPMODE 001XXXX with CARRYINSEL  000 to DSP48E1 instance is invalid.
Time: 16615 ns  Iteration: 14  Process: /apatb_qeic_real_sum_band_density_accumulator_top/AESL_inst_qeic_real_sum_band_density_accumulator/qeic_real_sum_band_density_accumulator_dadd_64ns_64ns_64_5_full_dsp_1_U1/qeic_real_sum_band_density_accumulator_ap_dadd_3_full_dsp_64_u/U0/i_synth/addsub_op/ADDSUB/logic_speed/OP/ALIGN_BLK/FRAC_ADDSUB/dsp_add/FRAC_ADDSUB/dsp48e1_add/DSP48E1_ADD/DSP/prcs_opmode_drc  File: /home/Xilinx/Vivado/2019.1/data/vhdl/src/unisims/primitive/DSP48E1.vhd
Warning: OPMODE Input Warning : The OPMODE 011XX11 with CARRYINSEL  000 to DSP48E1 instance is invalid.
Time: 16685100 ps  Iteration: 10  Process: /apatb_qeic_real_sum_band_density_accumulator_top/AESL_inst_qeic_real_sum_band_density_accumulator/qeic_real_sum_band_density_accumulator_dmul_64ns_64ns_64_6_max_dsp_1_U2/qeic_real_sum_band_density_accumulator_ap_dmul_4_max_dsp_64_u/U0/i_synth/mult/OP/i_non_prim/R_AND_R/logic/R_AND_R/dsp48_e1/dsp48e1_add/DSP48E1_ADD/DSP/prcs_opmode_drc  File: /home/Xilinx/Vivado/2019.1/data/vhdl/src/unisims/primitive/DSP48E1.vhd
Warning: OPMODE Input Warning : The OPMODE 001XXXX with CARRYINSEL  000 to DSP48E1 instance is invalid.
Time: 16725 ns  Iteration: 16  Process: /apatb_qeic_real_sum_band_density_accumulator_top/AESL_inst_qeic_real_sum_band_density_accumulator/qeic_real_sum_band_density_accumulator_dadd_64ns_64ns_64_5_full_dsp_1_U1/qeic_real_sum_band_density_accumulator_ap_dadd_3_full_dsp_64_u/U0/i_synth/addsub_op/ADDSUB/logic_speed/OP/ALIGN_BLK/FRAC_ADDSUB/dsp_add/FRAC_ADDSUB/dsp48e1_add/DSP48E1_ADD/DSP/prcs_opmode_drc  File: /home/Xilinx/Vivado/2019.1/data/vhdl/src/unisims/primitive/DSP48E1.vhd
Warning: OPMODE Input Warning : The OPMODE 011XX11 with CARRYINSEL  000 to DSP48E1 instance is invalid.
Time: 16945100 ps  Iteration: 10  Process: /apatb_qeic_real_sum_band_density_accumulator_top/AESL_inst_qeic_real_sum_band_density_accumulator/qeic_real_sum_band_density_accumulator_dmul_64ns_64ns_64_6_max_dsp_1_U2/qeic_real_sum_band_density_accumulator_ap_dmul_4_max_dsp_64_u/U0/i_synth/mult/OP/i_non_prim/R_AND_R/logic/R_AND_R/dsp48_e1/dsp48e1_add/DSP48E1_ADD/DSP/prcs_opmode_drc  File: /home/Xilinx/Vivado/2019.1/data/vhdl/src/unisims/primitive/DSP48E1.vhd
Warning: OPMODE Input Warning : The OPMODE 001XXXX with CARRYINSEL  000 to DSP48E1 instance is invalid.
Time: 16985 ns  Iteration: 14  Process: /apatb_qeic_real_sum_band_density_accumulator_top/AESL_inst_qeic_real_sum_band_density_accumulator/qeic_real_sum_band_density_accumulator_dadd_64ns_64ns_64_5_full_dsp_1_U1/qeic_real_sum_band_density_accumulator_ap_dadd_3_full_dsp_64_u/U0/i_synth/addsub_op/ADDSUB/logic_speed/OP/ALIGN_BLK/FRAC_ADDSUB/dsp_add/FRAC_ADDSUB/dsp48e1_add/DSP48E1_ADD/DSP/prcs_opmode_drc  File: /home/Xilinx/Vivado/2019.1/data/vhdl/src/unisims/primitive/DSP48E1.vhd
Warning: OPMODE Input Warning : The OPMODE 011XX11 with CARRYINSEL  000 to DSP48E1 instance is invalid.
Time: 17055100 ps  Iteration: 10  Process: /apatb_qeic_real_sum_band_density_accumulator_top/AESL_inst_qeic_real_sum_band_density_accumulator/qeic_real_sum_band_density_accumulator_dmul_64ns_64ns_64_6_max_dsp_1_U2/qeic_real_sum_band_density_accumulator_ap_dmul_4_max_dsp_64_u/U0/i_synth/mult/OP/i_non_prim/R_AND_R/logic/R_AND_R/dsp48_e1/dsp48e1_add/DSP48E1_ADD/DSP/prcs_opmode_drc  File: /home/Xilinx/Vivado/2019.1/data/vhdl/src/unisims/primitive/DSP48E1.vhd
Warning: OPMODE Input Warning : The OPMODE 001XXXX with CARRYINSEL  000 to DSP48E1 instance is invalid.
Time: 17095 ns  Iteration: 14  Process: /apatb_qeic_real_sum_band_density_accumulator_top/AESL_inst_qeic_real_sum_band_density_accumulator/qeic_real_sum_band_density_accumulator_dadd_64ns_64ns_64_5_full_dsp_1_U1/qeic_real_sum_band_density_accumulator_ap_dadd_3_full_dsp_64_u/U0/i_synth/addsub_op/ADDSUB/logic_speed/OP/ALIGN_BLK/FRAC_ADDSUB/dsp_add/FRAC_ADDSUB/dsp48e1_add/DSP48E1_ADD/DSP/prcs_opmode_drc  File: /home/Xilinx/Vivado/2019.1/data/vhdl/src/unisims/primitive/DSP48E1.vhd
Warning: OPMODE Input Warning : The OPMODE 011XX11 with CARRYINSEL  000 to DSP48E1 instance is invalid.
Time: 17315100 ps  Iteration: 10  Process: /apatb_qeic_real_sum_band_density_accumulator_top/AESL_inst_qeic_real_sum_band_density_accumulator/qeic_real_sum_band_density_accumulator_dmul_64ns_64ns_64_6_max_dsp_1_U2/qeic_real_sum_band_density_accumulator_ap_dmul_4_max_dsp_64_u/U0/i_synth/mult/OP/i_non_prim/R_AND_R/logic/R_AND_R/dsp48_e1/dsp48e1_add/DSP48E1_ADD/DSP/prcs_opmode_drc  File: /home/Xilinx/Vivado/2019.1/data/vhdl/src/unisims/primitive/DSP48E1.vhd
Warning: OPMODE Input Warning : The OPMODE 001XXXX with CARRYINSEL  000 to DSP48E1 instance is invalid.
Time: 17355 ns  Iteration: 14  Process: /apatb_qeic_real_sum_band_density_accumulator_top/AESL_inst_qeic_real_sum_band_density_accumulator/qeic_real_sum_band_density_accumulator_dadd_64ns_64ns_64_5_full_dsp_1_U1/qeic_real_sum_band_density_accumulator_ap_dadd_3_full_dsp_64_u/U0/i_synth/addsub_op/ADDSUB/logic_speed/OP/ALIGN_BLK/FRAC_ADDSUB/dsp_add/FRAC_ADDSUB/dsp48e1_add/DSP48E1_ADD/DSP/prcs_opmode_drc  File: /home/Xilinx/Vivado/2019.1/data/vhdl/src/unisims/primitive/DSP48E1.vhd
Warning: OPMODE Input Warning : The OPMODE 011XX11 with CARRYINSEL  000 to DSP48E1 instance is invalid.
Time: 17425100 ps  Iteration: 10  Process: /apatb_qeic_real_sum_band_density_accumulator_top/AESL_inst_qeic_real_sum_band_density_accumulator/qeic_real_sum_band_density_accumulator_dmul_64ns_64ns_64_6_max_dsp_1_U2/qeic_real_sum_band_density_accumulator_ap_dmul_4_max_dsp_64_u/U0/i_synth/mult/OP/i_non_prim/R_AND_R/logic/R_AND_R/dsp48_e1/dsp48e1_add/DSP48E1_ADD/DSP/prcs_opmode_drc  File: /home/Xilinx/Vivado/2019.1/data/vhdl/src/unisims/primitive/DSP48E1.vhd
Warning: OPMODE Input Warning : The OPMODE 001XXXX with CARRYINSEL  000 to DSP48E1 instance is invalid.
Time: 17465 ns  Iteration: 14  Process: /apatb_qeic_real_sum_band_density_accumulator_top/AESL_inst_qeic_real_sum_band_density_accumulator/qeic_real_sum_band_density_accumulator_dadd_64ns_64ns_64_5_full_dsp_1_U1/qeic_real_sum_band_density_accumulator_ap_dadd_3_full_dsp_64_u/U0/i_synth/addsub_op/ADDSUB/logic_speed/OP/ALIGN_BLK/FRAC_ADDSUB/dsp_add/FRAC_ADDSUB/dsp48e1_add/DSP48E1_ADD/DSP/prcs_opmode_drc  File: /home/Xilinx/Vivado/2019.1/data/vhdl/src/unisims/primitive/DSP48E1.vhd
Warning: OPMODE Input Warning : The OPMODE 011XX11 with CARRYINSEL  000 to DSP48E1 instance is invalid.
Time: 17685100 ps  Iteration: 10  Process: /apatb_qeic_real_sum_band_density_accumulator_top/AESL_inst_qeic_real_sum_band_density_accumulator/qeic_real_sum_band_density_accumulator_dmul_64ns_64ns_64_6_max_dsp_1_U2/qeic_real_sum_band_density_accumulator_ap_dmul_4_max_dsp_64_u/U0/i_synth/mult/OP/i_non_prim/R_AND_R/logic/R_AND_R/dsp48_e1/dsp48e1_add/DSP48E1_ADD/DSP/prcs_opmode_drc  File: /home/Xilinx/Vivado/2019.1/data/vhdl/src/unisims/primitive/DSP48E1.vhd
Warning: OPMODE Input Warning : The OPMODE 001XXXX with CARRYINSEL  000 to DSP48E1 instance is invalid.
Time: 17725 ns  Iteration: 14  Process: /apatb_qeic_real_sum_band_density_accumulator_top/AESL_inst_qeic_real_sum_band_density_accumulator/qeic_real_sum_band_density_accumulator_dadd_64ns_64ns_64_5_full_dsp_1_U1/qeic_real_sum_band_density_accumulator_ap_dadd_3_full_dsp_64_u/U0/i_synth/addsub_op/ADDSUB/logic_speed/OP/ALIGN_BLK/FRAC_ADDSUB/dsp_add/FRAC_ADDSUB/dsp48e1_add/DSP48E1_ADD/DSP/prcs_opmode_drc  File: /home/Xilinx/Vivado/2019.1/data/vhdl/src/unisims/primitive/DSP48E1.vhd
Warning: OPMODE Input Warning : The OPMODE 011XX11 with CARRYINSEL  000 to DSP48E1 instance is invalid.
Time: 17795100 ps  Iteration: 10  Process: /apatb_qeic_real_sum_band_density_accumulator_top/AESL_inst_qeic_real_sum_band_density_accumulator/qeic_real_sum_band_density_accumulator_dmul_64ns_64ns_64_6_max_dsp_1_U2/qeic_real_sum_band_density_accumulator_ap_dmul_4_max_dsp_64_u/U0/i_synth/mult/OP/i_non_prim/R_AND_R/logic/R_AND_R/dsp48_e1/dsp48e1_add/DSP48E1_ADD/DSP/prcs_opmode_drc  File: /home/Xilinx/Vivado/2019.1/data/vhdl/src/unisims/primitive/DSP48E1.vhd
Warning: OPMODE Input Warning : The OPMODE 001XXXX with CARRYINSEL  000 to DSP48E1 instance is invalid.
Time: 17835 ns  Iteration: 14  Process: /apatb_qeic_real_sum_band_density_accumulator_top/AESL_inst_qeic_real_sum_band_density_accumulator/qeic_real_sum_band_density_accumulator_dadd_64ns_64ns_64_5_full_dsp_1_U1/qeic_real_sum_band_density_accumulator_ap_dadd_3_full_dsp_64_u/U0/i_synth/addsub_op/ADDSUB/logic_speed/OP/ALIGN_BLK/FRAC_ADDSUB/dsp_add/FRAC_ADDSUB/dsp48e1_add/DSP48E1_ADD/DSP/prcs_opmode_drc  File: /home/Xilinx/Vivado/2019.1/data/vhdl/src/unisims/primitive/DSP48E1.vhd
Warning: OPMODE Input Warning : The OPMODE 011XX11 with CARRYINSEL  000 to DSP48E1 instance is invalid.
Time: 18135100 ps  Iteration: 10  Process: /apatb_qeic_real_sum_band_density_accumulator_top/AESL_inst_qeic_real_sum_band_density_accumulator/qeic_real_sum_band_density_accumulator_dmul_64ns_64ns_64_6_max_dsp_1_U2/qeic_real_sum_band_density_accumulator_ap_dmul_4_max_dsp_64_u/U0/i_synth/mult/OP/i_non_prim/R_AND_R/logic/R_AND_R/dsp48_e1/dsp48e1_add/DSP48E1_ADD/DSP/prcs_opmode_drc  File: /home/Xilinx/Vivado/2019.1/data/vhdl/src/unisims/primitive/DSP48E1.vhd
Warning: OPMODE Input Warning : The OPMODE 001XXXX with CARRYINSEL  000 to DSP48E1 instance is invalid.
Time: 18175 ns  Iteration: 14  Process: /apatb_qeic_real_sum_band_density_accumulator_top/AESL_inst_qeic_real_sum_band_density_accumulator/qeic_real_sum_band_density_accumulator_dadd_64ns_64ns_64_5_full_dsp_1_U1/qeic_real_sum_band_density_accumulator_ap_dadd_3_full_dsp_64_u/U0/i_synth/addsub_op/ADDSUB/logic_speed/OP/ALIGN_BLK/FRAC_ADDSUB/dsp_add/FRAC_ADDSUB/dsp48e1_add/DSP48E1_ADD/DSP/prcs_opmode_drc  File: /home/Xilinx/Vivado/2019.1/data/vhdl/src/unisims/primitive/DSP48E1.vhd
Warning: OPMODE Input Warning : The OPMODE 011XX11 with CARRYINSEL  000 to DSP48E1 instance is invalid.
Time: 18245100 ps  Iteration: 10  Process: /apatb_qeic_real_sum_band_density_accumulator_top/AESL_inst_qeic_real_sum_band_density_accumulator/qeic_real_sum_band_density_accumulator_dmul_64ns_64ns_64_6_max_dsp_1_U2/qeic_real_sum_band_density_accumulator_ap_dmul_4_max_dsp_64_u/U0/i_synth/mult/OP/i_non_prim/R_AND_R/logic/R_AND_R/dsp48_e1/dsp48e1_add/DSP48E1_ADD/DSP/prcs_opmode_drc  File: /home/Xilinx/Vivado/2019.1/data/vhdl/src/unisims/primitive/DSP48E1.vhd
Warning: OPMODE Input Warning : The OPMODE 001XXXX with CARRYINSEL  000 to DSP48E1 instance is invalid.
Time: 18285 ns  Iteration: 16  Process: /apatb_qeic_real_sum_band_density_accumulator_top/AESL_inst_qeic_real_sum_band_density_accumulator/qeic_real_sum_band_density_accumulator_dadd_64ns_64ns_64_5_full_dsp_1_U1/qeic_real_sum_band_density_accumulator_ap_dadd_3_full_dsp_64_u/U0/i_synth/addsub_op/ADDSUB/logic_speed/OP/ALIGN_BLK/FRAC_ADDSUB/dsp_add/FRAC_ADDSUB/dsp48e1_add/DSP48E1_ADD/DSP/prcs_opmode_drc  File: /home/Xilinx/Vivado/2019.1/data/vhdl/src/unisims/primitive/DSP48E1.vhd
Warning: OPMODE Input Warning : The OPMODE 011XX11 with CARRYINSEL  000 to DSP48E1 instance is invalid.
Time: 18505100 ps  Iteration: 10  Process: /apatb_qeic_real_sum_band_density_accumulator_top/AESL_inst_qeic_real_sum_band_density_accumulator/qeic_real_sum_band_density_accumulator_dmul_64ns_64ns_64_6_max_dsp_1_U2/qeic_real_sum_band_density_accumulator_ap_dmul_4_max_dsp_64_u/U0/i_synth/mult/OP/i_non_prim/R_AND_R/logic/R_AND_R/dsp48_e1/dsp48e1_add/DSP48E1_ADD/DSP/prcs_opmode_drc  File: /home/Xilinx/Vivado/2019.1/data/vhdl/src/unisims/primitive/DSP48E1.vhd
Warning: OPMODE Input Warning : The OPMODE 001XXXX with CARRYINSEL  000 to DSP48E1 instance is invalid.
Time: 18545 ns  Iteration: 14  Process: /apatb_qeic_real_sum_band_density_accumulator_top/AESL_inst_qeic_real_sum_band_density_accumulator/qeic_real_sum_band_density_accumulator_dadd_64ns_64ns_64_5_full_dsp_1_U1/qeic_real_sum_band_density_accumulator_ap_dadd_3_full_dsp_64_u/U0/i_synth/addsub_op/ADDSUB/logic_speed/OP/ALIGN_BLK/FRAC_ADDSUB/dsp_add/FRAC_ADDSUB/dsp48e1_add/DSP48E1_ADD/DSP/prcs_opmode_drc  File: /home/Xilinx/Vivado/2019.1/data/vhdl/src/unisims/primitive/DSP48E1.vhd
Warning: OPMODE Input Warning : The OPMODE 011XX11 with CARRYINSEL  000 to DSP48E1 instance is invalid.
Time: 18615100 ps  Iteration: 10  Process: /apatb_qeic_real_sum_band_density_accumulator_top/AESL_inst_qeic_real_sum_band_density_accumulator/qeic_real_sum_band_density_accumulator_dmul_64ns_64ns_64_6_max_dsp_1_U2/qeic_real_sum_band_density_accumulator_ap_dmul_4_max_dsp_64_u/U0/i_synth/mult/OP/i_non_prim/R_AND_R/logic/R_AND_R/dsp48_e1/dsp48e1_add/DSP48E1_ADD/DSP/prcs_opmode_drc  File: /home/Xilinx/Vivado/2019.1/data/vhdl/src/unisims/primitive/DSP48E1.vhd
Warning: OPMODE Input Warning : The OPMODE 001XXXX with CARRYINSEL  000 to DSP48E1 instance is invalid.
Time: 18655 ns  Iteration: 14  Process: /apatb_qeic_real_sum_band_density_accumulator_top/AESL_inst_qeic_real_sum_band_density_accumulator/qeic_real_sum_band_density_accumulator_dadd_64ns_64ns_64_5_full_dsp_1_U1/qeic_real_sum_band_density_accumulator_ap_dadd_3_full_dsp_64_u/U0/i_synth/addsub_op/ADDSUB/logic_speed/OP/ALIGN_BLK/FRAC_ADDSUB/dsp_add/FRAC_ADDSUB/dsp48e1_add/DSP48E1_ADD/DSP/prcs_opmode_drc  File: /home/Xilinx/Vivado/2019.1/data/vhdl/src/unisims/primitive/DSP48E1.vhd
Warning: OPMODE Input Warning : The OPMODE 011XX11 with CARRYINSEL  000 to DSP48E1 instance is invalid.
Time: 18875100 ps  Iteration: 10  Process: /apatb_qeic_real_sum_band_density_accumulator_top/AESL_inst_qeic_real_sum_band_density_accumulator/qeic_real_sum_band_density_accumulator_dmul_64ns_64ns_64_6_max_dsp_1_U2/qeic_real_sum_band_density_accumulator_ap_dmul_4_max_dsp_64_u/U0/i_synth/mult/OP/i_non_prim/R_AND_R/logic/R_AND_R/dsp48_e1/dsp48e1_add/DSP48E1_ADD/DSP/prcs_opmode_drc  File: /home/Xilinx/Vivado/2019.1/data/vhdl/src/unisims/primitive/DSP48E1.vhd
Warning: OPMODE Input Warning : The OPMODE 001XXXX with CARRYINSEL  000 to DSP48E1 instance is invalid.
Time: 18915 ns  Iteration: 14  Process: /apatb_qeic_real_sum_band_density_accumulator_top/AESL_inst_qeic_real_sum_band_density_accumulator/qeic_real_sum_band_density_accumulator_dadd_64ns_64ns_64_5_full_dsp_1_U1/qeic_real_sum_band_density_accumulator_ap_dadd_3_full_dsp_64_u/U0/i_synth/addsub_op/ADDSUB/logic_speed/OP/ALIGN_BLK/FRAC_ADDSUB/dsp_add/FRAC_ADDSUB/dsp48e1_add/DSP48E1_ADD/DSP/prcs_opmode_drc  File: /home/Xilinx/Vivado/2019.1/data/vhdl/src/unisims/primitive/DSP48E1.vhd
Warning: OPMODE Input Warning : The OPMODE 011XX11 with CARRYINSEL  000 to DSP48E1 instance is invalid.
Time: 18985100 ps  Iteration: 10  Process: /apatb_qeic_real_sum_band_density_accumulator_top/AESL_inst_qeic_real_sum_band_density_accumulator/qeic_real_sum_band_density_accumulator_dmul_64ns_64ns_64_6_max_dsp_1_U2/qeic_real_sum_band_density_accumulator_ap_dmul_4_max_dsp_64_u/U0/i_synth/mult/OP/i_non_prim/R_AND_R/logic/R_AND_R/dsp48_e1/dsp48e1_add/DSP48E1_ADD/DSP/prcs_opmode_drc  File: /home/Xilinx/Vivado/2019.1/data/vhdl/src/unisims/primitive/DSP48E1.vhd
Warning: OPMODE Input Warning : The OPMODE 001XXXX with CARRYINSEL  000 to DSP48E1 instance is invalid.
Time: 19025 ns  Iteration: 14  Process: /apatb_qeic_real_sum_band_density_accumulator_top/AESL_inst_qeic_real_sum_band_density_accumulator/qeic_real_sum_band_density_accumulator_dadd_64ns_64ns_64_5_full_dsp_1_U1/qeic_real_sum_band_density_accumulator_ap_dadd_3_full_dsp_64_u/U0/i_synth/addsub_op/ADDSUB/logic_speed/OP/ALIGN_BLK/FRAC_ADDSUB/dsp_add/FRAC_ADDSUB/dsp48e1_add/DSP48E1_ADD/DSP/prcs_opmode_drc  File: /home/Xilinx/Vivado/2019.1/data/vhdl/src/unisims/primitive/DSP48E1.vhd
Warning: OPMODE Input Warning : The OPMODE 011XX11 with CARRYINSEL  000 to DSP48E1 instance is invalid.
Time: 19245100 ps  Iteration: 10  Process: /apatb_qeic_real_sum_band_density_accumulator_top/AESL_inst_qeic_real_sum_band_density_accumulator/qeic_real_sum_band_density_accumulator_dmul_64ns_64ns_64_6_max_dsp_1_U2/qeic_real_sum_band_density_accumulator_ap_dmul_4_max_dsp_64_u/U0/i_synth/mult/OP/i_non_prim/R_AND_R/logic/R_AND_R/dsp48_e1/dsp48e1_add/DSP48E1_ADD/DSP/prcs_opmode_drc  File: /home/Xilinx/Vivado/2019.1/data/vhdl/src/unisims/primitive/DSP48E1.vhd
Warning: OPMODE Input Warning : The OPMODE 001XXXX with CARRYINSEL  000 to DSP48E1 instance is invalid.
Time: 19285 ns  Iteration: 14  Process: /apatb_qeic_real_sum_band_density_accumulator_top/AESL_inst_qeic_real_sum_band_density_accumulator/qeic_real_sum_band_density_accumulator_dadd_64ns_64ns_64_5_full_dsp_1_U1/qeic_real_sum_band_density_accumulator_ap_dadd_3_full_dsp_64_u/U0/i_synth/addsub_op/ADDSUB/logic_speed/OP/ALIGN_BLK/FRAC_ADDSUB/dsp_add/FRAC_ADDSUB/dsp48e1_add/DSP48E1_ADD/DSP/prcs_opmode_drc  File: /home/Xilinx/Vivado/2019.1/data/vhdl/src/unisims/primitive/DSP48E1.vhd
Warning: OPMODE Input Warning : The OPMODE 011XX11 with CARRYINSEL  000 to DSP48E1 instance is invalid.
Time: 19355100 ps  Iteration: 10  Process: /apatb_qeic_real_sum_band_density_accumulator_top/AESL_inst_qeic_real_sum_band_density_accumulator/qeic_real_sum_band_density_accumulator_dmul_64ns_64ns_64_6_max_dsp_1_U2/qeic_real_sum_band_density_accumulator_ap_dmul_4_max_dsp_64_u/U0/i_synth/mult/OP/i_non_prim/R_AND_R/logic/R_AND_R/dsp48_e1/dsp48e1_add/DSP48E1_ADD/DSP/prcs_opmode_drc  File: /home/Xilinx/Vivado/2019.1/data/vhdl/src/unisims/primitive/DSP48E1.vhd
Warning: OPMODE Input Warning : The OPMODE 001XXXX with CARRYINSEL  000 to DSP48E1 instance is invalid.
Time: 19395 ns  Iteration: 14  Process: /apatb_qeic_real_sum_band_density_accumulator_top/AESL_inst_qeic_real_sum_band_density_accumulator/qeic_real_sum_band_density_accumulator_dadd_64ns_64ns_64_5_full_dsp_1_U1/qeic_real_sum_band_density_accumulator_ap_dadd_3_full_dsp_64_u/U0/i_synth/addsub_op/ADDSUB/logic_speed/OP/ALIGN_BLK/FRAC_ADDSUB/dsp_add/FRAC_ADDSUB/dsp48e1_add/DSP48E1_ADD/DSP/prcs_opmode_drc  File: /home/Xilinx/Vivado/2019.1/data/vhdl/src/unisims/primitive/DSP48E1.vhd
Warning: OPMODE Input Warning : The OPMODE 011XX11 with CARRYINSEL  000 to DSP48E1 instance is invalid.
Time: 19695100 ps  Iteration: 10  Process: /apatb_qeic_real_sum_band_density_accumulator_top/AESL_inst_qeic_real_sum_band_density_accumulator/qeic_real_sum_band_density_accumulator_dmul_64ns_64ns_64_6_max_dsp_1_U2/qeic_real_sum_band_density_accumulator_ap_dmul_4_max_dsp_64_u/U0/i_synth/mult/OP/i_non_prim/R_AND_R/logic/R_AND_R/dsp48_e1/dsp48e1_add/DSP48E1_ADD/DSP/prcs_opmode_drc  File: /home/Xilinx/Vivado/2019.1/data/vhdl/src/unisims/primitive/DSP48E1.vhd
Warning: OPMODE Input Warning : The OPMODE 001XXXX with CARRYINSEL  000 to DSP48E1 instance is invalid.
Time: 19735 ns  Iteration: 14  Process: /apatb_qeic_real_sum_band_density_accumulator_top/AESL_inst_qeic_real_sum_band_density_accumulator/qeic_real_sum_band_density_accumulator_dadd_64ns_64ns_64_5_full_dsp_1_U1/qeic_real_sum_band_density_accumulator_ap_dadd_3_full_dsp_64_u/U0/i_synth/addsub_op/ADDSUB/logic_speed/OP/ALIGN_BLK/FRAC_ADDSUB/dsp_add/FRAC_ADDSUB/dsp48e1_add/DSP48E1_ADD/DSP/prcs_opmode_drc  File: /home/Xilinx/Vivado/2019.1/data/vhdl/src/unisims/primitive/DSP48E1.vhd
Warning: OPMODE Input Warning : The OPMODE 011XX11 with CARRYINSEL  000 to DSP48E1 instance is invalid.
Time: 19805100 ps  Iteration: 10  Process: /apatb_qeic_real_sum_band_density_accumulator_top/AESL_inst_qeic_real_sum_band_density_accumulator/qeic_real_sum_band_density_accumulator_dmul_64ns_64ns_64_6_max_dsp_1_U2/qeic_real_sum_band_density_accumulator_ap_dmul_4_max_dsp_64_u/U0/i_synth/mult/OP/i_non_prim/R_AND_R/logic/R_AND_R/dsp48_e1/dsp48e1_add/DSP48E1_ADD/DSP/prcs_opmode_drc  File: /home/Xilinx/Vivado/2019.1/data/vhdl/src/unisims/primitive/DSP48E1.vhd
Warning: OPMODE Input Warning : The OPMODE 001XXXX with CARRYINSEL  000 to DSP48E1 instance is invalid.
Time: 19845 ns  Iteration: 16  Process: /apatb_qeic_real_sum_band_density_accumulator_top/AESL_inst_qeic_real_sum_band_density_accumulator/qeic_real_sum_band_density_accumulator_dadd_64ns_64ns_64_5_full_dsp_1_U1/qeic_real_sum_band_density_accumulator_ap_dadd_3_full_dsp_64_u/U0/i_synth/addsub_op/ADDSUB/logic_speed/OP/ALIGN_BLK/FRAC_ADDSUB/dsp_add/FRAC_ADDSUB/dsp48e1_add/DSP48E1_ADD/DSP/prcs_opmode_drc  File: /home/Xilinx/Vivado/2019.1/data/vhdl/src/unisims/primitive/DSP48E1.vhd
Warning: OPMODE Input Warning : The OPMODE 011XX11 with CARRYINSEL  000 to DSP48E1 instance is invalid.
Time: 20065100 ps  Iteration: 10  Process: /apatb_qeic_real_sum_band_density_accumulator_top/AESL_inst_qeic_real_sum_band_density_accumulator/qeic_real_sum_band_density_accumulator_dmul_64ns_64ns_64_6_max_dsp_1_U2/qeic_real_sum_band_density_accumulator_ap_dmul_4_max_dsp_64_u/U0/i_synth/mult/OP/i_non_prim/R_AND_R/logic/R_AND_R/dsp48_e1/dsp48e1_add/DSP48E1_ADD/DSP/prcs_opmode_drc  File: /home/Xilinx/Vivado/2019.1/data/vhdl/src/unisims/primitive/DSP48E1.vhd
Warning: OPMODE Input Warning : The OPMODE 001XXXX with CARRYINSEL  000 to DSP48E1 instance is invalid.
Time: 20105 ns  Iteration: 14  Process: /apatb_qeic_real_sum_band_density_accumulator_top/AESL_inst_qeic_real_sum_band_density_accumulator/qeic_real_sum_band_density_accumulator_dadd_64ns_64ns_64_5_full_dsp_1_U1/qeic_real_sum_band_density_accumulator_ap_dadd_3_full_dsp_64_u/U0/i_synth/addsub_op/ADDSUB/logic_speed/OP/ALIGN_BLK/FRAC_ADDSUB/dsp_add/FRAC_ADDSUB/dsp48e1_add/DSP48E1_ADD/DSP/prcs_opmode_drc  File: /home/Xilinx/Vivado/2019.1/data/vhdl/src/unisims/primitive/DSP48E1.vhd
Warning: OPMODE Input Warning : The OPMODE 011XX11 with CARRYINSEL  000 to DSP48E1 instance is invalid.
Time: 20175100 ps  Iteration: 10  Process: /apatb_qeic_real_sum_band_density_accumulator_top/AESL_inst_qeic_real_sum_band_density_accumulator/qeic_real_sum_band_density_accumulator_dmul_64ns_64ns_64_6_max_dsp_1_U2/qeic_real_sum_band_density_accumulator_ap_dmul_4_max_dsp_64_u/U0/i_synth/mult/OP/i_non_prim/R_AND_R/logic/R_AND_R/dsp48_e1/dsp48e1_add/DSP48E1_ADD/DSP/prcs_opmode_drc  File: /home/Xilinx/Vivado/2019.1/data/vhdl/src/unisims/primitive/DSP48E1.vhd
Warning: OPMODE Input Warning : The OPMODE 001XXXX with CARRYINSEL  000 to DSP48E1 instance is invalid.
Time: 20215 ns  Iteration: 14  Process: /apatb_qeic_real_sum_band_density_accumulator_top/AESL_inst_qeic_real_sum_band_density_accumulator/qeic_real_sum_band_density_accumulator_dadd_64ns_64ns_64_5_full_dsp_1_U1/qeic_real_sum_band_density_accumulator_ap_dadd_3_full_dsp_64_u/U0/i_synth/addsub_op/ADDSUB/logic_speed/OP/ALIGN_BLK/FRAC_ADDSUB/dsp_add/FRAC_ADDSUB/dsp48e1_add/DSP48E1_ADD/DSP/prcs_opmode_drc  File: /home/Xilinx/Vivado/2019.1/data/vhdl/src/unisims/primitive/DSP48E1.vhd
Warning: OPMODE Input Warning : The OPMODE 011XX11 with CARRYINSEL  000 to DSP48E1 instance is invalid.
Time: 20435100 ps  Iteration: 10  Process: /apatb_qeic_real_sum_band_density_accumulator_top/AESL_inst_qeic_real_sum_band_density_accumulator/qeic_real_sum_band_density_accumulator_dmul_64ns_64ns_64_6_max_dsp_1_U2/qeic_real_sum_band_density_accumulator_ap_dmul_4_max_dsp_64_u/U0/i_synth/mult/OP/i_non_prim/R_AND_R/logic/R_AND_R/dsp48_e1/dsp48e1_add/DSP48E1_ADD/DSP/prcs_opmode_drc  File: /home/Xilinx/Vivado/2019.1/data/vhdl/src/unisims/primitive/DSP48E1.vhd
Warning: OPMODE Input Warning : The OPMODE 001XXXX with CARRYINSEL  000 to DSP48E1 instance is invalid.
Time: 20475 ns  Iteration: 14  Process: /apatb_qeic_real_sum_band_density_accumulator_top/AESL_inst_qeic_real_sum_band_density_accumulator/qeic_real_sum_band_density_accumulator_dadd_64ns_64ns_64_5_full_dsp_1_U1/qeic_real_sum_band_density_accumulator_ap_dadd_3_full_dsp_64_u/U0/i_synth/addsub_op/ADDSUB/logic_speed/OP/ALIGN_BLK/FRAC_ADDSUB/dsp_add/FRAC_ADDSUB/dsp48e1_add/DSP48E1_ADD/DSP/prcs_opmode_drc  File: /home/Xilinx/Vivado/2019.1/data/vhdl/src/unisims/primitive/DSP48E1.vhd
Warning: OPMODE Input Warning : The OPMODE 011XX11 with CARRYINSEL  000 to DSP48E1 instance is invalid.
Time: 20545100 ps  Iteration: 10  Process: /apatb_qeic_real_sum_band_density_accumulator_top/AESL_inst_qeic_real_sum_band_density_accumulator/qeic_real_sum_band_density_accumulator_dmul_64ns_64ns_64_6_max_dsp_1_U2/qeic_real_sum_band_density_accumulator_ap_dmul_4_max_dsp_64_u/U0/i_synth/mult/OP/i_non_prim/R_AND_R/logic/R_AND_R/dsp48_e1/dsp48e1_add/DSP48E1_ADD/DSP/prcs_opmode_drc  File: /home/Xilinx/Vivado/2019.1/data/vhdl/src/unisims/primitive/DSP48E1.vhd
Warning: OPMODE Input Warning : The OPMODE 001XXXX with CARRYINSEL  000 to DSP48E1 instance is invalid.
Time: 20585 ns  Iteration: 14  Process: /apatb_qeic_real_sum_band_density_accumulator_top/AESL_inst_qeic_real_sum_band_density_accumulator/qeic_real_sum_band_density_accumulator_dadd_64ns_64ns_64_5_full_dsp_1_U1/qeic_real_sum_band_density_accumulator_ap_dadd_3_full_dsp_64_u/U0/i_synth/addsub_op/ADDSUB/logic_speed/OP/ALIGN_BLK/FRAC_ADDSUB/dsp_add/FRAC_ADDSUB/dsp48e1_add/DSP48E1_ADD/DSP/prcs_opmode_drc  File: /home/Xilinx/Vivado/2019.1/data/vhdl/src/unisims/primitive/DSP48E1.vhd
Warning: OPMODE Input Warning : The OPMODE 011XX11 with CARRYINSEL  000 to DSP48E1 instance is invalid.
Time: 20805100 ps  Iteration: 10  Process: /apatb_qeic_real_sum_band_density_accumulator_top/AESL_inst_qeic_real_sum_band_density_accumulator/qeic_real_sum_band_density_accumulator_dmul_64ns_64ns_64_6_max_dsp_1_U2/qeic_real_sum_band_density_accumulator_ap_dmul_4_max_dsp_64_u/U0/i_synth/mult/OP/i_non_prim/R_AND_R/logic/R_AND_R/dsp48_e1/dsp48e1_add/DSP48E1_ADD/DSP/prcs_opmode_drc  File: /home/Xilinx/Vivado/2019.1/data/vhdl/src/unisims/primitive/DSP48E1.vhd
Warning: OPMODE Input Warning : The OPMODE 001XXXX with CARRYINSEL  000 to DSP48E1 instance is invalid.
Time: 20845 ns  Iteration: 14  Process: /apatb_qeic_real_sum_band_density_accumulator_top/AESL_inst_qeic_real_sum_band_density_accumulator/qeic_real_sum_band_density_accumulator_dadd_64ns_64ns_64_5_full_dsp_1_U1/qeic_real_sum_band_density_accumulator_ap_dadd_3_full_dsp_64_u/U0/i_synth/addsub_op/ADDSUB/logic_speed/OP/ALIGN_BLK/FRAC_ADDSUB/dsp_add/FRAC_ADDSUB/dsp48e1_add/DSP48E1_ADD/DSP/prcs_opmode_drc  File: /home/Xilinx/Vivado/2019.1/data/vhdl/src/unisims/primitive/DSP48E1.vhd
Warning: OPMODE Input Warning : The OPMODE 011XX11 with CARRYINSEL  000 to DSP48E1 instance is invalid.
Time: 20915100 ps  Iteration: 10  Process: /apatb_qeic_real_sum_band_density_accumulator_top/AESL_inst_qeic_real_sum_band_density_accumulator/qeic_real_sum_band_density_accumulator_dmul_64ns_64ns_64_6_max_dsp_1_U2/qeic_real_sum_band_density_accumulator_ap_dmul_4_max_dsp_64_u/U0/i_synth/mult/OP/i_non_prim/R_AND_R/logic/R_AND_R/dsp48_e1/dsp48e1_add/DSP48E1_ADD/DSP/prcs_opmode_drc  File: /home/Xilinx/Vivado/2019.1/data/vhdl/src/unisims/primitive/DSP48E1.vhd
Warning: OPMODE Input Warning : The OPMODE 001XXXX with CARRYINSEL  000 to DSP48E1 instance is invalid.
Time: 20955 ns  Iteration: 14  Process: /apatb_qeic_real_sum_band_density_accumulator_top/AESL_inst_qeic_real_sum_band_density_accumulator/qeic_real_sum_band_density_accumulator_dadd_64ns_64ns_64_5_full_dsp_1_U1/qeic_real_sum_band_density_accumulator_ap_dadd_3_full_dsp_64_u/U0/i_synth/addsub_op/ADDSUB/logic_speed/OP/ALIGN_BLK/FRAC_ADDSUB/dsp_add/FRAC_ADDSUB/dsp48e1_add/DSP48E1_ADD/DSP/prcs_opmode_drc  File: /home/Xilinx/Vivado/2019.1/data/vhdl/src/unisims/primitive/DSP48E1.vhd
Warning: OPMODE Input Warning : The OPMODE 011XX11 with CARRYINSEL  000 to DSP48E1 instance is invalid.
Time: 21255100 ps  Iteration: 10  Process: /apatb_qeic_real_sum_band_density_accumulator_top/AESL_inst_qeic_real_sum_band_density_accumulator/qeic_real_sum_band_density_accumulator_dmul_64ns_64ns_64_6_max_dsp_1_U2/qeic_real_sum_band_density_accumulator_ap_dmul_4_max_dsp_64_u/U0/i_synth/mult/OP/i_non_prim/R_AND_R/logic/R_AND_R/dsp48_e1/dsp48e1_add/DSP48E1_ADD/DSP/prcs_opmode_drc  File: /home/Xilinx/Vivado/2019.1/data/vhdl/src/unisims/primitive/DSP48E1.vhd
Warning: OPMODE Input Warning : The OPMODE 001XXXX with CARRYINSEL  000 to DSP48E1 instance is invalid.
Time: 21295 ns  Iteration: 14  Process: /apatb_qeic_real_sum_band_density_accumulator_top/AESL_inst_qeic_real_sum_band_density_accumulator/qeic_real_sum_band_density_accumulator_dadd_64ns_64ns_64_5_full_dsp_1_U1/qeic_real_sum_band_density_accumulator_ap_dadd_3_full_dsp_64_u/U0/i_synth/addsub_op/ADDSUB/logic_speed/OP/ALIGN_BLK/FRAC_ADDSUB/dsp_add/FRAC_ADDSUB/dsp48e1_add/DSP48E1_ADD/DSP/prcs_opmode_drc  File: /home/Xilinx/Vivado/2019.1/data/vhdl/src/unisims/primitive/DSP48E1.vhd
Warning: OPMODE Input Warning : The OPMODE 011XX11 with CARRYINSEL  000 to DSP48E1 instance is invalid.
Time: 21365100 ps  Iteration: 10  Process: /apatb_qeic_real_sum_band_density_accumulator_top/AESL_inst_qeic_real_sum_band_density_accumulator/qeic_real_sum_band_density_accumulator_dmul_64ns_64ns_64_6_max_dsp_1_U2/qeic_real_sum_band_density_accumulator_ap_dmul_4_max_dsp_64_u/U0/i_synth/mult/OP/i_non_prim/R_AND_R/logic/R_AND_R/dsp48_e1/dsp48e1_add/DSP48E1_ADD/DSP/prcs_opmode_drc  File: /home/Xilinx/Vivado/2019.1/data/vhdl/src/unisims/primitive/DSP48E1.vhd
Warning: OPMODE Input Warning : The OPMODE 001XXXX with CARRYINSEL  000 to DSP48E1 instance is invalid.
Time: 21405 ns  Iteration: 16  Process: /apatb_qeic_real_sum_band_density_accumulator_top/AESL_inst_qeic_real_sum_band_density_accumulator/qeic_real_sum_band_density_accumulator_dadd_64ns_64ns_64_5_full_dsp_1_U1/qeic_real_sum_band_density_accumulator_ap_dadd_3_full_dsp_64_u/U0/i_synth/addsub_op/ADDSUB/logic_speed/OP/ALIGN_BLK/FRAC_ADDSUB/dsp_add/FRAC_ADDSUB/dsp48e1_add/DSP48E1_ADD/DSP/prcs_opmode_drc  File: /home/Xilinx/Vivado/2019.1/data/vhdl/src/unisims/primitive/DSP48E1.vhd
Warning: OPMODE Input Warning : The OPMODE 011XX11 with CARRYINSEL  000 to DSP48E1 instance is invalid.
Time: 21625100 ps  Iteration: 10  Process: /apatb_qeic_real_sum_band_density_accumulator_top/AESL_inst_qeic_real_sum_band_density_accumulator/qeic_real_sum_band_density_accumulator_dmul_64ns_64ns_64_6_max_dsp_1_U2/qeic_real_sum_band_density_accumulator_ap_dmul_4_max_dsp_64_u/U0/i_synth/mult/OP/i_non_prim/R_AND_R/logic/R_AND_R/dsp48_e1/dsp48e1_add/DSP48E1_ADD/DSP/prcs_opmode_drc  File: /home/Xilinx/Vivado/2019.1/data/vhdl/src/unisims/primitive/DSP48E1.vhd
Warning: OPMODE Input Warning : The OPMODE 001XXXX with CARRYINSEL  000 to DSP48E1 instance is invalid.
Time: 21665 ns  Iteration: 14  Process: /apatb_qeic_real_sum_band_density_accumulator_top/AESL_inst_qeic_real_sum_band_density_accumulator/qeic_real_sum_band_density_accumulator_dadd_64ns_64ns_64_5_full_dsp_1_U1/qeic_real_sum_band_density_accumulator_ap_dadd_3_full_dsp_64_u/U0/i_synth/addsub_op/ADDSUB/logic_speed/OP/ALIGN_BLK/FRAC_ADDSUB/dsp_add/FRAC_ADDSUB/dsp48e1_add/DSP48E1_ADD/DSP/prcs_opmode_drc  File: /home/Xilinx/Vivado/2019.1/data/vhdl/src/unisims/primitive/DSP48E1.vhd
Warning: OPMODE Input Warning : The OPMODE 011XX11 with CARRYINSEL  000 to DSP48E1 instance is invalid.
Time: 21735100 ps  Iteration: 10  Process: /apatb_qeic_real_sum_band_density_accumulator_top/AESL_inst_qeic_real_sum_band_density_accumulator/qeic_real_sum_band_density_accumulator_dmul_64ns_64ns_64_6_max_dsp_1_U2/qeic_real_sum_band_density_accumulator_ap_dmul_4_max_dsp_64_u/U0/i_synth/mult/OP/i_non_prim/R_AND_R/logic/R_AND_R/dsp48_e1/dsp48e1_add/DSP48E1_ADD/DSP/prcs_opmode_drc  File: /home/Xilinx/Vivado/2019.1/data/vhdl/src/unisims/primitive/DSP48E1.vhd
Warning: OPMODE Input Warning : The OPMODE 001XXXX with CARRYINSEL  000 to DSP48E1 instance is invalid.
Time: 21775 ns  Iteration: 14  Process: /apatb_qeic_real_sum_band_density_accumulator_top/AESL_inst_qeic_real_sum_band_density_accumulator/qeic_real_sum_band_density_accumulator_dadd_64ns_64ns_64_5_full_dsp_1_U1/qeic_real_sum_band_density_accumulator_ap_dadd_3_full_dsp_64_u/U0/i_synth/addsub_op/ADDSUB/logic_speed/OP/ALIGN_BLK/FRAC_ADDSUB/dsp_add/FRAC_ADDSUB/dsp48e1_add/DSP48E1_ADD/DSP/prcs_opmode_drc  File: /home/Xilinx/Vivado/2019.1/data/vhdl/src/unisims/primitive/DSP48E1.vhd
Warning: OPMODE Input Warning : The OPMODE 011XX11 with CARRYINSEL  000 to DSP48E1 instance is invalid.
Time: 21995100 ps  Iteration: 10  Process: /apatb_qeic_real_sum_band_density_accumulator_top/AESL_inst_qeic_real_sum_band_density_accumulator/qeic_real_sum_band_density_accumulator_dmul_64ns_64ns_64_6_max_dsp_1_U2/qeic_real_sum_band_density_accumulator_ap_dmul_4_max_dsp_64_u/U0/i_synth/mult/OP/i_non_prim/R_AND_R/logic/R_AND_R/dsp48_e1/dsp48e1_add/DSP48E1_ADD/DSP/prcs_opmode_drc  File: /home/Xilinx/Vivado/2019.1/data/vhdl/src/unisims/primitive/DSP48E1.vhd
Warning: OPMODE Input Warning : The OPMODE 001XXXX with CARRYINSEL  000 to DSP48E1 instance is invalid.
Time: 22035 ns  Iteration: 14  Process: /apatb_qeic_real_sum_band_density_accumulator_top/AESL_inst_qeic_real_sum_band_density_accumulator/qeic_real_sum_band_density_accumulator_dadd_64ns_64ns_64_5_full_dsp_1_U1/qeic_real_sum_band_density_accumulator_ap_dadd_3_full_dsp_64_u/U0/i_synth/addsub_op/ADDSUB/logic_speed/OP/ALIGN_BLK/FRAC_ADDSUB/dsp_add/FRAC_ADDSUB/dsp48e1_add/DSP48E1_ADD/DSP/prcs_opmode_drc  File: /home/Xilinx/Vivado/2019.1/data/vhdl/src/unisims/primitive/DSP48E1.vhd
Warning: OPMODE Input Warning : The OPMODE 011XX11 with CARRYINSEL  000 to DSP48E1 instance is invalid.
Time: 22105100 ps  Iteration: 10  Process: /apatb_qeic_real_sum_band_density_accumulator_top/AESL_inst_qeic_real_sum_band_density_accumulator/qeic_real_sum_band_density_accumulator_dmul_64ns_64ns_64_6_max_dsp_1_U2/qeic_real_sum_band_density_accumulator_ap_dmul_4_max_dsp_64_u/U0/i_synth/mult/OP/i_non_prim/R_AND_R/logic/R_AND_R/dsp48_e1/dsp48e1_add/DSP48E1_ADD/DSP/prcs_opmode_drc  File: /home/Xilinx/Vivado/2019.1/data/vhdl/src/unisims/primitive/DSP48E1.vhd
Warning: OPMODE Input Warning : The OPMODE 001XXXX with CARRYINSEL  000 to DSP48E1 instance is invalid.
Time: 22145 ns  Iteration: 14  Process: /apatb_qeic_real_sum_band_density_accumulator_top/AESL_inst_qeic_real_sum_band_density_accumulator/qeic_real_sum_band_density_accumulator_dadd_64ns_64ns_64_5_full_dsp_1_U1/qeic_real_sum_band_density_accumulator_ap_dadd_3_full_dsp_64_u/U0/i_synth/addsub_op/ADDSUB/logic_speed/OP/ALIGN_BLK/FRAC_ADDSUB/dsp_add/FRAC_ADDSUB/dsp48e1_add/DSP48E1_ADD/DSP/prcs_opmode_drc  File: /home/Xilinx/Vivado/2019.1/data/vhdl/src/unisims/primitive/DSP48E1.vhd
Warning: OPMODE Input Warning : The OPMODE 011XX11 with CARRYINSEL  000 to DSP48E1 instance is invalid.
Time: 22365100 ps  Iteration: 10  Process: /apatb_qeic_real_sum_band_density_accumulator_top/AESL_inst_qeic_real_sum_band_density_accumulator/qeic_real_sum_band_density_accumulator_dmul_64ns_64ns_64_6_max_dsp_1_U2/qeic_real_sum_band_density_accumulator_ap_dmul_4_max_dsp_64_u/U0/i_synth/mult/OP/i_non_prim/R_AND_R/logic/R_AND_R/dsp48_e1/dsp48e1_add/DSP48E1_ADD/DSP/prcs_opmode_drc  File: /home/Xilinx/Vivado/2019.1/data/vhdl/src/unisims/primitive/DSP48E1.vhd
Warning: OPMODE Input Warning : The OPMODE 001XXXX with CARRYINSEL  000 to DSP48E1 instance is invalid.
Time: 22405 ns  Iteration: 14  Process: /apatb_qeic_real_sum_band_density_accumulator_top/AESL_inst_qeic_real_sum_band_density_accumulator/qeic_real_sum_band_density_accumulator_dadd_64ns_64ns_64_5_full_dsp_1_U1/qeic_real_sum_band_density_accumulator_ap_dadd_3_full_dsp_64_u/U0/i_synth/addsub_op/ADDSUB/logic_speed/OP/ALIGN_BLK/FRAC_ADDSUB/dsp_add/FRAC_ADDSUB/dsp48e1_add/DSP48E1_ADD/DSP/prcs_opmode_drc  File: /home/Xilinx/Vivado/2019.1/data/vhdl/src/unisims/primitive/DSP48E1.vhd
Warning: OPMODE Input Warning : The OPMODE 011XX11 with CARRYINSEL  000 to DSP48E1 instance is invalid.
Time: 22475100 ps  Iteration: 10  Process: /apatb_qeic_real_sum_band_density_accumulator_top/AESL_inst_qeic_real_sum_band_density_accumulator/qeic_real_sum_band_density_accumulator_dmul_64ns_64ns_64_6_max_dsp_1_U2/qeic_real_sum_band_density_accumulator_ap_dmul_4_max_dsp_64_u/U0/i_synth/mult/OP/i_non_prim/R_AND_R/logic/R_AND_R/dsp48_e1/dsp48e1_add/DSP48E1_ADD/DSP/prcs_opmode_drc  File: /home/Xilinx/Vivado/2019.1/data/vhdl/src/unisims/primitive/DSP48E1.vhd
Warning: OPMODE Input Warning : The OPMODE 001XXXX with CARRYINSEL  000 to DSP48E1 instance is invalid.
Time: 22515 ns  Iteration: 14  Process: /apatb_qeic_real_sum_band_density_accumulator_top/AESL_inst_qeic_real_sum_band_density_accumulator/qeic_real_sum_band_density_accumulator_dadd_64ns_64ns_64_5_full_dsp_1_U1/qeic_real_sum_band_density_accumulator_ap_dadd_3_full_dsp_64_u/U0/i_synth/addsub_op/ADDSUB/logic_speed/OP/ALIGN_BLK/FRAC_ADDSUB/dsp_add/FRAC_ADDSUB/dsp48e1_add/DSP48E1_ADD/DSP/prcs_opmode_drc  File: /home/Xilinx/Vivado/2019.1/data/vhdl/src/unisims/primitive/DSP48E1.vhd
Warning: OPMODE Input Warning : The OPMODE 011XX11 with CARRYINSEL  000 to DSP48E1 instance is invalid.
Time: 22815100 ps  Iteration: 10  Process: /apatb_qeic_real_sum_band_density_accumulator_top/AESL_inst_qeic_real_sum_band_density_accumulator/qeic_real_sum_band_density_accumulator_dmul_64ns_64ns_64_6_max_dsp_1_U2/qeic_real_sum_band_density_accumulator_ap_dmul_4_max_dsp_64_u/U0/i_synth/mult/OP/i_non_prim/R_AND_R/logic/R_AND_R/dsp48_e1/dsp48e1_add/DSP48E1_ADD/DSP/prcs_opmode_drc  File: /home/Xilinx/Vivado/2019.1/data/vhdl/src/unisims/primitive/DSP48E1.vhd
Warning: OPMODE Input Warning : The OPMODE 001XXXX with CARRYINSEL  000 to DSP48E1 instance is invalid.
Time: 22855 ns  Iteration: 14  Process: /apatb_qeic_real_sum_band_density_accumulator_top/AESL_inst_qeic_real_sum_band_density_accumulator/qeic_real_sum_band_density_accumulator_dadd_64ns_64ns_64_5_full_dsp_1_U1/qeic_real_sum_band_density_accumulator_ap_dadd_3_full_dsp_64_u/U0/i_synth/addsub_op/ADDSUB/logic_speed/OP/ALIGN_BLK/FRAC_ADDSUB/dsp_add/FRAC_ADDSUB/dsp48e1_add/DSP48E1_ADD/DSP/prcs_opmode_drc  File: /home/Xilinx/Vivado/2019.1/data/vhdl/src/unisims/primitive/DSP48E1.vhd
Warning: OPMODE Input Warning : The OPMODE 011XX11 with CARRYINSEL  000 to DSP48E1 instance is invalid.
Time: 22925100 ps  Iteration: 10  Process: /apatb_qeic_real_sum_band_density_accumulator_top/AESL_inst_qeic_real_sum_band_density_accumulator/qeic_real_sum_band_density_accumulator_dmul_64ns_64ns_64_6_max_dsp_1_U2/qeic_real_sum_band_density_accumulator_ap_dmul_4_max_dsp_64_u/U0/i_synth/mult/OP/i_non_prim/R_AND_R/logic/R_AND_R/dsp48_e1/dsp48e1_add/DSP48E1_ADD/DSP/prcs_opmode_drc  File: /home/Xilinx/Vivado/2019.1/data/vhdl/src/unisims/primitive/DSP48E1.vhd
Warning: OPMODE Input Warning : The OPMODE 001XXXX with CARRYINSEL  000 to DSP48E1 instance is invalid.
Time: 22965 ns  Iteration: 16  Process: /apatb_qeic_real_sum_band_density_accumulator_top/AESL_inst_qeic_real_sum_band_density_accumulator/qeic_real_sum_band_density_accumulator_dadd_64ns_64ns_64_5_full_dsp_1_U1/qeic_real_sum_band_density_accumulator_ap_dadd_3_full_dsp_64_u/U0/i_synth/addsub_op/ADDSUB/logic_speed/OP/ALIGN_BLK/FRAC_ADDSUB/dsp_add/FRAC_ADDSUB/dsp48e1_add/DSP48E1_ADD/DSP/prcs_opmode_drc  File: /home/Xilinx/Vivado/2019.1/data/vhdl/src/unisims/primitive/DSP48E1.vhd
Warning: OPMODE Input Warning : The OPMODE 011XX11 with CARRYINSEL  000 to DSP48E1 instance is invalid.
Time: 23185100 ps  Iteration: 10  Process: /apatb_qeic_real_sum_band_density_accumulator_top/AESL_inst_qeic_real_sum_band_density_accumulator/qeic_real_sum_band_density_accumulator_dmul_64ns_64ns_64_6_max_dsp_1_U2/qeic_real_sum_band_density_accumulator_ap_dmul_4_max_dsp_64_u/U0/i_synth/mult/OP/i_non_prim/R_AND_R/logic/R_AND_R/dsp48_e1/dsp48e1_add/DSP48E1_ADD/DSP/prcs_opmode_drc  File: /home/Xilinx/Vivado/2019.1/data/vhdl/src/unisims/primitive/DSP48E1.vhd
Warning: OPMODE Input Warning : The OPMODE 001XXXX with CARRYINSEL  000 to DSP48E1 instance is invalid.
Time: 23225 ns  Iteration: 14  Process: /apatb_qeic_real_sum_band_density_accumulator_top/AESL_inst_qeic_real_sum_band_density_accumulator/qeic_real_sum_band_density_accumulator_dadd_64ns_64ns_64_5_full_dsp_1_U1/qeic_real_sum_band_density_accumulator_ap_dadd_3_full_dsp_64_u/U0/i_synth/addsub_op/ADDSUB/logic_speed/OP/ALIGN_BLK/FRAC_ADDSUB/dsp_add/FRAC_ADDSUB/dsp48e1_add/DSP48E1_ADD/DSP/prcs_opmode_drc  File: /home/Xilinx/Vivado/2019.1/data/vhdl/src/unisims/primitive/DSP48E1.vhd
Warning: OPMODE Input Warning : The OPMODE 011XX11 with CARRYINSEL  000 to DSP48E1 instance is invalid.
Time: 23295100 ps  Iteration: 10  Process: /apatb_qeic_real_sum_band_density_accumulator_top/AESL_inst_qeic_real_sum_band_density_accumulator/qeic_real_sum_band_density_accumulator_dmul_64ns_64ns_64_6_max_dsp_1_U2/qeic_real_sum_band_density_accumulator_ap_dmul_4_max_dsp_64_u/U0/i_synth/mult/OP/i_non_prim/R_AND_R/logic/R_AND_R/dsp48_e1/dsp48e1_add/DSP48E1_ADD/DSP/prcs_opmode_drc  File: /home/Xilinx/Vivado/2019.1/data/vhdl/src/unisims/primitive/DSP48E1.vhd
Warning: OPMODE Input Warning : The OPMODE 001XXXX with CARRYINSEL  000 to DSP48E1 instance is invalid.
Time: 23335 ns  Iteration: 14  Process: /apatb_qeic_real_sum_band_density_accumulator_top/AESL_inst_qeic_real_sum_band_density_accumulator/qeic_real_sum_band_density_accumulator_dadd_64ns_64ns_64_5_full_dsp_1_U1/qeic_real_sum_band_density_accumulator_ap_dadd_3_full_dsp_64_u/U0/i_synth/addsub_op/ADDSUB/logic_speed/OP/ALIGN_BLK/FRAC_ADDSUB/dsp_add/FRAC_ADDSUB/dsp48e1_add/DSP48E1_ADD/DSP/prcs_opmode_drc  File: /home/Xilinx/Vivado/2019.1/data/vhdl/src/unisims/primitive/DSP48E1.vhd
Warning: OPMODE Input Warning : The OPMODE 011XX11 with CARRYINSEL  000 to DSP48E1 instance is invalid.
Time: 23555100 ps  Iteration: 10  Process: /apatb_qeic_real_sum_band_density_accumulator_top/AESL_inst_qeic_real_sum_band_density_accumulator/qeic_real_sum_band_density_accumulator_dmul_64ns_64ns_64_6_max_dsp_1_U2/qeic_real_sum_band_density_accumulator_ap_dmul_4_max_dsp_64_u/U0/i_synth/mult/OP/i_non_prim/R_AND_R/logic/R_AND_R/dsp48_e1/dsp48e1_add/DSP48E1_ADD/DSP/prcs_opmode_drc  File: /home/Xilinx/Vivado/2019.1/data/vhdl/src/unisims/primitive/DSP48E1.vhd
Warning: OPMODE Input Warning : The OPMODE 001XXXX with CARRYINSEL  000 to DSP48E1 instance is invalid.
Time: 23595 ns  Iteration: 14  Process: /apatb_qeic_real_sum_band_density_accumulator_top/AESL_inst_qeic_real_sum_band_density_accumulator/qeic_real_sum_band_density_accumulator_dadd_64ns_64ns_64_5_full_dsp_1_U1/qeic_real_sum_band_density_accumulator_ap_dadd_3_full_dsp_64_u/U0/i_synth/addsub_op/ADDSUB/logic_speed/OP/ALIGN_BLK/FRAC_ADDSUB/dsp_add/FRAC_ADDSUB/dsp48e1_add/DSP48E1_ADD/DSP/prcs_opmode_drc  File: /home/Xilinx/Vivado/2019.1/data/vhdl/src/unisims/primitive/DSP48E1.vhd
Warning: OPMODE Input Warning : The OPMODE 011XX11 with CARRYINSEL  000 to DSP48E1 instance is invalid.
Time: 23665100 ps  Iteration: 10  Process: /apatb_qeic_real_sum_band_density_accumulator_top/AESL_inst_qeic_real_sum_band_density_accumulator/qeic_real_sum_band_density_accumulator_dmul_64ns_64ns_64_6_max_dsp_1_U2/qeic_real_sum_band_density_accumulator_ap_dmul_4_max_dsp_64_u/U0/i_synth/mult/OP/i_non_prim/R_AND_R/logic/R_AND_R/dsp48_e1/dsp48e1_add/DSP48E1_ADD/DSP/prcs_opmode_drc  File: /home/Xilinx/Vivado/2019.1/data/vhdl/src/unisims/primitive/DSP48E1.vhd
Warning: OPMODE Input Warning : The OPMODE 001XXXX with CARRYINSEL  000 to DSP48E1 instance is invalid.
Time: 23705 ns  Iteration: 14  Process: /apatb_qeic_real_sum_band_density_accumulator_top/AESL_inst_qeic_real_sum_band_density_accumulator/qeic_real_sum_band_density_accumulator_dadd_64ns_64ns_64_5_full_dsp_1_U1/qeic_real_sum_band_density_accumulator_ap_dadd_3_full_dsp_64_u/U0/i_synth/addsub_op/ADDSUB/logic_speed/OP/ALIGN_BLK/FRAC_ADDSUB/dsp_add/FRAC_ADDSUB/dsp48e1_add/DSP48E1_ADD/DSP/prcs_opmode_drc  File: /home/Xilinx/Vivado/2019.1/data/vhdl/src/unisims/primitive/DSP48E1.vhd
Warning: OPMODE Input Warning : The OPMODE 011XX11 with CARRYINSEL  000 to DSP48E1 instance is invalid.
Time: 23925100 ps  Iteration: 10  Process: /apatb_qeic_real_sum_band_density_accumulator_top/AESL_inst_qeic_real_sum_band_density_accumulator/qeic_real_sum_band_density_accumulator_dmul_64ns_64ns_64_6_max_dsp_1_U2/qeic_real_sum_band_density_accumulator_ap_dmul_4_max_dsp_64_u/U0/i_synth/mult/OP/i_non_prim/R_AND_R/logic/R_AND_R/dsp48_e1/dsp48e1_add/DSP48E1_ADD/DSP/prcs_opmode_drc  File: /home/Xilinx/Vivado/2019.1/data/vhdl/src/unisims/primitive/DSP48E1.vhd
Warning: OPMODE Input Warning : The OPMODE 001XXXX with CARRYINSEL  000 to DSP48E1 instance is invalid.
Time: 23965 ns  Iteration: 14  Process: /apatb_qeic_real_sum_band_density_accumulator_top/AESL_inst_qeic_real_sum_band_density_accumulator/qeic_real_sum_band_density_accumulator_dadd_64ns_64ns_64_5_full_dsp_1_U1/qeic_real_sum_band_density_accumulator_ap_dadd_3_full_dsp_64_u/U0/i_synth/addsub_op/ADDSUB/logic_speed/OP/ALIGN_BLK/FRAC_ADDSUB/dsp_add/FRAC_ADDSUB/dsp48e1_add/DSP48E1_ADD/DSP/prcs_opmode_drc  File: /home/Xilinx/Vivado/2019.1/data/vhdl/src/unisims/primitive/DSP48E1.vhd
Warning: OPMODE Input Warning : The OPMODE 011XX11 with CARRYINSEL  000 to DSP48E1 instance is invalid.
Time: 24035100 ps  Iteration: 10  Process: /apatb_qeic_real_sum_band_density_accumulator_top/AESL_inst_qeic_real_sum_band_density_accumulator/qeic_real_sum_band_density_accumulator_dmul_64ns_64ns_64_6_max_dsp_1_U2/qeic_real_sum_band_density_accumulator_ap_dmul_4_max_dsp_64_u/U0/i_synth/mult/OP/i_non_prim/R_AND_R/logic/R_AND_R/dsp48_e1/dsp48e1_add/DSP48E1_ADD/DSP/prcs_opmode_drc  File: /home/Xilinx/Vivado/2019.1/data/vhdl/src/unisims/primitive/DSP48E1.vhd
Warning: OPMODE Input Warning : The OPMODE 001XXXX with CARRYINSEL  000 to DSP48E1 instance is invalid.
Time: 24075 ns  Iteration: 14  Process: /apatb_qeic_real_sum_band_density_accumulator_top/AESL_inst_qeic_real_sum_band_density_accumulator/qeic_real_sum_band_density_accumulator_dadd_64ns_64ns_64_5_full_dsp_1_U1/qeic_real_sum_band_density_accumulator_ap_dadd_3_full_dsp_64_u/U0/i_synth/addsub_op/ADDSUB/logic_speed/OP/ALIGN_BLK/FRAC_ADDSUB/dsp_add/FRAC_ADDSUB/dsp48e1_add/DSP48E1_ADD/DSP/prcs_opmode_drc  File: /home/Xilinx/Vivado/2019.1/data/vhdl/src/unisims/primitive/DSP48E1.vhd
Warning: OPMODE Input Warning : The OPMODE 011XX11 with CARRYINSEL  000 to DSP48E1 instance is invalid.
Time: 24375100 ps  Iteration: 10  Process: /apatb_qeic_real_sum_band_density_accumulator_top/AESL_inst_qeic_real_sum_band_density_accumulator/qeic_real_sum_band_density_accumulator_dmul_64ns_64ns_64_6_max_dsp_1_U2/qeic_real_sum_band_density_accumulator_ap_dmul_4_max_dsp_64_u/U0/i_synth/mult/OP/i_non_prim/R_AND_R/logic/R_AND_R/dsp48_e1/dsp48e1_add/DSP48E1_ADD/DSP/prcs_opmode_drc  File: /home/Xilinx/Vivado/2019.1/data/vhdl/src/unisims/primitive/DSP48E1.vhd
Warning: OPMODE Input Warning : The OPMODE 001XXXX with CARRYINSEL  000 to DSP48E1 instance is invalid.
Time: 24415 ns  Iteration: 14  Process: /apatb_qeic_real_sum_band_density_accumulator_top/AESL_inst_qeic_real_sum_band_density_accumulator/qeic_real_sum_band_density_accumulator_dadd_64ns_64ns_64_5_full_dsp_1_U1/qeic_real_sum_band_density_accumulator_ap_dadd_3_full_dsp_64_u/U0/i_synth/addsub_op/ADDSUB/logic_speed/OP/ALIGN_BLK/FRAC_ADDSUB/dsp_add/FRAC_ADDSUB/dsp48e1_add/DSP48E1_ADD/DSP/prcs_opmode_drc  File: /home/Xilinx/Vivado/2019.1/data/vhdl/src/unisims/primitive/DSP48E1.vhd
Warning: OPMODE Input Warning : The OPMODE 011XX11 with CARRYINSEL  000 to DSP48E1 instance is invalid.
Time: 24485100 ps  Iteration: 10  Process: /apatb_qeic_real_sum_band_density_accumulator_top/AESL_inst_qeic_real_sum_band_density_accumulator/qeic_real_sum_band_density_accumulator_dmul_64ns_64ns_64_6_max_dsp_1_U2/qeic_real_sum_band_density_accumulator_ap_dmul_4_max_dsp_64_u/U0/i_synth/mult/OP/i_non_prim/R_AND_R/logic/R_AND_R/dsp48_e1/dsp48e1_add/DSP48E1_ADD/DSP/prcs_opmode_drc  File: /home/Xilinx/Vivado/2019.1/data/vhdl/src/unisims/primitive/DSP48E1.vhd
Warning: OPMODE Input Warning : The OPMODE 001XXXX with CARRYINSEL  000 to DSP48E1 instance is invalid.
Time: 24525 ns  Iteration: 16  Process: /apatb_qeic_real_sum_band_density_accumulator_top/AESL_inst_qeic_real_sum_band_density_accumulator/qeic_real_sum_band_density_accumulator_dadd_64ns_64ns_64_5_full_dsp_1_U1/qeic_real_sum_band_density_accumulator_ap_dadd_3_full_dsp_64_u/U0/i_synth/addsub_op/ADDSUB/logic_speed/OP/ALIGN_BLK/FRAC_ADDSUB/dsp_add/FRAC_ADDSUB/dsp48e1_add/DSP48E1_ADD/DSP/prcs_opmode_drc  File: /home/Xilinx/Vivado/2019.1/data/vhdl/src/unisims/primitive/DSP48E1.vhd
Warning: OPMODE Input Warning : The OPMODE 011XX11 with CARRYINSEL  000 to DSP48E1 instance is invalid.
Time: 24745100 ps  Iteration: 10  Process: /apatb_qeic_real_sum_band_density_accumulator_top/AESL_inst_qeic_real_sum_band_density_accumulator/qeic_real_sum_band_density_accumulator_dmul_64ns_64ns_64_6_max_dsp_1_U2/qeic_real_sum_band_density_accumulator_ap_dmul_4_max_dsp_64_u/U0/i_synth/mult/OP/i_non_prim/R_AND_R/logic/R_AND_R/dsp48_e1/dsp48e1_add/DSP48E1_ADD/DSP/prcs_opmode_drc  File: /home/Xilinx/Vivado/2019.1/data/vhdl/src/unisims/primitive/DSP48E1.vhd
Warning: OPMODE Input Warning : The OPMODE 001XXXX with CARRYINSEL  000 to DSP48E1 instance is invalid.
Time: 24785 ns  Iteration: 14  Process: /apatb_qeic_real_sum_band_density_accumulator_top/AESL_inst_qeic_real_sum_band_density_accumulator/qeic_real_sum_band_density_accumulator_dadd_64ns_64ns_64_5_full_dsp_1_U1/qeic_real_sum_band_density_accumulator_ap_dadd_3_full_dsp_64_u/U0/i_synth/addsub_op/ADDSUB/logic_speed/OP/ALIGN_BLK/FRAC_ADDSUB/dsp_add/FRAC_ADDSUB/dsp48e1_add/DSP48E1_ADD/DSP/prcs_opmode_drc  File: /home/Xilinx/Vivado/2019.1/data/vhdl/src/unisims/primitive/DSP48E1.vhd
Warning: OPMODE Input Warning : The OPMODE 011XX11 with CARRYINSEL  000 to DSP48E1 instance is invalid.
Time: 24855100 ps  Iteration: 10  Process: /apatb_qeic_real_sum_band_density_accumulator_top/AESL_inst_qeic_real_sum_band_density_accumulator/qeic_real_sum_band_density_accumulator_dmul_64ns_64ns_64_6_max_dsp_1_U2/qeic_real_sum_band_density_accumulator_ap_dmul_4_max_dsp_64_u/U0/i_synth/mult/OP/i_non_prim/R_AND_R/logic/R_AND_R/dsp48_e1/dsp48e1_add/DSP48E1_ADD/DSP/prcs_opmode_drc  File: /home/Xilinx/Vivado/2019.1/data/vhdl/src/unisims/primitive/DSP48E1.vhd
Warning: OPMODE Input Warning : The OPMODE 001XXXX with CARRYINSEL  000 to DSP48E1 instance is invalid.
Time: 24895 ns  Iteration: 14  Process: /apatb_qeic_real_sum_band_density_accumulator_top/AESL_inst_qeic_real_sum_band_density_accumulator/qeic_real_sum_band_density_accumulator_dadd_64ns_64ns_64_5_full_dsp_1_U1/qeic_real_sum_band_density_accumulator_ap_dadd_3_full_dsp_64_u/U0/i_synth/addsub_op/ADDSUB/logic_speed/OP/ALIGN_BLK/FRAC_ADDSUB/dsp_add/FRAC_ADDSUB/dsp48e1_add/DSP48E1_ADD/DSP/prcs_opmode_drc  File: /home/Xilinx/Vivado/2019.1/data/vhdl/src/unisims/primitive/DSP48E1.vhd
Warning: OPMODE Input Warning : The OPMODE 011XX11 with CARRYINSEL  000 to DSP48E1 instance is invalid.
Time: 25115100 ps  Iteration: 10  Process: /apatb_qeic_real_sum_band_density_accumulator_top/AESL_inst_qeic_real_sum_band_density_accumulator/qeic_real_sum_band_density_accumulator_dmul_64ns_64ns_64_6_max_dsp_1_U2/qeic_real_sum_band_density_accumulator_ap_dmul_4_max_dsp_64_u/U0/i_synth/mult/OP/i_non_prim/R_AND_R/logic/R_AND_R/dsp48_e1/dsp48e1_add/DSP48E1_ADD/DSP/prcs_opmode_drc  File: /home/Xilinx/Vivado/2019.1/data/vhdl/src/unisims/primitive/DSP48E1.vhd
Warning: OPMODE Input Warning : The OPMODE 001XXXX with CARRYINSEL  000 to DSP48E1 instance is invalid.
Time: 25155 ns  Iteration: 14  Process: /apatb_qeic_real_sum_band_density_accumulator_top/AESL_inst_qeic_real_sum_band_density_accumulator/qeic_real_sum_band_density_accumulator_dadd_64ns_64ns_64_5_full_dsp_1_U1/qeic_real_sum_band_density_accumulator_ap_dadd_3_full_dsp_64_u/U0/i_synth/addsub_op/ADDSUB/logic_speed/OP/ALIGN_BLK/FRAC_ADDSUB/dsp_add/FRAC_ADDSUB/dsp48e1_add/DSP48E1_ADD/DSP/prcs_opmode_drc  File: /home/Xilinx/Vivado/2019.1/data/vhdl/src/unisims/primitive/DSP48E1.vhd
Warning: OPMODE Input Warning : The OPMODE 011XX11 with CARRYINSEL  000 to DSP48E1 instance is invalid.
Time: 25225100 ps  Iteration: 10  Process: /apatb_qeic_real_sum_band_density_accumulator_top/AESL_inst_qeic_real_sum_band_density_accumulator/qeic_real_sum_band_density_accumulator_dmul_64ns_64ns_64_6_max_dsp_1_U2/qeic_real_sum_band_density_accumulator_ap_dmul_4_max_dsp_64_u/U0/i_synth/mult/OP/i_non_prim/R_AND_R/logic/R_AND_R/dsp48_e1/dsp48e1_add/DSP48E1_ADD/DSP/prcs_opmode_drc  File: /home/Xilinx/Vivado/2019.1/data/vhdl/src/unisims/primitive/DSP48E1.vhd
Warning: OPMODE Input Warning : The OPMODE 001XXXX with CARRYINSEL  000 to DSP48E1 instance is invalid.
Time: 25265 ns  Iteration: 14  Process: /apatb_qeic_real_sum_band_density_accumulator_top/AESL_inst_qeic_real_sum_band_density_accumulator/qeic_real_sum_band_density_accumulator_dadd_64ns_64ns_64_5_full_dsp_1_U1/qeic_real_sum_band_density_accumulator_ap_dadd_3_full_dsp_64_u/U0/i_synth/addsub_op/ADDSUB/logic_speed/OP/ALIGN_BLK/FRAC_ADDSUB/dsp_add/FRAC_ADDSUB/dsp48e1_add/DSP48E1_ADD/DSP/prcs_opmode_drc  File: /home/Xilinx/Vivado/2019.1/data/vhdl/src/unisims/primitive/DSP48E1.vhd
Warning: OPMODE Input Warning : The OPMODE 011XX11 with CARRYINSEL  000 to DSP48E1 instance is invalid.
Time: 25485100 ps  Iteration: 10  Process: /apatb_qeic_real_sum_band_density_accumulator_top/AESL_inst_qeic_real_sum_band_density_accumulator/qeic_real_sum_band_density_accumulator_dmul_64ns_64ns_64_6_max_dsp_1_U2/qeic_real_sum_band_density_accumulator_ap_dmul_4_max_dsp_64_u/U0/i_synth/mult/OP/i_non_prim/R_AND_R/logic/R_AND_R/dsp48_e1/dsp48e1_add/DSP48E1_ADD/DSP/prcs_opmode_drc  File: /home/Xilinx/Vivado/2019.1/data/vhdl/src/unisims/primitive/DSP48E1.vhd
Warning: OPMODE Input Warning : The OPMODE 001XXXX with CARRYINSEL  000 to DSP48E1 instance is invalid.
Time: 25525 ns  Iteration: 14  Process: /apatb_qeic_real_sum_band_density_accumulator_top/AESL_inst_qeic_real_sum_band_density_accumulator/qeic_real_sum_band_density_accumulator_dadd_64ns_64ns_64_5_full_dsp_1_U1/qeic_real_sum_band_density_accumulator_ap_dadd_3_full_dsp_64_u/U0/i_synth/addsub_op/ADDSUB/logic_speed/OP/ALIGN_BLK/FRAC_ADDSUB/dsp_add/FRAC_ADDSUB/dsp48e1_add/DSP48E1_ADD/DSP/prcs_opmode_drc  File: /home/Xilinx/Vivado/2019.1/data/vhdl/src/unisims/primitive/DSP48E1.vhd
Warning: OPMODE Input Warning : The OPMODE 011XX11 with CARRYINSEL  000 to DSP48E1 instance is invalid.
Time: 25595100 ps  Iteration: 10  Process: /apatb_qeic_real_sum_band_density_accumulator_top/AESL_inst_qeic_real_sum_band_density_accumulator/qeic_real_sum_band_density_accumulator_dmul_64ns_64ns_64_6_max_dsp_1_U2/qeic_real_sum_band_density_accumulator_ap_dmul_4_max_dsp_64_u/U0/i_synth/mult/OP/i_non_prim/R_AND_R/logic/R_AND_R/dsp48_e1/dsp48e1_add/DSP48E1_ADD/DSP/prcs_opmode_drc  File: /home/Xilinx/Vivado/2019.1/data/vhdl/src/unisims/primitive/DSP48E1.vhd
Warning: OPMODE Input Warning : The OPMODE 001XXXX with CARRYINSEL  000 to DSP48E1 instance is invalid.
Time: 25635 ns  Iteration: 14  Process: /apatb_qeic_real_sum_band_density_accumulator_top/AESL_inst_qeic_real_sum_band_density_accumulator/qeic_real_sum_band_density_accumulator_dadd_64ns_64ns_64_5_full_dsp_1_U1/qeic_real_sum_band_density_accumulator_ap_dadd_3_full_dsp_64_u/U0/i_synth/addsub_op/ADDSUB/logic_speed/OP/ALIGN_BLK/FRAC_ADDSUB/dsp_add/FRAC_ADDSUB/dsp48e1_add/DSP48E1_ADD/DSP/prcs_opmode_drc  File: /home/Xilinx/Vivado/2019.1/data/vhdl/src/unisims/primitive/DSP48E1.vhd
Warning: OPMODE Input Warning : The OPMODE 011XX11 with CARRYINSEL  000 to DSP48E1 instance is invalid.
Time: 25935100 ps  Iteration: 10  Process: /apatb_qeic_real_sum_band_density_accumulator_top/AESL_inst_qeic_real_sum_band_density_accumulator/qeic_real_sum_band_density_accumulator_dmul_64ns_64ns_64_6_max_dsp_1_U2/qeic_real_sum_band_density_accumulator_ap_dmul_4_max_dsp_64_u/U0/i_synth/mult/OP/i_non_prim/R_AND_R/logic/R_AND_R/dsp48_e1/dsp48e1_add/DSP48E1_ADD/DSP/prcs_opmode_drc  File: /home/Xilinx/Vivado/2019.1/data/vhdl/src/unisims/primitive/DSP48E1.vhd
Warning: OPMODE Input Warning : The OPMODE 001XXXX with CARRYINSEL  000 to DSP48E1 instance is invalid.
Time: 25975 ns  Iteration: 14  Process: /apatb_qeic_real_sum_band_density_accumulator_top/AESL_inst_qeic_real_sum_band_density_accumulator/qeic_real_sum_band_density_accumulator_dadd_64ns_64ns_64_5_full_dsp_1_U1/qeic_real_sum_band_density_accumulator_ap_dadd_3_full_dsp_64_u/U0/i_synth/addsub_op/ADDSUB/logic_speed/OP/ALIGN_BLK/FRAC_ADDSUB/dsp_add/FRAC_ADDSUB/dsp48e1_add/DSP48E1_ADD/DSP/prcs_opmode_drc  File: /home/Xilinx/Vivado/2019.1/data/vhdl/src/unisims/primitive/DSP48E1.vhd
Warning: OPMODE Input Warning : The OPMODE 011XX11 with CARRYINSEL  000 to DSP48E1 instance is invalid.
Time: 26045100 ps  Iteration: 10  Process: /apatb_qeic_real_sum_band_density_accumulator_top/AESL_inst_qeic_real_sum_band_density_accumulator/qeic_real_sum_band_density_accumulator_dmul_64ns_64ns_64_6_max_dsp_1_U2/qeic_real_sum_band_density_accumulator_ap_dmul_4_max_dsp_64_u/U0/i_synth/mult/OP/i_non_prim/R_AND_R/logic/R_AND_R/dsp48_e1/dsp48e1_add/DSP48E1_ADD/DSP/prcs_opmode_drc  File: /home/Xilinx/Vivado/2019.1/data/vhdl/src/unisims/primitive/DSP48E1.vhd
Warning: OPMODE Input Warning : The OPMODE 001XXXX with CARRYINSEL  000 to DSP48E1 instance is invalid.
Time: 26085 ns  Iteration: 16  Process: /apatb_qeic_real_sum_band_density_accumulator_top/AESL_inst_qeic_real_sum_band_density_accumulator/qeic_real_sum_band_density_accumulator_dadd_64ns_64ns_64_5_full_dsp_1_U1/qeic_real_sum_band_density_accumulator_ap_dadd_3_full_dsp_64_u/U0/i_synth/addsub_op/ADDSUB/logic_speed/OP/ALIGN_BLK/FRAC_ADDSUB/dsp_add/FRAC_ADDSUB/dsp48e1_add/DSP48E1_ADD/DSP/prcs_opmode_drc  File: /home/Xilinx/Vivado/2019.1/data/vhdl/src/unisims/primitive/DSP48E1.vhd
Warning: OPMODE Input Warning : The OPMODE 011XX11 with CARRYINSEL  000 to DSP48E1 instance is invalid.
Time: 26305100 ps  Iteration: 10  Process: /apatb_qeic_real_sum_band_density_accumulator_top/AESL_inst_qeic_real_sum_band_density_accumulator/qeic_real_sum_band_density_accumulator_dmul_64ns_64ns_64_6_max_dsp_1_U2/qeic_real_sum_band_density_accumulator_ap_dmul_4_max_dsp_64_u/U0/i_synth/mult/OP/i_non_prim/R_AND_R/logic/R_AND_R/dsp48_e1/dsp48e1_add/DSP48E1_ADD/DSP/prcs_opmode_drc  File: /home/Xilinx/Vivado/2019.1/data/vhdl/src/unisims/primitive/DSP48E1.vhd
Warning: OPMODE Input Warning : The OPMODE 001XXXX with CARRYINSEL  000 to DSP48E1 instance is invalid.
Time: 26345 ns  Iteration: 14  Process: /apatb_qeic_real_sum_band_density_accumulator_top/AESL_inst_qeic_real_sum_band_density_accumulator/qeic_real_sum_band_density_accumulator_dadd_64ns_64ns_64_5_full_dsp_1_U1/qeic_real_sum_band_density_accumulator_ap_dadd_3_full_dsp_64_u/U0/i_synth/addsub_op/ADDSUB/logic_speed/OP/ALIGN_BLK/FRAC_ADDSUB/dsp_add/FRAC_ADDSUB/dsp48e1_add/DSP48E1_ADD/DSP/prcs_opmode_drc  File: /home/Xilinx/Vivado/2019.1/data/vhdl/src/unisims/primitive/DSP48E1.vhd
Warning: OPMODE Input Warning : The OPMODE 011XX11 with CARRYINSEL  000 to DSP48E1 instance is invalid.
Time: 26415100 ps  Iteration: 10  Process: /apatb_qeic_real_sum_band_density_accumulator_top/AESL_inst_qeic_real_sum_band_density_accumulator/qeic_real_sum_band_density_accumulator_dmul_64ns_64ns_64_6_max_dsp_1_U2/qeic_real_sum_band_density_accumulator_ap_dmul_4_max_dsp_64_u/U0/i_synth/mult/OP/i_non_prim/R_AND_R/logic/R_AND_R/dsp48_e1/dsp48e1_add/DSP48E1_ADD/DSP/prcs_opmode_drc  File: /home/Xilinx/Vivado/2019.1/data/vhdl/src/unisims/primitive/DSP48E1.vhd
Warning: OPMODE Input Warning : The OPMODE 001XXXX with CARRYINSEL  000 to DSP48E1 instance is invalid.
Time: 26455 ns  Iteration: 14  Process: /apatb_qeic_real_sum_band_density_accumulator_top/AESL_inst_qeic_real_sum_band_density_accumulator/qeic_real_sum_band_density_accumulator_dadd_64ns_64ns_64_5_full_dsp_1_U1/qeic_real_sum_band_density_accumulator_ap_dadd_3_full_dsp_64_u/U0/i_synth/addsub_op/ADDSUB/logic_speed/OP/ALIGN_BLK/FRAC_ADDSUB/dsp_add/FRAC_ADDSUB/dsp48e1_add/DSP48E1_ADD/DSP/prcs_opmode_drc  File: /home/Xilinx/Vivado/2019.1/data/vhdl/src/unisims/primitive/DSP48E1.vhd
Warning: OPMODE Input Warning : The OPMODE 011XX11 with CARRYINSEL  000 to DSP48E1 instance is invalid.
Time: 26675100 ps  Iteration: 10  Process: /apatb_qeic_real_sum_band_density_accumulator_top/AESL_inst_qeic_real_sum_band_density_accumulator/qeic_real_sum_band_density_accumulator_dmul_64ns_64ns_64_6_max_dsp_1_U2/qeic_real_sum_band_density_accumulator_ap_dmul_4_max_dsp_64_u/U0/i_synth/mult/OP/i_non_prim/R_AND_R/logic/R_AND_R/dsp48_e1/dsp48e1_add/DSP48E1_ADD/DSP/prcs_opmode_drc  File: /home/Xilinx/Vivado/2019.1/data/vhdl/src/unisims/primitive/DSP48E1.vhd
Warning: OPMODE Input Warning : The OPMODE 001XXXX with CARRYINSEL  000 to DSP48E1 instance is invalid.
Time: 26715 ns  Iteration: 14  Process: /apatb_qeic_real_sum_band_density_accumulator_top/AESL_inst_qeic_real_sum_band_density_accumulator/qeic_real_sum_band_density_accumulator_dadd_64ns_64ns_64_5_full_dsp_1_U1/qeic_real_sum_band_density_accumulator_ap_dadd_3_full_dsp_64_u/U0/i_synth/addsub_op/ADDSUB/logic_speed/OP/ALIGN_BLK/FRAC_ADDSUB/dsp_add/FRAC_ADDSUB/dsp48e1_add/DSP48E1_ADD/DSP/prcs_opmode_drc  File: /home/Xilinx/Vivado/2019.1/data/vhdl/src/unisims/primitive/DSP48E1.vhd
Warning: OPMODE Input Warning : The OPMODE 011XX11 with CARRYINSEL  000 to DSP48E1 instance is invalid.
Time: 26785100 ps  Iteration: 10  Process: /apatb_qeic_real_sum_band_density_accumulator_top/AESL_inst_qeic_real_sum_band_density_accumulator/qeic_real_sum_band_density_accumulator_dmul_64ns_64ns_64_6_max_dsp_1_U2/qeic_real_sum_band_density_accumulator_ap_dmul_4_max_dsp_64_u/U0/i_synth/mult/OP/i_non_prim/R_AND_R/logic/R_AND_R/dsp48_e1/dsp48e1_add/DSP48E1_ADD/DSP/prcs_opmode_drc  File: /home/Xilinx/Vivado/2019.1/data/vhdl/src/unisims/primitive/DSP48E1.vhd
Warning: OPMODE Input Warning : The OPMODE 001XXXX with CARRYINSEL  000 to DSP48E1 instance is invalid.
Time: 26825 ns  Iteration: 14  Process: /apatb_qeic_real_sum_band_density_accumulator_top/AESL_inst_qeic_real_sum_band_density_accumulator/qeic_real_sum_band_density_accumulator_dadd_64ns_64ns_64_5_full_dsp_1_U1/qeic_real_sum_band_density_accumulator_ap_dadd_3_full_dsp_64_u/U0/i_synth/addsub_op/ADDSUB/logic_speed/OP/ALIGN_BLK/FRAC_ADDSUB/dsp_add/FRAC_ADDSUB/dsp48e1_add/DSP48E1_ADD/DSP/prcs_opmode_drc  File: /home/Xilinx/Vivado/2019.1/data/vhdl/src/unisims/primitive/DSP48E1.vhd
Warning: OPMODE Input Warning : The OPMODE 011XX11 with CARRYINSEL  000 to DSP48E1 instance is invalid.
Time: 27045100 ps  Iteration: 10  Process: /apatb_qeic_real_sum_band_density_accumulator_top/AESL_inst_qeic_real_sum_band_density_accumulator/qeic_real_sum_band_density_accumulator_dmul_64ns_64ns_64_6_max_dsp_1_U2/qeic_real_sum_band_density_accumulator_ap_dmul_4_max_dsp_64_u/U0/i_synth/mult/OP/i_non_prim/R_AND_R/logic/R_AND_R/dsp48_e1/dsp48e1_add/DSP48E1_ADD/DSP/prcs_opmode_drc  File: /home/Xilinx/Vivado/2019.1/data/vhdl/src/unisims/primitive/DSP48E1.vhd
Warning: OPMODE Input Warning : The OPMODE 001XXXX with CARRYINSEL  000 to DSP48E1 instance is invalid.
Time: 27085 ns  Iteration: 14  Process: /apatb_qeic_real_sum_band_density_accumulator_top/AESL_inst_qeic_real_sum_band_density_accumulator/qeic_real_sum_band_density_accumulator_dadd_64ns_64ns_64_5_full_dsp_1_U1/qeic_real_sum_band_density_accumulator_ap_dadd_3_full_dsp_64_u/U0/i_synth/addsub_op/ADDSUB/logic_speed/OP/ALIGN_BLK/FRAC_ADDSUB/dsp_add/FRAC_ADDSUB/dsp48e1_add/DSP48E1_ADD/DSP/prcs_opmode_drc  File: /home/Xilinx/Vivado/2019.1/data/vhdl/src/unisims/primitive/DSP48E1.vhd
Warning: OPMODE Input Warning : The OPMODE 011XX11 with CARRYINSEL  000 to DSP48E1 instance is invalid.
Time: 27155100 ps  Iteration: 10  Process: /apatb_qeic_real_sum_band_density_accumulator_top/AESL_inst_qeic_real_sum_band_density_accumulator/qeic_real_sum_band_density_accumulator_dmul_64ns_64ns_64_6_max_dsp_1_U2/qeic_real_sum_band_density_accumulator_ap_dmul_4_max_dsp_64_u/U0/i_synth/mult/OP/i_non_prim/R_AND_R/logic/R_AND_R/dsp48_e1/dsp48e1_add/DSP48E1_ADD/DSP/prcs_opmode_drc  File: /home/Xilinx/Vivado/2019.1/data/vhdl/src/unisims/primitive/DSP48E1.vhd
Warning: OPMODE Input Warning : The OPMODE 001XXXX with CARRYINSEL  000 to DSP48E1 instance is invalid.
Time: 27195 ns  Iteration: 14  Process: /apatb_qeic_real_sum_band_density_accumulator_top/AESL_inst_qeic_real_sum_band_density_accumulator/qeic_real_sum_band_density_accumulator_dadd_64ns_64ns_64_5_full_dsp_1_U1/qeic_real_sum_band_density_accumulator_ap_dadd_3_full_dsp_64_u/U0/i_synth/addsub_op/ADDSUB/logic_speed/OP/ALIGN_BLK/FRAC_ADDSUB/dsp_add/FRAC_ADDSUB/dsp48e1_add/DSP48E1_ADD/DSP/prcs_opmode_drc  File: /home/Xilinx/Vivado/2019.1/data/vhdl/src/unisims/primitive/DSP48E1.vhd
Warning: OPMODE Input Warning : The OPMODE 011XX11 with CARRYINSEL  000 to DSP48E1 instance is invalid.
Time: 27495100 ps  Iteration: 10  Process: /apatb_qeic_real_sum_band_density_accumulator_top/AESL_inst_qeic_real_sum_band_density_accumulator/qeic_real_sum_band_density_accumulator_dmul_64ns_64ns_64_6_max_dsp_1_U2/qeic_real_sum_band_density_accumulator_ap_dmul_4_max_dsp_64_u/U0/i_synth/mult/OP/i_non_prim/R_AND_R/logic/R_AND_R/dsp48_e1/dsp48e1_add/DSP48E1_ADD/DSP/prcs_opmode_drc  File: /home/Xilinx/Vivado/2019.1/data/vhdl/src/unisims/primitive/DSP48E1.vhd
Warning: OPMODE Input Warning : The OPMODE 001XXXX with CARRYINSEL  000 to DSP48E1 instance is invalid.
Time: 27535 ns  Iteration: 14  Process: /apatb_qeic_real_sum_band_density_accumulator_top/AESL_inst_qeic_real_sum_band_density_accumulator/qeic_real_sum_band_density_accumulator_dadd_64ns_64ns_64_5_full_dsp_1_U1/qeic_real_sum_band_density_accumulator_ap_dadd_3_full_dsp_64_u/U0/i_synth/addsub_op/ADDSUB/logic_speed/OP/ALIGN_BLK/FRAC_ADDSUB/dsp_add/FRAC_ADDSUB/dsp48e1_add/DSP48E1_ADD/DSP/prcs_opmode_drc  File: /home/Xilinx/Vivado/2019.1/data/vhdl/src/unisims/primitive/DSP48E1.vhd
Warning: OPMODE Input Warning : The OPMODE 011XX11 with CARRYINSEL  000 to DSP48E1 instance is invalid.
Time: 27605100 ps  Iteration: 10  Process: /apatb_qeic_real_sum_band_density_accumulator_top/AESL_inst_qeic_real_sum_band_density_accumulator/qeic_real_sum_band_density_accumulator_dmul_64ns_64ns_64_6_max_dsp_1_U2/qeic_real_sum_band_density_accumulator_ap_dmul_4_max_dsp_64_u/U0/i_synth/mult/OP/i_non_prim/R_AND_R/logic/R_AND_R/dsp48_e1/dsp48e1_add/DSP48E1_ADD/DSP/prcs_opmode_drc  File: /home/Xilinx/Vivado/2019.1/data/vhdl/src/unisims/primitive/DSP48E1.vhd
Warning: OPMODE Input Warning : The OPMODE 001XXXX with CARRYINSEL  000 to DSP48E1 instance is invalid.
Time: 27645 ns  Iteration: 16  Process: /apatb_qeic_real_sum_band_density_accumulator_top/AESL_inst_qeic_real_sum_band_density_accumulator/qeic_real_sum_band_density_accumulator_dadd_64ns_64ns_64_5_full_dsp_1_U1/qeic_real_sum_band_density_accumulator_ap_dadd_3_full_dsp_64_u/U0/i_synth/addsub_op/ADDSUB/logic_speed/OP/ALIGN_BLK/FRAC_ADDSUB/dsp_add/FRAC_ADDSUB/dsp48e1_add/DSP48E1_ADD/DSP/prcs_opmode_drc  File: /home/Xilinx/Vivado/2019.1/data/vhdl/src/unisims/primitive/DSP48E1.vhd
Warning: OPMODE Input Warning : The OPMODE 011XX11 with CARRYINSEL  000 to DSP48E1 instance is invalid.
Time: 27865100 ps  Iteration: 10  Process: /apatb_qeic_real_sum_band_density_accumulator_top/AESL_inst_qeic_real_sum_band_density_accumulator/qeic_real_sum_band_density_accumulator_dmul_64ns_64ns_64_6_max_dsp_1_U2/qeic_real_sum_band_density_accumulator_ap_dmul_4_max_dsp_64_u/U0/i_synth/mult/OP/i_non_prim/R_AND_R/logic/R_AND_R/dsp48_e1/dsp48e1_add/DSP48E1_ADD/DSP/prcs_opmode_drc  File: /home/Xilinx/Vivado/2019.1/data/vhdl/src/unisims/primitive/DSP48E1.vhd
Warning: OPMODE Input Warning : The OPMODE 001XXXX with CARRYINSEL  000 to DSP48E1 instance is invalid.
Time: 27905 ns  Iteration: 14  Process: /apatb_qeic_real_sum_band_density_accumulator_top/AESL_inst_qeic_real_sum_band_density_accumulator/qeic_real_sum_band_density_accumulator_dadd_64ns_64ns_64_5_full_dsp_1_U1/qeic_real_sum_band_density_accumulator_ap_dadd_3_full_dsp_64_u/U0/i_synth/addsub_op/ADDSUB/logic_speed/OP/ALIGN_BLK/FRAC_ADDSUB/dsp_add/FRAC_ADDSUB/dsp48e1_add/DSP48E1_ADD/DSP/prcs_opmode_drc  File: /home/Xilinx/Vivado/2019.1/data/vhdl/src/unisims/primitive/DSP48E1.vhd
Warning: OPMODE Input Warning : The OPMODE 011XX11 with CARRYINSEL  000 to DSP48E1 instance is invalid.
Time: 27975100 ps  Iteration: 10  Process: /apatb_qeic_real_sum_band_density_accumulator_top/AESL_inst_qeic_real_sum_band_density_accumulator/qeic_real_sum_band_density_accumulator_dmul_64ns_64ns_64_6_max_dsp_1_U2/qeic_real_sum_band_density_accumulator_ap_dmul_4_max_dsp_64_u/U0/i_synth/mult/OP/i_non_prim/R_AND_R/logic/R_AND_R/dsp48_e1/dsp48e1_add/DSP48E1_ADD/DSP/prcs_opmode_drc  File: /home/Xilinx/Vivado/2019.1/data/vhdl/src/unisims/primitive/DSP48E1.vhd
Warning: OPMODE Input Warning : The OPMODE 001XXXX with CARRYINSEL  000 to DSP48E1 instance is invalid.
Time: 28015 ns  Iteration: 14  Process: /apatb_qeic_real_sum_band_density_accumulator_top/AESL_inst_qeic_real_sum_band_density_accumulator/qeic_real_sum_band_density_accumulator_dadd_64ns_64ns_64_5_full_dsp_1_U1/qeic_real_sum_band_density_accumulator_ap_dadd_3_full_dsp_64_u/U0/i_synth/addsub_op/ADDSUB/logic_speed/OP/ALIGN_BLK/FRAC_ADDSUB/dsp_add/FRAC_ADDSUB/dsp48e1_add/DSP48E1_ADD/DSP/prcs_opmode_drc  File: /home/Xilinx/Vivado/2019.1/data/vhdl/src/unisims/primitive/DSP48E1.vhd
Warning: OPMODE Input Warning : The OPMODE 011XX11 with CARRYINSEL  000 to DSP48E1 instance is invalid.
Time: 28235100 ps  Iteration: 10  Process: /apatb_qeic_real_sum_band_density_accumulator_top/AESL_inst_qeic_real_sum_band_density_accumulator/qeic_real_sum_band_density_accumulator_dmul_64ns_64ns_64_6_max_dsp_1_U2/qeic_real_sum_band_density_accumulator_ap_dmul_4_max_dsp_64_u/U0/i_synth/mult/OP/i_non_prim/R_AND_R/logic/R_AND_R/dsp48_e1/dsp48e1_add/DSP48E1_ADD/DSP/prcs_opmode_drc  File: /home/Xilinx/Vivado/2019.1/data/vhdl/src/unisims/primitive/DSP48E1.vhd
Warning: OPMODE Input Warning : The OPMODE 001XXXX with CARRYINSEL  000 to DSP48E1 instance is invalid.
Time: 28275 ns  Iteration: 14  Process: /apatb_qeic_real_sum_band_density_accumulator_top/AESL_inst_qeic_real_sum_band_density_accumulator/qeic_real_sum_band_density_accumulator_dadd_64ns_64ns_64_5_full_dsp_1_U1/qeic_real_sum_band_density_accumulator_ap_dadd_3_full_dsp_64_u/U0/i_synth/addsub_op/ADDSUB/logic_speed/OP/ALIGN_BLK/FRAC_ADDSUB/dsp_add/FRAC_ADDSUB/dsp48e1_add/DSP48E1_ADD/DSP/prcs_opmode_drc  File: /home/Xilinx/Vivado/2019.1/data/vhdl/src/unisims/primitive/DSP48E1.vhd
Warning: OPMODE Input Warning : The OPMODE 011XX11 with CARRYINSEL  000 to DSP48E1 instance is invalid.
Time: 28345100 ps  Iteration: 10  Process: /apatb_qeic_real_sum_band_density_accumulator_top/AESL_inst_qeic_real_sum_band_density_accumulator/qeic_real_sum_band_density_accumulator_dmul_64ns_64ns_64_6_max_dsp_1_U2/qeic_real_sum_band_density_accumulator_ap_dmul_4_max_dsp_64_u/U0/i_synth/mult/OP/i_non_prim/R_AND_R/logic/R_AND_R/dsp48_e1/dsp48e1_add/DSP48E1_ADD/DSP/prcs_opmode_drc  File: /home/Xilinx/Vivado/2019.1/data/vhdl/src/unisims/primitive/DSP48E1.vhd
Warning: OPMODE Input Warning : The OPMODE 001XXXX with CARRYINSEL  000 to DSP48E1 instance is invalid.
Time: 28385 ns  Iteration: 14  Process: /apatb_qeic_real_sum_band_density_accumulator_top/AESL_inst_qeic_real_sum_band_density_accumulator/qeic_real_sum_band_density_accumulator_dadd_64ns_64ns_64_5_full_dsp_1_U1/qeic_real_sum_band_density_accumulator_ap_dadd_3_full_dsp_64_u/U0/i_synth/addsub_op/ADDSUB/logic_speed/OP/ALIGN_BLK/FRAC_ADDSUB/dsp_add/FRAC_ADDSUB/dsp48e1_add/DSP48E1_ADD/DSP/prcs_opmode_drc  File: /home/Xilinx/Vivado/2019.1/data/vhdl/src/unisims/primitive/DSP48E1.vhd
Warning: OPMODE Input Warning : The OPMODE 011XX11 with CARRYINSEL  000 to DSP48E1 instance is invalid.
Time: 28605100 ps  Iteration: 10  Process: /apatb_qeic_real_sum_band_density_accumulator_top/AESL_inst_qeic_real_sum_band_density_accumulator/qeic_real_sum_band_density_accumulator_dmul_64ns_64ns_64_6_max_dsp_1_U2/qeic_real_sum_band_density_accumulator_ap_dmul_4_max_dsp_64_u/U0/i_synth/mult/OP/i_non_prim/R_AND_R/logic/R_AND_R/dsp48_e1/dsp48e1_add/DSP48E1_ADD/DSP/prcs_opmode_drc  File: /home/Xilinx/Vivado/2019.1/data/vhdl/src/unisims/primitive/DSP48E1.vhd
Warning: OPMODE Input Warning : The OPMODE 001XXXX with CARRYINSEL  000 to DSP48E1 instance is invalid.
Time: 28645 ns  Iteration: 14  Process: /apatb_qeic_real_sum_band_density_accumulator_top/AESL_inst_qeic_real_sum_band_density_accumulator/qeic_real_sum_band_density_accumulator_dadd_64ns_64ns_64_5_full_dsp_1_U1/qeic_real_sum_band_density_accumulator_ap_dadd_3_full_dsp_64_u/U0/i_synth/addsub_op/ADDSUB/logic_speed/OP/ALIGN_BLK/FRAC_ADDSUB/dsp_add/FRAC_ADDSUB/dsp48e1_add/DSP48E1_ADD/DSP/prcs_opmode_drc  File: /home/Xilinx/Vivado/2019.1/data/vhdl/src/unisims/primitive/DSP48E1.vhd
Warning: OPMODE Input Warning : The OPMODE 011XX11 with CARRYINSEL  000 to DSP48E1 instance is invalid.
Time: 28715100 ps  Iteration: 10  Process: /apatb_qeic_real_sum_band_density_accumulator_top/AESL_inst_qeic_real_sum_band_density_accumulator/qeic_real_sum_band_density_accumulator_dmul_64ns_64ns_64_6_max_dsp_1_U2/qeic_real_sum_band_density_accumulator_ap_dmul_4_max_dsp_64_u/U0/i_synth/mult/OP/i_non_prim/R_AND_R/logic/R_AND_R/dsp48_e1/dsp48e1_add/DSP48E1_ADD/DSP/prcs_opmode_drc  File: /home/Xilinx/Vivado/2019.1/data/vhdl/src/unisims/primitive/DSP48E1.vhd
Warning: OPMODE Input Warning : The OPMODE 001XXXX with CARRYINSEL  000 to DSP48E1 instance is invalid.
Time: 28755 ns  Iteration: 14  Process: /apatb_qeic_real_sum_band_density_accumulator_top/AESL_inst_qeic_real_sum_band_density_accumulator/qeic_real_sum_band_density_accumulator_dadd_64ns_64ns_64_5_full_dsp_1_U1/qeic_real_sum_band_density_accumulator_ap_dadd_3_full_dsp_64_u/U0/i_synth/addsub_op/ADDSUB/logic_speed/OP/ALIGN_BLK/FRAC_ADDSUB/dsp_add/FRAC_ADDSUB/dsp48e1_add/DSP48E1_ADD/DSP/prcs_opmode_drc  File: /home/Xilinx/Vivado/2019.1/data/vhdl/src/unisims/primitive/DSP48E1.vhd
Warning: OPMODE Input Warning : The OPMODE 011XX11 with CARRYINSEL  000 to DSP48E1 instance is invalid.
Time: 29055100 ps  Iteration: 10  Process: /apatb_qeic_real_sum_band_density_accumulator_top/AESL_inst_qeic_real_sum_band_density_accumulator/qeic_real_sum_band_density_accumulator_dmul_64ns_64ns_64_6_max_dsp_1_U2/qeic_real_sum_band_density_accumulator_ap_dmul_4_max_dsp_64_u/U0/i_synth/mult/OP/i_non_prim/R_AND_R/logic/R_AND_R/dsp48_e1/dsp48e1_add/DSP48E1_ADD/DSP/prcs_opmode_drc  File: /home/Xilinx/Vivado/2019.1/data/vhdl/src/unisims/primitive/DSP48E1.vhd
Warning: OPMODE Input Warning : The OPMODE 001XXXX with CARRYINSEL  000 to DSP48E1 instance is invalid.
Time: 29095 ns  Iteration: 14  Process: /apatb_qeic_real_sum_band_density_accumulator_top/AESL_inst_qeic_real_sum_band_density_accumulator/qeic_real_sum_band_density_accumulator_dadd_64ns_64ns_64_5_full_dsp_1_U1/qeic_real_sum_band_density_accumulator_ap_dadd_3_full_dsp_64_u/U0/i_synth/addsub_op/ADDSUB/logic_speed/OP/ALIGN_BLK/FRAC_ADDSUB/dsp_add/FRAC_ADDSUB/dsp48e1_add/DSP48E1_ADD/DSP/prcs_opmode_drc  File: /home/Xilinx/Vivado/2019.1/data/vhdl/src/unisims/primitive/DSP48E1.vhd
Warning: OPMODE Input Warning : The OPMODE 011XX11 with CARRYINSEL  000 to DSP48E1 instance is invalid.
Time: 29165100 ps  Iteration: 10  Process: /apatb_qeic_real_sum_band_density_accumulator_top/AESL_inst_qeic_real_sum_band_density_accumulator/qeic_real_sum_band_density_accumulator_dmul_64ns_64ns_64_6_max_dsp_1_U2/qeic_real_sum_band_density_accumulator_ap_dmul_4_max_dsp_64_u/U0/i_synth/mult/OP/i_non_prim/R_AND_R/logic/R_AND_R/dsp48_e1/dsp48e1_add/DSP48E1_ADD/DSP/prcs_opmode_drc  File: /home/Xilinx/Vivado/2019.1/data/vhdl/src/unisims/primitive/DSP48E1.vhd
Warning: OPMODE Input Warning : The OPMODE 001XXXX with CARRYINSEL  000 to DSP48E1 instance is invalid.
Time: 29205 ns  Iteration: 16  Process: /apatb_qeic_real_sum_band_density_accumulator_top/AESL_inst_qeic_real_sum_band_density_accumulator/qeic_real_sum_band_density_accumulator_dadd_64ns_64ns_64_5_full_dsp_1_U1/qeic_real_sum_band_density_accumulator_ap_dadd_3_full_dsp_64_u/U0/i_synth/addsub_op/ADDSUB/logic_speed/OP/ALIGN_BLK/FRAC_ADDSUB/dsp_add/FRAC_ADDSUB/dsp48e1_add/DSP48E1_ADD/DSP/prcs_opmode_drc  File: /home/Xilinx/Vivado/2019.1/data/vhdl/src/unisims/primitive/DSP48E1.vhd
Warning: OPMODE Input Warning : The OPMODE 011XX11 with CARRYINSEL  000 to DSP48E1 instance is invalid.
Time: 29425100 ps  Iteration: 10  Process: /apatb_qeic_real_sum_band_density_accumulator_top/AESL_inst_qeic_real_sum_band_density_accumulator/qeic_real_sum_band_density_accumulator_dmul_64ns_64ns_64_6_max_dsp_1_U2/qeic_real_sum_band_density_accumulator_ap_dmul_4_max_dsp_64_u/U0/i_synth/mult/OP/i_non_prim/R_AND_R/logic/R_AND_R/dsp48_e1/dsp48e1_add/DSP48E1_ADD/DSP/prcs_opmode_drc  File: /home/Xilinx/Vivado/2019.1/data/vhdl/src/unisims/primitive/DSP48E1.vhd
Warning: OPMODE Input Warning : The OPMODE 001XXXX with CARRYINSEL  000 to DSP48E1 instance is invalid.
Time: 29465 ns  Iteration: 14  Process: /apatb_qeic_real_sum_band_density_accumulator_top/AESL_inst_qeic_real_sum_band_density_accumulator/qeic_real_sum_band_density_accumulator_dadd_64ns_64ns_64_5_full_dsp_1_U1/qeic_real_sum_band_density_accumulator_ap_dadd_3_full_dsp_64_u/U0/i_synth/addsub_op/ADDSUB/logic_speed/OP/ALIGN_BLK/FRAC_ADDSUB/dsp_add/FRAC_ADDSUB/dsp48e1_add/DSP48E1_ADD/DSP/prcs_opmode_drc  File: /home/Xilinx/Vivado/2019.1/data/vhdl/src/unisims/primitive/DSP48E1.vhd
Warning: OPMODE Input Warning : The OPMODE 011XX11 with CARRYINSEL  000 to DSP48E1 instance is invalid.
Time: 29535100 ps  Iteration: 10  Process: /apatb_qeic_real_sum_band_density_accumulator_top/AESL_inst_qeic_real_sum_band_density_accumulator/qeic_real_sum_band_density_accumulator_dmul_64ns_64ns_64_6_max_dsp_1_U2/qeic_real_sum_band_density_accumulator_ap_dmul_4_max_dsp_64_u/U0/i_synth/mult/OP/i_non_prim/R_AND_R/logic/R_AND_R/dsp48_e1/dsp48e1_add/DSP48E1_ADD/DSP/prcs_opmode_drc  File: /home/Xilinx/Vivado/2019.1/data/vhdl/src/unisims/primitive/DSP48E1.vhd
Warning: OPMODE Input Warning : The OPMODE 001XXXX with CARRYINSEL  000 to DSP48E1 instance is invalid.
Time: 29575 ns  Iteration: 14  Process: /apatb_qeic_real_sum_band_density_accumulator_top/AESL_inst_qeic_real_sum_band_density_accumulator/qeic_real_sum_band_density_accumulator_dadd_64ns_64ns_64_5_full_dsp_1_U1/qeic_real_sum_band_density_accumulator_ap_dadd_3_full_dsp_64_u/U0/i_synth/addsub_op/ADDSUB/logic_speed/OP/ALIGN_BLK/FRAC_ADDSUB/dsp_add/FRAC_ADDSUB/dsp48e1_add/DSP48E1_ADD/DSP/prcs_opmode_drc  File: /home/Xilinx/Vivado/2019.1/data/vhdl/src/unisims/primitive/DSP48E1.vhd
Warning: OPMODE Input Warning : The OPMODE 011XX11 with CARRYINSEL  000 to DSP48E1 instance is invalid.
Time: 29795100 ps  Iteration: 10  Process: /apatb_qeic_real_sum_band_density_accumulator_top/AESL_inst_qeic_real_sum_band_density_accumulator/qeic_real_sum_band_density_accumulator_dmul_64ns_64ns_64_6_max_dsp_1_U2/qeic_real_sum_band_density_accumulator_ap_dmul_4_max_dsp_64_u/U0/i_synth/mult/OP/i_non_prim/R_AND_R/logic/R_AND_R/dsp48_e1/dsp48e1_add/DSP48E1_ADD/DSP/prcs_opmode_drc  File: /home/Xilinx/Vivado/2019.1/data/vhdl/src/unisims/primitive/DSP48E1.vhd
Warning: OPMODE Input Warning : The OPMODE 001XXXX with CARRYINSEL  000 to DSP48E1 instance is invalid.
Time: 29835 ns  Iteration: 14  Process: /apatb_qeic_real_sum_band_density_accumulator_top/AESL_inst_qeic_real_sum_band_density_accumulator/qeic_real_sum_band_density_accumulator_dadd_64ns_64ns_64_5_full_dsp_1_U1/qeic_real_sum_band_density_accumulator_ap_dadd_3_full_dsp_64_u/U0/i_synth/addsub_op/ADDSUB/logic_speed/OP/ALIGN_BLK/FRAC_ADDSUB/dsp_add/FRAC_ADDSUB/dsp48e1_add/DSP48E1_ADD/DSP/prcs_opmode_drc  File: /home/Xilinx/Vivado/2019.1/data/vhdl/src/unisims/primitive/DSP48E1.vhd
Warning: OPMODE Input Warning : The OPMODE 011XX11 with CARRYINSEL  000 to DSP48E1 instance is invalid.
Time: 29905100 ps  Iteration: 10  Process: /apatb_qeic_real_sum_band_density_accumulator_top/AESL_inst_qeic_real_sum_band_density_accumulator/qeic_real_sum_band_density_accumulator_dmul_64ns_64ns_64_6_max_dsp_1_U2/qeic_real_sum_band_density_accumulator_ap_dmul_4_max_dsp_64_u/U0/i_synth/mult/OP/i_non_prim/R_AND_R/logic/R_AND_R/dsp48_e1/dsp48e1_add/DSP48E1_ADD/DSP/prcs_opmode_drc  File: /home/Xilinx/Vivado/2019.1/data/vhdl/src/unisims/primitive/DSP48E1.vhd
Warning: OPMODE Input Warning : The OPMODE 001XXXX with CARRYINSEL  000 to DSP48E1 instance is invalid.
Time: 29945 ns  Iteration: 14  Process: /apatb_qeic_real_sum_band_density_accumulator_top/AESL_inst_qeic_real_sum_band_density_accumulator/qeic_real_sum_band_density_accumulator_dadd_64ns_64ns_64_5_full_dsp_1_U1/qeic_real_sum_band_density_accumulator_ap_dadd_3_full_dsp_64_u/U0/i_synth/addsub_op/ADDSUB/logic_speed/OP/ALIGN_BLK/FRAC_ADDSUB/dsp_add/FRAC_ADDSUB/dsp48e1_add/DSP48E1_ADD/DSP/prcs_opmode_drc  File: /home/Xilinx/Vivado/2019.1/data/vhdl/src/unisims/primitive/DSP48E1.vhd
Warning: OPMODE Input Warning : The OPMODE 011XX11 with CARRYINSEL  000 to DSP48E1 instance is invalid.
Time: 30165100 ps  Iteration: 10  Process: /apatb_qeic_real_sum_band_density_accumulator_top/AESL_inst_qeic_real_sum_band_density_accumulator/qeic_real_sum_band_density_accumulator_dmul_64ns_64ns_64_6_max_dsp_1_U2/qeic_real_sum_band_density_accumulator_ap_dmul_4_max_dsp_64_u/U0/i_synth/mult/OP/i_non_prim/R_AND_R/logic/R_AND_R/dsp48_e1/dsp48e1_add/DSP48E1_ADD/DSP/prcs_opmode_drc  File: /home/Xilinx/Vivado/2019.1/data/vhdl/src/unisims/primitive/DSP48E1.vhd
Warning: OPMODE Input Warning : The OPMODE 001XXXX with CARRYINSEL  000 to DSP48E1 instance is invalid.
Time: 30205 ns  Iteration: 14  Process: /apatb_qeic_real_sum_band_density_accumulator_top/AESL_inst_qeic_real_sum_band_density_accumulator/qeic_real_sum_band_density_accumulator_dadd_64ns_64ns_64_5_full_dsp_1_U1/qeic_real_sum_band_density_accumulator_ap_dadd_3_full_dsp_64_u/U0/i_synth/addsub_op/ADDSUB/logic_speed/OP/ALIGN_BLK/FRAC_ADDSUB/dsp_add/FRAC_ADDSUB/dsp48e1_add/DSP48E1_ADD/DSP/prcs_opmode_drc  File: /home/Xilinx/Vivado/2019.1/data/vhdl/src/unisims/primitive/DSP48E1.vhd
Warning: OPMODE Input Warning : The OPMODE 011XX11 with CARRYINSEL  000 to DSP48E1 instance is invalid.
Time: 30275100 ps  Iteration: 10  Process: /apatb_qeic_real_sum_band_density_accumulator_top/AESL_inst_qeic_real_sum_band_density_accumulator/qeic_real_sum_band_density_accumulator_dmul_64ns_64ns_64_6_max_dsp_1_U2/qeic_real_sum_band_density_accumulator_ap_dmul_4_max_dsp_64_u/U0/i_synth/mult/OP/i_non_prim/R_AND_R/logic/R_AND_R/dsp48_e1/dsp48e1_add/DSP48E1_ADD/DSP/prcs_opmode_drc  File: /home/Xilinx/Vivado/2019.1/data/vhdl/src/unisims/primitive/DSP48E1.vhd
Warning: OPMODE Input Warning : The OPMODE 001XXXX with CARRYINSEL  000 to DSP48E1 instance is invalid.
Time: 30315 ns  Iteration: 14  Process: /apatb_qeic_real_sum_band_density_accumulator_top/AESL_inst_qeic_real_sum_band_density_accumulator/qeic_real_sum_band_density_accumulator_dadd_64ns_64ns_64_5_full_dsp_1_U1/qeic_real_sum_band_density_accumulator_ap_dadd_3_full_dsp_64_u/U0/i_synth/addsub_op/ADDSUB/logic_speed/OP/ALIGN_BLK/FRAC_ADDSUB/dsp_add/FRAC_ADDSUB/dsp48e1_add/DSP48E1_ADD/DSP/prcs_opmode_drc  File: /home/Xilinx/Vivado/2019.1/data/vhdl/src/unisims/primitive/DSP48E1.vhd
Warning: OPMODE Input Warning : The OPMODE 011XX11 with CARRYINSEL  000 to DSP48E1 instance is invalid.
Time: 30615100 ps  Iteration: 10  Process: /apatb_qeic_real_sum_band_density_accumulator_top/AESL_inst_qeic_real_sum_band_density_accumulator/qeic_real_sum_band_density_accumulator_dmul_64ns_64ns_64_6_max_dsp_1_U2/qeic_real_sum_band_density_accumulator_ap_dmul_4_max_dsp_64_u/U0/i_synth/mult/OP/i_non_prim/R_AND_R/logic/R_AND_R/dsp48_e1/dsp48e1_add/DSP48E1_ADD/DSP/prcs_opmode_drc  File: /home/Xilinx/Vivado/2019.1/data/vhdl/src/unisims/primitive/DSP48E1.vhd
Warning: OPMODE Input Warning : The OPMODE 001XXXX with CARRYINSEL  000 to DSP48E1 instance is invalid.
Time: 30655 ns  Iteration: 14  Process: /apatb_qeic_real_sum_band_density_accumulator_top/AESL_inst_qeic_real_sum_band_density_accumulator/qeic_real_sum_band_density_accumulator_dadd_64ns_64ns_64_5_full_dsp_1_U1/qeic_real_sum_band_density_accumulator_ap_dadd_3_full_dsp_64_u/U0/i_synth/addsub_op/ADDSUB/logic_speed/OP/ALIGN_BLK/FRAC_ADDSUB/dsp_add/FRAC_ADDSUB/dsp48e1_add/DSP48E1_ADD/DSP/prcs_opmode_drc  File: /home/Xilinx/Vivado/2019.1/data/vhdl/src/unisims/primitive/DSP48E1.vhd
Warning: OPMODE Input Warning : The OPMODE 011XX11 with CARRYINSEL  000 to DSP48E1 instance is invalid.
Time: 30725100 ps  Iteration: 10  Process: /apatb_qeic_real_sum_band_density_accumulator_top/AESL_inst_qeic_real_sum_band_density_accumulator/qeic_real_sum_band_density_accumulator_dmul_64ns_64ns_64_6_max_dsp_1_U2/qeic_real_sum_band_density_accumulator_ap_dmul_4_max_dsp_64_u/U0/i_synth/mult/OP/i_non_prim/R_AND_R/logic/R_AND_R/dsp48_e1/dsp48e1_add/DSP48E1_ADD/DSP/prcs_opmode_drc  File: /home/Xilinx/Vivado/2019.1/data/vhdl/src/unisims/primitive/DSP48E1.vhd
Warning: OPMODE Input Warning : The OPMODE 001XXXX with CARRYINSEL  000 to DSP48E1 instance is invalid.
Time: 30765 ns  Iteration: 16  Process: /apatb_qeic_real_sum_band_density_accumulator_top/AESL_inst_qeic_real_sum_band_density_accumulator/qeic_real_sum_band_density_accumulator_dadd_64ns_64ns_64_5_full_dsp_1_U1/qeic_real_sum_band_density_accumulator_ap_dadd_3_full_dsp_64_u/U0/i_synth/addsub_op/ADDSUB/logic_speed/OP/ALIGN_BLK/FRAC_ADDSUB/dsp_add/FRAC_ADDSUB/dsp48e1_add/DSP48E1_ADD/DSP/prcs_opmode_drc  File: /home/Xilinx/Vivado/2019.1/data/vhdl/src/unisims/primitive/DSP48E1.vhd
Warning: OPMODE Input Warning : The OPMODE 011XX11 with CARRYINSEL  000 to DSP48E1 instance is invalid.
Time: 30985100 ps  Iteration: 10  Process: /apatb_qeic_real_sum_band_density_accumulator_top/AESL_inst_qeic_real_sum_band_density_accumulator/qeic_real_sum_band_density_accumulator_dmul_64ns_64ns_64_6_max_dsp_1_U2/qeic_real_sum_band_density_accumulator_ap_dmul_4_max_dsp_64_u/U0/i_synth/mult/OP/i_non_prim/R_AND_R/logic/R_AND_R/dsp48_e1/dsp48e1_add/DSP48E1_ADD/DSP/prcs_opmode_drc  File: /home/Xilinx/Vivado/2019.1/data/vhdl/src/unisims/primitive/DSP48E1.vhd
Warning: OPMODE Input Warning : The OPMODE 001XXXX with CARRYINSEL  000 to DSP48E1 instance is invalid.
Time: 31025 ns  Iteration: 14  Process: /apatb_qeic_real_sum_band_density_accumulator_top/AESL_inst_qeic_real_sum_band_density_accumulator/qeic_real_sum_band_density_accumulator_dadd_64ns_64ns_64_5_full_dsp_1_U1/qeic_real_sum_band_density_accumulator_ap_dadd_3_full_dsp_64_u/U0/i_synth/addsub_op/ADDSUB/logic_speed/OP/ALIGN_BLK/FRAC_ADDSUB/dsp_add/FRAC_ADDSUB/dsp48e1_add/DSP48E1_ADD/DSP/prcs_opmode_drc  File: /home/Xilinx/Vivado/2019.1/data/vhdl/src/unisims/primitive/DSP48E1.vhd
Warning: OPMODE Input Warning : The OPMODE 011XX11 with CARRYINSEL  000 to DSP48E1 instance is invalid.
Time: 31095100 ps  Iteration: 10  Process: /apatb_qeic_real_sum_band_density_accumulator_top/AESL_inst_qeic_real_sum_band_density_accumulator/qeic_real_sum_band_density_accumulator_dmul_64ns_64ns_64_6_max_dsp_1_U2/qeic_real_sum_band_density_accumulator_ap_dmul_4_max_dsp_64_u/U0/i_synth/mult/OP/i_non_prim/R_AND_R/logic/R_AND_R/dsp48_e1/dsp48e1_add/DSP48E1_ADD/DSP/prcs_opmode_drc  File: /home/Xilinx/Vivado/2019.1/data/vhdl/src/unisims/primitive/DSP48E1.vhd
Warning: OPMODE Input Warning : The OPMODE 001XXXX with CARRYINSEL  000 to DSP48E1 instance is invalid.
Time: 31135 ns  Iteration: 14  Process: /apatb_qeic_real_sum_band_density_accumulator_top/AESL_inst_qeic_real_sum_band_density_accumulator/qeic_real_sum_band_density_accumulator_dadd_64ns_64ns_64_5_full_dsp_1_U1/qeic_real_sum_band_density_accumulator_ap_dadd_3_full_dsp_64_u/U0/i_synth/addsub_op/ADDSUB/logic_speed/OP/ALIGN_BLK/FRAC_ADDSUB/dsp_add/FRAC_ADDSUB/dsp48e1_add/DSP48E1_ADD/DSP/prcs_opmode_drc  File: /home/Xilinx/Vivado/2019.1/data/vhdl/src/unisims/primitive/DSP48E1.vhd
Warning: OPMODE Input Warning : The OPMODE 011XX11 with CARRYINSEL  000 to DSP48E1 instance is invalid.
Time: 31355100 ps  Iteration: 10  Process: /apatb_qeic_real_sum_band_density_accumulator_top/AESL_inst_qeic_real_sum_band_density_accumulator/qeic_real_sum_band_density_accumulator_dmul_64ns_64ns_64_6_max_dsp_1_U2/qeic_real_sum_band_density_accumulator_ap_dmul_4_max_dsp_64_u/U0/i_synth/mult/OP/i_non_prim/R_AND_R/logic/R_AND_R/dsp48_e1/dsp48e1_add/DSP48E1_ADD/DSP/prcs_opmode_drc  File: /home/Xilinx/Vivado/2019.1/data/vhdl/src/unisims/primitive/DSP48E1.vhd
Warning: OPMODE Input Warning : The OPMODE 001XXXX with CARRYINSEL  000 to DSP48E1 instance is invalid.
Time: 31395 ns  Iteration: 14  Process: /apatb_qeic_real_sum_band_density_accumulator_top/AESL_inst_qeic_real_sum_band_density_accumulator/qeic_real_sum_band_density_accumulator_dadd_64ns_64ns_64_5_full_dsp_1_U1/qeic_real_sum_band_density_accumulator_ap_dadd_3_full_dsp_64_u/U0/i_synth/addsub_op/ADDSUB/logic_speed/OP/ALIGN_BLK/FRAC_ADDSUB/dsp_add/FRAC_ADDSUB/dsp48e1_add/DSP48E1_ADD/DSP/prcs_opmode_drc  File: /home/Xilinx/Vivado/2019.1/data/vhdl/src/unisims/primitive/DSP48E1.vhd
Warning: OPMODE Input Warning : The OPMODE 011XX11 with CARRYINSEL  000 to DSP48E1 instance is invalid.
Time: 31465100 ps  Iteration: 10  Process: /apatb_qeic_real_sum_band_density_accumulator_top/AESL_inst_qeic_real_sum_band_density_accumulator/qeic_real_sum_band_density_accumulator_dmul_64ns_64ns_64_6_max_dsp_1_U2/qeic_real_sum_band_density_accumulator_ap_dmul_4_max_dsp_64_u/U0/i_synth/mult/OP/i_non_prim/R_AND_R/logic/R_AND_R/dsp48_e1/dsp48e1_add/DSP48E1_ADD/DSP/prcs_opmode_drc  File: /home/Xilinx/Vivado/2019.1/data/vhdl/src/unisims/primitive/DSP48E1.vhd
Warning: OPMODE Input Warning : The OPMODE 001XXXX with CARRYINSEL  000 to DSP48E1 instance is invalid.
Time: 31505 ns  Iteration: 14  Process: /apatb_qeic_real_sum_band_density_accumulator_top/AESL_inst_qeic_real_sum_band_density_accumulator/qeic_real_sum_band_density_accumulator_dadd_64ns_64ns_64_5_full_dsp_1_U1/qeic_real_sum_band_density_accumulator_ap_dadd_3_full_dsp_64_u/U0/i_synth/addsub_op/ADDSUB/logic_speed/OP/ALIGN_BLK/FRAC_ADDSUB/dsp_add/FRAC_ADDSUB/dsp48e1_add/DSP48E1_ADD/DSP/prcs_opmode_drc  File: /home/Xilinx/Vivado/2019.1/data/vhdl/src/unisims/primitive/DSP48E1.vhd
Warning: OPMODE Input Warning : The OPMODE 011XX11 with CARRYINSEL  000 to DSP48E1 instance is invalid.
Time: 31725100 ps  Iteration: 10  Process: /apatb_qeic_real_sum_band_density_accumulator_top/AESL_inst_qeic_real_sum_band_density_accumulator/qeic_real_sum_band_density_accumulator_dmul_64ns_64ns_64_6_max_dsp_1_U2/qeic_real_sum_band_density_accumulator_ap_dmul_4_max_dsp_64_u/U0/i_synth/mult/OP/i_non_prim/R_AND_R/logic/R_AND_R/dsp48_e1/dsp48e1_add/DSP48E1_ADD/DSP/prcs_opmode_drc  File: /home/Xilinx/Vivado/2019.1/data/vhdl/src/unisims/primitive/DSP48E1.vhd
Warning: OPMODE Input Warning : The OPMODE 001XXXX with CARRYINSEL  000 to DSP48E1 instance is invalid.
Time: 31765 ns  Iteration: 14  Process: /apatb_qeic_real_sum_band_density_accumulator_top/AESL_inst_qeic_real_sum_band_density_accumulator/qeic_real_sum_band_density_accumulator_dadd_64ns_64ns_64_5_full_dsp_1_U1/qeic_real_sum_band_density_accumulator_ap_dadd_3_full_dsp_64_u/U0/i_synth/addsub_op/ADDSUB/logic_speed/OP/ALIGN_BLK/FRAC_ADDSUB/dsp_add/FRAC_ADDSUB/dsp48e1_add/DSP48E1_ADD/DSP/prcs_opmode_drc  File: /home/Xilinx/Vivado/2019.1/data/vhdl/src/unisims/primitive/DSP48E1.vhd
Warning: OPMODE Input Warning : The OPMODE 011XX11 with CARRYINSEL  000 to DSP48E1 instance is invalid.
Time: 31835100 ps  Iteration: 10  Process: /apatb_qeic_real_sum_band_density_accumulator_top/AESL_inst_qeic_real_sum_band_density_accumulator/qeic_real_sum_band_density_accumulator_dmul_64ns_64ns_64_6_max_dsp_1_U2/qeic_real_sum_band_density_accumulator_ap_dmul_4_max_dsp_64_u/U0/i_synth/mult/OP/i_non_prim/R_AND_R/logic/R_AND_R/dsp48_e1/dsp48e1_add/DSP48E1_ADD/DSP/prcs_opmode_drc  File: /home/Xilinx/Vivado/2019.1/data/vhdl/src/unisims/primitive/DSP48E1.vhd
Warning: OPMODE Input Warning : The OPMODE 001XXXX with CARRYINSEL  000 to DSP48E1 instance is invalid.
Time: 31875 ns  Iteration: 14  Process: /apatb_qeic_real_sum_band_density_accumulator_top/AESL_inst_qeic_real_sum_band_density_accumulator/qeic_real_sum_band_density_accumulator_dadd_64ns_64ns_64_5_full_dsp_1_U1/qeic_real_sum_band_density_accumulator_ap_dadd_3_full_dsp_64_u/U0/i_synth/addsub_op/ADDSUB/logic_speed/OP/ALIGN_BLK/FRAC_ADDSUB/dsp_add/FRAC_ADDSUB/dsp48e1_add/DSP48E1_ADD/DSP/prcs_opmode_drc  File: /home/Xilinx/Vivado/2019.1/data/vhdl/src/unisims/primitive/DSP48E1.vhd
Warning: OPMODE Input Warning : The OPMODE 011XX11 with CARRYINSEL  000 to DSP48E1 instance is invalid.
Time: 32175100 ps  Iteration: 10  Process: /apatb_qeic_real_sum_band_density_accumulator_top/AESL_inst_qeic_real_sum_band_density_accumulator/qeic_real_sum_band_density_accumulator_dmul_64ns_64ns_64_6_max_dsp_1_U2/qeic_real_sum_band_density_accumulator_ap_dmul_4_max_dsp_64_u/U0/i_synth/mult/OP/i_non_prim/R_AND_R/logic/R_AND_R/dsp48_e1/dsp48e1_add/DSP48E1_ADD/DSP/prcs_opmode_drc  File: /home/Xilinx/Vivado/2019.1/data/vhdl/src/unisims/primitive/DSP48E1.vhd
Warning: OPMODE Input Warning : The OPMODE 001XXXX with CARRYINSEL  000 to DSP48E1 instance is invalid.
Time: 32215 ns  Iteration: 14  Process: /apatb_qeic_real_sum_band_density_accumulator_top/AESL_inst_qeic_real_sum_band_density_accumulator/qeic_real_sum_band_density_accumulator_dadd_64ns_64ns_64_5_full_dsp_1_U1/qeic_real_sum_band_density_accumulator_ap_dadd_3_full_dsp_64_u/U0/i_synth/addsub_op/ADDSUB/logic_speed/OP/ALIGN_BLK/FRAC_ADDSUB/dsp_add/FRAC_ADDSUB/dsp48e1_add/DSP48E1_ADD/DSP/prcs_opmode_drc  File: /home/Xilinx/Vivado/2019.1/data/vhdl/src/unisims/primitive/DSP48E1.vhd
Warning: OPMODE Input Warning : The OPMODE 011XX11 with CARRYINSEL  000 to DSP48E1 instance is invalid.
Time: 32285100 ps  Iteration: 10  Process: /apatb_qeic_real_sum_band_density_accumulator_top/AESL_inst_qeic_real_sum_band_density_accumulator/qeic_real_sum_band_density_accumulator_dmul_64ns_64ns_64_6_max_dsp_1_U2/qeic_real_sum_band_density_accumulator_ap_dmul_4_max_dsp_64_u/U0/i_synth/mult/OP/i_non_prim/R_AND_R/logic/R_AND_R/dsp48_e1/dsp48e1_add/DSP48E1_ADD/DSP/prcs_opmode_drc  File: /home/Xilinx/Vivado/2019.1/data/vhdl/src/unisims/primitive/DSP48E1.vhd
Warning: OPMODE Input Warning : The OPMODE 001XXXX with CARRYINSEL  000 to DSP48E1 instance is invalid.
Time: 32325 ns  Iteration: 16  Process: /apatb_qeic_real_sum_band_density_accumulator_top/AESL_inst_qeic_real_sum_band_density_accumulator/qeic_real_sum_band_density_accumulator_dadd_64ns_64ns_64_5_full_dsp_1_U1/qeic_real_sum_band_density_accumulator_ap_dadd_3_full_dsp_64_u/U0/i_synth/addsub_op/ADDSUB/logic_speed/OP/ALIGN_BLK/FRAC_ADDSUB/dsp_add/FRAC_ADDSUB/dsp48e1_add/DSP48E1_ADD/DSP/prcs_opmode_drc  File: /home/Xilinx/Vivado/2019.1/data/vhdl/src/unisims/primitive/DSP48E1.vhd
Warning: OPMODE Input Warning : The OPMODE 011XX11 with CARRYINSEL  000 to DSP48E1 instance is invalid.
Time: 32545100 ps  Iteration: 10  Process: /apatb_qeic_real_sum_band_density_accumulator_top/AESL_inst_qeic_real_sum_band_density_accumulator/qeic_real_sum_band_density_accumulator_dmul_64ns_64ns_64_6_max_dsp_1_U2/qeic_real_sum_band_density_accumulator_ap_dmul_4_max_dsp_64_u/U0/i_synth/mult/OP/i_non_prim/R_AND_R/logic/R_AND_R/dsp48_e1/dsp48e1_add/DSP48E1_ADD/DSP/prcs_opmode_drc  File: /home/Xilinx/Vivado/2019.1/data/vhdl/src/unisims/primitive/DSP48E1.vhd
Warning: OPMODE Input Warning : The OPMODE 001XXXX with CARRYINSEL  000 to DSP48E1 instance is invalid.
Time: 32585 ns  Iteration: 14  Process: /apatb_qeic_real_sum_band_density_accumulator_top/AESL_inst_qeic_real_sum_band_density_accumulator/qeic_real_sum_band_density_accumulator_dadd_64ns_64ns_64_5_full_dsp_1_U1/qeic_real_sum_band_density_accumulator_ap_dadd_3_full_dsp_64_u/U0/i_synth/addsub_op/ADDSUB/logic_speed/OP/ALIGN_BLK/FRAC_ADDSUB/dsp_add/FRAC_ADDSUB/dsp48e1_add/DSP48E1_ADD/DSP/prcs_opmode_drc  File: /home/Xilinx/Vivado/2019.1/data/vhdl/src/unisims/primitive/DSP48E1.vhd
Warning: OPMODE Input Warning : The OPMODE 011XX11 with CARRYINSEL  000 to DSP48E1 instance is invalid.
Time: 32655100 ps  Iteration: 10  Process: /apatb_qeic_real_sum_band_density_accumulator_top/AESL_inst_qeic_real_sum_band_density_accumulator/qeic_real_sum_band_density_accumulator_dmul_64ns_64ns_64_6_max_dsp_1_U2/qeic_real_sum_band_density_accumulator_ap_dmul_4_max_dsp_64_u/U0/i_synth/mult/OP/i_non_prim/R_AND_R/logic/R_AND_R/dsp48_e1/dsp48e1_add/DSP48E1_ADD/DSP/prcs_opmode_drc  File: /home/Xilinx/Vivado/2019.1/data/vhdl/src/unisims/primitive/DSP48E1.vhd
Warning: OPMODE Input Warning : The OPMODE 001XXXX with CARRYINSEL  000 to DSP48E1 instance is invalid.
Time: 32695 ns  Iteration: 14  Process: /apatb_qeic_real_sum_band_density_accumulator_top/AESL_inst_qeic_real_sum_band_density_accumulator/qeic_real_sum_band_density_accumulator_dadd_64ns_64ns_64_5_full_dsp_1_U1/qeic_real_sum_band_density_accumulator_ap_dadd_3_full_dsp_64_u/U0/i_synth/addsub_op/ADDSUB/logic_speed/OP/ALIGN_BLK/FRAC_ADDSUB/dsp_add/FRAC_ADDSUB/dsp48e1_add/DSP48E1_ADD/DSP/prcs_opmode_drc  File: /home/Xilinx/Vivado/2019.1/data/vhdl/src/unisims/primitive/DSP48E1.vhd
Warning: OPMODE Input Warning : The OPMODE 011XX11 with CARRYINSEL  000 to DSP48E1 instance is invalid.
Time: 32915100 ps  Iteration: 10  Process: /apatb_qeic_real_sum_band_density_accumulator_top/AESL_inst_qeic_real_sum_band_density_accumulator/qeic_real_sum_band_density_accumulator_dmul_64ns_64ns_64_6_max_dsp_1_U2/qeic_real_sum_band_density_accumulator_ap_dmul_4_max_dsp_64_u/U0/i_synth/mult/OP/i_non_prim/R_AND_R/logic/R_AND_R/dsp48_e1/dsp48e1_add/DSP48E1_ADD/DSP/prcs_opmode_drc  File: /home/Xilinx/Vivado/2019.1/data/vhdl/src/unisims/primitive/DSP48E1.vhd
Warning: OPMODE Input Warning : The OPMODE 001XXXX with CARRYINSEL  000 to DSP48E1 instance is invalid.
Time: 32955 ns  Iteration: 14  Process: /apatb_qeic_real_sum_band_density_accumulator_top/AESL_inst_qeic_real_sum_band_density_accumulator/qeic_real_sum_band_density_accumulator_dadd_64ns_64ns_64_5_full_dsp_1_U1/qeic_real_sum_band_density_accumulator_ap_dadd_3_full_dsp_64_u/U0/i_synth/addsub_op/ADDSUB/logic_speed/OP/ALIGN_BLK/FRAC_ADDSUB/dsp_add/FRAC_ADDSUB/dsp48e1_add/DSP48E1_ADD/DSP/prcs_opmode_drc  File: /home/Xilinx/Vivado/2019.1/data/vhdl/src/unisims/primitive/DSP48E1.vhd
Warning: OPMODE Input Warning : The OPMODE 011XX11 with CARRYINSEL  000 to DSP48E1 instance is invalid.
Time: 33025100 ps  Iteration: 10  Process: /apatb_qeic_real_sum_band_density_accumulator_top/AESL_inst_qeic_real_sum_band_density_accumulator/qeic_real_sum_band_density_accumulator_dmul_64ns_64ns_64_6_max_dsp_1_U2/qeic_real_sum_band_density_accumulator_ap_dmul_4_max_dsp_64_u/U0/i_synth/mult/OP/i_non_prim/R_AND_R/logic/R_AND_R/dsp48_e1/dsp48e1_add/DSP48E1_ADD/DSP/prcs_opmode_drc  File: /home/Xilinx/Vivado/2019.1/data/vhdl/src/unisims/primitive/DSP48E1.vhd
Warning: OPMODE Input Warning : The OPMODE 001XXXX with CARRYINSEL  000 to DSP48E1 instance is invalid.
Time: 33065 ns  Iteration: 14  Process: /apatb_qeic_real_sum_band_density_accumulator_top/AESL_inst_qeic_real_sum_band_density_accumulator/qeic_real_sum_band_density_accumulator_dadd_64ns_64ns_64_5_full_dsp_1_U1/qeic_real_sum_band_density_accumulator_ap_dadd_3_full_dsp_64_u/U0/i_synth/addsub_op/ADDSUB/logic_speed/OP/ALIGN_BLK/FRAC_ADDSUB/dsp_add/FRAC_ADDSUB/dsp48e1_add/DSP48E1_ADD/DSP/prcs_opmode_drc  File: /home/Xilinx/Vivado/2019.1/data/vhdl/src/unisims/primitive/DSP48E1.vhd
Warning: OPMODE Input Warning : The OPMODE 011XX11 with CARRYINSEL  000 to DSP48E1 instance is invalid.
Time: 33285100 ps  Iteration: 10  Process: /apatb_qeic_real_sum_band_density_accumulator_top/AESL_inst_qeic_real_sum_band_density_accumulator/qeic_real_sum_band_density_accumulator_dmul_64ns_64ns_64_6_max_dsp_1_U2/qeic_real_sum_band_density_accumulator_ap_dmul_4_max_dsp_64_u/U0/i_synth/mult/OP/i_non_prim/R_AND_R/logic/R_AND_R/dsp48_e1/dsp48e1_add/DSP48E1_ADD/DSP/prcs_opmode_drc  File: /home/Xilinx/Vivado/2019.1/data/vhdl/src/unisims/primitive/DSP48E1.vhd
Warning: OPMODE Input Warning : The OPMODE 001XXXX with CARRYINSEL  000 to DSP48E1 instance is invalid.
Time: 33325 ns  Iteration: 14  Process: /apatb_qeic_real_sum_band_density_accumulator_top/AESL_inst_qeic_real_sum_band_density_accumulator/qeic_real_sum_band_density_accumulator_dadd_64ns_64ns_64_5_full_dsp_1_U1/qeic_real_sum_band_density_accumulator_ap_dadd_3_full_dsp_64_u/U0/i_synth/addsub_op/ADDSUB/logic_speed/OP/ALIGN_BLK/FRAC_ADDSUB/dsp_add/FRAC_ADDSUB/dsp48e1_add/DSP48E1_ADD/DSP/prcs_opmode_drc  File: /home/Xilinx/Vivado/2019.1/data/vhdl/src/unisims/primitive/DSP48E1.vhd
Warning: OPMODE Input Warning : The OPMODE 011XX11 with CARRYINSEL  000 to DSP48E1 instance is invalid.
Time: 33395100 ps  Iteration: 10  Process: /apatb_qeic_real_sum_band_density_accumulator_top/AESL_inst_qeic_real_sum_band_density_accumulator/qeic_real_sum_band_density_accumulator_dmul_64ns_64ns_64_6_max_dsp_1_U2/qeic_real_sum_band_density_accumulator_ap_dmul_4_max_dsp_64_u/U0/i_synth/mult/OP/i_non_prim/R_AND_R/logic/R_AND_R/dsp48_e1/dsp48e1_add/DSP48E1_ADD/DSP/prcs_opmode_drc  File: /home/Xilinx/Vivado/2019.1/data/vhdl/src/unisims/primitive/DSP48E1.vhd
Warning: OPMODE Input Warning : The OPMODE 001XXXX with CARRYINSEL  000 to DSP48E1 instance is invalid.
Time: 33435 ns  Iteration: 14  Process: /apatb_qeic_real_sum_band_density_accumulator_top/AESL_inst_qeic_real_sum_band_density_accumulator/qeic_real_sum_band_density_accumulator_dadd_64ns_64ns_64_5_full_dsp_1_U1/qeic_real_sum_band_density_accumulator_ap_dadd_3_full_dsp_64_u/U0/i_synth/addsub_op/ADDSUB/logic_speed/OP/ALIGN_BLK/FRAC_ADDSUB/dsp_add/FRAC_ADDSUB/dsp48e1_add/DSP48E1_ADD/DSP/prcs_opmode_drc  File: /home/Xilinx/Vivado/2019.1/data/vhdl/src/unisims/primitive/DSP48E1.vhd
Warning: OPMODE Input Warning : The OPMODE 011XX11 with CARRYINSEL  000 to DSP48E1 instance is invalid.
Time: 33735100 ps  Iteration: 10  Process: /apatb_qeic_real_sum_band_density_accumulator_top/AESL_inst_qeic_real_sum_band_density_accumulator/qeic_real_sum_band_density_accumulator_dmul_64ns_64ns_64_6_max_dsp_1_U2/qeic_real_sum_band_density_accumulator_ap_dmul_4_max_dsp_64_u/U0/i_synth/mult/OP/i_non_prim/R_AND_R/logic/R_AND_R/dsp48_e1/dsp48e1_add/DSP48E1_ADD/DSP/prcs_opmode_drc  File: /home/Xilinx/Vivado/2019.1/data/vhdl/src/unisims/primitive/DSP48E1.vhd
Warning: OPMODE Input Warning : The OPMODE 001XXXX with CARRYINSEL  000 to DSP48E1 instance is invalid.
Time: 33775 ns  Iteration: 14  Process: /apatb_qeic_real_sum_band_density_accumulator_top/AESL_inst_qeic_real_sum_band_density_accumulator/qeic_real_sum_band_density_accumulator_dadd_64ns_64ns_64_5_full_dsp_1_U1/qeic_real_sum_band_density_accumulator_ap_dadd_3_full_dsp_64_u/U0/i_synth/addsub_op/ADDSUB/logic_speed/OP/ALIGN_BLK/FRAC_ADDSUB/dsp_add/FRAC_ADDSUB/dsp48e1_add/DSP48E1_ADD/DSP/prcs_opmode_drc  File: /home/Xilinx/Vivado/2019.1/data/vhdl/src/unisims/primitive/DSP48E1.vhd
Warning: OPMODE Input Warning : The OPMODE 011XX11 with CARRYINSEL  000 to DSP48E1 instance is invalid.
Time: 33845100 ps  Iteration: 10  Process: /apatb_qeic_real_sum_band_density_accumulator_top/AESL_inst_qeic_real_sum_band_density_accumulator/qeic_real_sum_band_density_accumulator_dmul_64ns_64ns_64_6_max_dsp_1_U2/qeic_real_sum_band_density_accumulator_ap_dmul_4_max_dsp_64_u/U0/i_synth/mult/OP/i_non_prim/R_AND_R/logic/R_AND_R/dsp48_e1/dsp48e1_add/DSP48E1_ADD/DSP/prcs_opmode_drc  File: /home/Xilinx/Vivado/2019.1/data/vhdl/src/unisims/primitive/DSP48E1.vhd
Warning: OPMODE Input Warning : The OPMODE 001XXXX with CARRYINSEL  000 to DSP48E1 instance is invalid.
Time: 33885 ns  Iteration: 16  Process: /apatb_qeic_real_sum_band_density_accumulator_top/AESL_inst_qeic_real_sum_band_density_accumulator/qeic_real_sum_band_density_accumulator_dadd_64ns_64ns_64_5_full_dsp_1_U1/qeic_real_sum_band_density_accumulator_ap_dadd_3_full_dsp_64_u/U0/i_synth/addsub_op/ADDSUB/logic_speed/OP/ALIGN_BLK/FRAC_ADDSUB/dsp_add/FRAC_ADDSUB/dsp48e1_add/DSP48E1_ADD/DSP/prcs_opmode_drc  File: /home/Xilinx/Vivado/2019.1/data/vhdl/src/unisims/primitive/DSP48E1.vhd
Warning: OPMODE Input Warning : The OPMODE 011XX11 with CARRYINSEL  000 to DSP48E1 instance is invalid.
Time: 34105100 ps  Iteration: 10  Process: /apatb_qeic_real_sum_band_density_accumulator_top/AESL_inst_qeic_real_sum_band_density_accumulator/qeic_real_sum_band_density_accumulator_dmul_64ns_64ns_64_6_max_dsp_1_U2/qeic_real_sum_band_density_accumulator_ap_dmul_4_max_dsp_64_u/U0/i_synth/mult/OP/i_non_prim/R_AND_R/logic/R_AND_R/dsp48_e1/dsp48e1_add/DSP48E1_ADD/DSP/prcs_opmode_drc  File: /home/Xilinx/Vivado/2019.1/data/vhdl/src/unisims/primitive/DSP48E1.vhd
Warning: OPMODE Input Warning : The OPMODE 001XXXX with CARRYINSEL  000 to DSP48E1 instance is invalid.
Time: 34145 ns  Iteration: 14  Process: /apatb_qeic_real_sum_band_density_accumulator_top/AESL_inst_qeic_real_sum_band_density_accumulator/qeic_real_sum_band_density_accumulator_dadd_64ns_64ns_64_5_full_dsp_1_U1/qeic_real_sum_band_density_accumulator_ap_dadd_3_full_dsp_64_u/U0/i_synth/addsub_op/ADDSUB/logic_speed/OP/ALIGN_BLK/FRAC_ADDSUB/dsp_add/FRAC_ADDSUB/dsp48e1_add/DSP48E1_ADD/DSP/prcs_opmode_drc  File: /home/Xilinx/Vivado/2019.1/data/vhdl/src/unisims/primitive/DSP48E1.vhd
Warning: OPMODE Input Warning : The OPMODE 011XX11 with CARRYINSEL  000 to DSP48E1 instance is invalid.
Time: 34215100 ps  Iteration: 10  Process: /apatb_qeic_real_sum_band_density_accumulator_top/AESL_inst_qeic_real_sum_band_density_accumulator/qeic_real_sum_band_density_accumulator_dmul_64ns_64ns_64_6_max_dsp_1_U2/qeic_real_sum_band_density_accumulator_ap_dmul_4_max_dsp_64_u/U0/i_synth/mult/OP/i_non_prim/R_AND_R/logic/R_AND_R/dsp48_e1/dsp48e1_add/DSP48E1_ADD/DSP/prcs_opmode_drc  File: /home/Xilinx/Vivado/2019.1/data/vhdl/src/unisims/primitive/DSP48E1.vhd
Warning: OPMODE Input Warning : The OPMODE 001XXXX with CARRYINSEL  000 to DSP48E1 instance is invalid.
Time: 34255 ns  Iteration: 14  Process: /apatb_qeic_real_sum_band_density_accumulator_top/AESL_inst_qeic_real_sum_band_density_accumulator/qeic_real_sum_band_density_accumulator_dadd_64ns_64ns_64_5_full_dsp_1_U1/qeic_real_sum_band_density_accumulator_ap_dadd_3_full_dsp_64_u/U0/i_synth/addsub_op/ADDSUB/logic_speed/OP/ALIGN_BLK/FRAC_ADDSUB/dsp_add/FRAC_ADDSUB/dsp48e1_add/DSP48E1_ADD/DSP/prcs_opmode_drc  File: /home/Xilinx/Vivado/2019.1/data/vhdl/src/unisims/primitive/DSP48E1.vhd
Warning: OPMODE Input Warning : The OPMODE 011XX11 with CARRYINSEL  000 to DSP48E1 instance is invalid.
Time: 34475100 ps  Iteration: 10  Process: /apatb_qeic_real_sum_band_density_accumulator_top/AESL_inst_qeic_real_sum_band_density_accumulator/qeic_real_sum_band_density_accumulator_dmul_64ns_64ns_64_6_max_dsp_1_U2/qeic_real_sum_band_density_accumulator_ap_dmul_4_max_dsp_64_u/U0/i_synth/mult/OP/i_non_prim/R_AND_R/logic/R_AND_R/dsp48_e1/dsp48e1_add/DSP48E1_ADD/DSP/prcs_opmode_drc  File: /home/Xilinx/Vivado/2019.1/data/vhdl/src/unisims/primitive/DSP48E1.vhd
Warning: OPMODE Input Warning : The OPMODE 001XXXX with CARRYINSEL  000 to DSP48E1 instance is invalid.
Time: 34515 ns  Iteration: 14  Process: /apatb_qeic_real_sum_band_density_accumulator_top/AESL_inst_qeic_real_sum_band_density_accumulator/qeic_real_sum_band_density_accumulator_dadd_64ns_64ns_64_5_full_dsp_1_U1/qeic_real_sum_band_density_accumulator_ap_dadd_3_full_dsp_64_u/U0/i_synth/addsub_op/ADDSUB/logic_speed/OP/ALIGN_BLK/FRAC_ADDSUB/dsp_add/FRAC_ADDSUB/dsp48e1_add/DSP48E1_ADD/DSP/prcs_opmode_drc  File: /home/Xilinx/Vivado/2019.1/data/vhdl/src/unisims/primitive/DSP48E1.vhd
Warning: OPMODE Input Warning : The OPMODE 011XX11 with CARRYINSEL  000 to DSP48E1 instance is invalid.
Time: 34585100 ps  Iteration: 10  Process: /apatb_qeic_real_sum_band_density_accumulator_top/AESL_inst_qeic_real_sum_band_density_accumulator/qeic_real_sum_band_density_accumulator_dmul_64ns_64ns_64_6_max_dsp_1_U2/qeic_real_sum_band_density_accumulator_ap_dmul_4_max_dsp_64_u/U0/i_synth/mult/OP/i_non_prim/R_AND_R/logic/R_AND_R/dsp48_e1/dsp48e1_add/DSP48E1_ADD/DSP/prcs_opmode_drc  File: /home/Xilinx/Vivado/2019.1/data/vhdl/src/unisims/primitive/DSP48E1.vhd
Warning: OPMODE Input Warning : The OPMODE 001XXXX with CARRYINSEL  000 to DSP48E1 instance is invalid.
Time: 34625 ns  Iteration: 14  Process: /apatb_qeic_real_sum_band_density_accumulator_top/AESL_inst_qeic_real_sum_band_density_accumulator/qeic_real_sum_band_density_accumulator_dadd_64ns_64ns_64_5_full_dsp_1_U1/qeic_real_sum_band_density_accumulator_ap_dadd_3_full_dsp_64_u/U0/i_synth/addsub_op/ADDSUB/logic_speed/OP/ALIGN_BLK/FRAC_ADDSUB/dsp_add/FRAC_ADDSUB/dsp48e1_add/DSP48E1_ADD/DSP/prcs_opmode_drc  File: /home/Xilinx/Vivado/2019.1/data/vhdl/src/unisims/primitive/DSP48E1.vhd
Warning: OPMODE Input Warning : The OPMODE 011XX11 with CARRYINSEL  000 to DSP48E1 instance is invalid.
Time: 34845100 ps  Iteration: 10  Process: /apatb_qeic_real_sum_band_density_accumulator_top/AESL_inst_qeic_real_sum_band_density_accumulator/qeic_real_sum_band_density_accumulator_dmul_64ns_64ns_64_6_max_dsp_1_U2/qeic_real_sum_band_density_accumulator_ap_dmul_4_max_dsp_64_u/U0/i_synth/mult/OP/i_non_prim/R_AND_R/logic/R_AND_R/dsp48_e1/dsp48e1_add/DSP48E1_ADD/DSP/prcs_opmode_drc  File: /home/Xilinx/Vivado/2019.1/data/vhdl/src/unisims/primitive/DSP48E1.vhd
Warning: OPMODE Input Warning : The OPMODE 001XXXX with CARRYINSEL  000 to DSP48E1 instance is invalid.
Time: 34885 ns  Iteration: 14  Process: /apatb_qeic_real_sum_band_density_accumulator_top/AESL_inst_qeic_real_sum_band_density_accumulator/qeic_real_sum_band_density_accumulator_dadd_64ns_64ns_64_5_full_dsp_1_U1/qeic_real_sum_band_density_accumulator_ap_dadd_3_full_dsp_64_u/U0/i_synth/addsub_op/ADDSUB/logic_speed/OP/ALIGN_BLK/FRAC_ADDSUB/dsp_add/FRAC_ADDSUB/dsp48e1_add/DSP48E1_ADD/DSP/prcs_opmode_drc  File: /home/Xilinx/Vivado/2019.1/data/vhdl/src/unisims/primitive/DSP48E1.vhd
Warning: OPMODE Input Warning : The OPMODE 011XX11 with CARRYINSEL  000 to DSP48E1 instance is invalid.
Time: 34955100 ps  Iteration: 10  Process: /apatb_qeic_real_sum_band_density_accumulator_top/AESL_inst_qeic_real_sum_band_density_accumulator/qeic_real_sum_band_density_accumulator_dmul_64ns_64ns_64_6_max_dsp_1_U2/qeic_real_sum_band_density_accumulator_ap_dmul_4_max_dsp_64_u/U0/i_synth/mult/OP/i_non_prim/R_AND_R/logic/R_AND_R/dsp48_e1/dsp48e1_add/DSP48E1_ADD/DSP/prcs_opmode_drc  File: /home/Xilinx/Vivado/2019.1/data/vhdl/src/unisims/primitive/DSP48E1.vhd
Warning: OPMODE Input Warning : The OPMODE 001XXXX with CARRYINSEL  000 to DSP48E1 instance is invalid.
Time: 34995 ns  Iteration: 14  Process: /apatb_qeic_real_sum_band_density_accumulator_top/AESL_inst_qeic_real_sum_band_density_accumulator/qeic_real_sum_band_density_accumulator_dadd_64ns_64ns_64_5_full_dsp_1_U1/qeic_real_sum_band_density_accumulator_ap_dadd_3_full_dsp_64_u/U0/i_synth/addsub_op/ADDSUB/logic_speed/OP/ALIGN_BLK/FRAC_ADDSUB/dsp_add/FRAC_ADDSUB/dsp48e1_add/DSP48E1_ADD/DSP/prcs_opmode_drc  File: /home/Xilinx/Vivado/2019.1/data/vhdl/src/unisims/primitive/DSP48E1.vhd
Warning: OPMODE Input Warning : The OPMODE 011XX11 with CARRYINSEL  000 to DSP48E1 instance is invalid.
Time: 35295100 ps  Iteration: 10  Process: /apatb_qeic_real_sum_band_density_accumulator_top/AESL_inst_qeic_real_sum_band_density_accumulator/qeic_real_sum_band_density_accumulator_dmul_64ns_64ns_64_6_max_dsp_1_U2/qeic_real_sum_band_density_accumulator_ap_dmul_4_max_dsp_64_u/U0/i_synth/mult/OP/i_non_prim/R_AND_R/logic/R_AND_R/dsp48_e1/dsp48e1_add/DSP48E1_ADD/DSP/prcs_opmode_drc  File: /home/Xilinx/Vivado/2019.1/data/vhdl/src/unisims/primitive/DSP48E1.vhd
Warning: OPMODE Input Warning : The OPMODE 001XXXX with CARRYINSEL  000 to DSP48E1 instance is invalid.
Time: 35335 ns  Iteration: 14  Process: /apatb_qeic_real_sum_band_density_accumulator_top/AESL_inst_qeic_real_sum_band_density_accumulator/qeic_real_sum_band_density_accumulator_dadd_64ns_64ns_64_5_full_dsp_1_U1/qeic_real_sum_band_density_accumulator_ap_dadd_3_full_dsp_64_u/U0/i_synth/addsub_op/ADDSUB/logic_speed/OP/ALIGN_BLK/FRAC_ADDSUB/dsp_add/FRAC_ADDSUB/dsp48e1_add/DSP48E1_ADD/DSP/prcs_opmode_drc  File: /home/Xilinx/Vivado/2019.1/data/vhdl/src/unisims/primitive/DSP48E1.vhd
Warning: OPMODE Input Warning : The OPMODE 011XX11 with CARRYINSEL  000 to DSP48E1 instance is invalid.
Time: 35405100 ps  Iteration: 10  Process: /apatb_qeic_real_sum_band_density_accumulator_top/AESL_inst_qeic_real_sum_band_density_accumulator/qeic_real_sum_band_density_accumulator_dmul_64ns_64ns_64_6_max_dsp_1_U2/qeic_real_sum_band_density_accumulator_ap_dmul_4_max_dsp_64_u/U0/i_synth/mult/OP/i_non_prim/R_AND_R/logic/R_AND_R/dsp48_e1/dsp48e1_add/DSP48E1_ADD/DSP/prcs_opmode_drc  File: /home/Xilinx/Vivado/2019.1/data/vhdl/src/unisims/primitive/DSP48E1.vhd
Warning: OPMODE Input Warning : The OPMODE 001XXXX with CARRYINSEL  000 to DSP48E1 instance is invalid.
Time: 35445 ns  Iteration: 16  Process: /apatb_qeic_real_sum_band_density_accumulator_top/AESL_inst_qeic_real_sum_band_density_accumulator/qeic_real_sum_band_density_accumulator_dadd_64ns_64ns_64_5_full_dsp_1_U1/qeic_real_sum_band_density_accumulator_ap_dadd_3_full_dsp_64_u/U0/i_synth/addsub_op/ADDSUB/logic_speed/OP/ALIGN_BLK/FRAC_ADDSUB/dsp_add/FRAC_ADDSUB/dsp48e1_add/DSP48E1_ADD/DSP/prcs_opmode_drc  File: /home/Xilinx/Vivado/2019.1/data/vhdl/src/unisims/primitive/DSP48E1.vhd
Warning: OPMODE Input Warning : The OPMODE 011XX11 with CARRYINSEL  000 to DSP48E1 instance is invalid.
Time: 35665100 ps  Iteration: 10  Process: /apatb_qeic_real_sum_band_density_accumulator_top/AESL_inst_qeic_real_sum_band_density_accumulator/qeic_real_sum_band_density_accumulator_dmul_64ns_64ns_64_6_max_dsp_1_U2/qeic_real_sum_band_density_accumulator_ap_dmul_4_max_dsp_64_u/U0/i_synth/mult/OP/i_non_prim/R_AND_R/logic/R_AND_R/dsp48_e1/dsp48e1_add/DSP48E1_ADD/DSP/prcs_opmode_drc  File: /home/Xilinx/Vivado/2019.1/data/vhdl/src/unisims/primitive/DSP48E1.vhd
Warning: OPMODE Input Warning : The OPMODE 001XXXX with CARRYINSEL  000 to DSP48E1 instance is invalid.
Time: 35705 ns  Iteration: 14  Process: /apatb_qeic_real_sum_band_density_accumulator_top/AESL_inst_qeic_real_sum_band_density_accumulator/qeic_real_sum_band_density_accumulator_dadd_64ns_64ns_64_5_full_dsp_1_U1/qeic_real_sum_band_density_accumulator_ap_dadd_3_full_dsp_64_u/U0/i_synth/addsub_op/ADDSUB/logic_speed/OP/ALIGN_BLK/FRAC_ADDSUB/dsp_add/FRAC_ADDSUB/dsp48e1_add/DSP48E1_ADD/DSP/prcs_opmode_drc  File: /home/Xilinx/Vivado/2019.1/data/vhdl/src/unisims/primitive/DSP48E1.vhd
Warning: OPMODE Input Warning : The OPMODE 011XX11 with CARRYINSEL  000 to DSP48E1 instance is invalid.
Time: 35775100 ps  Iteration: 10  Process: /apatb_qeic_real_sum_band_density_accumulator_top/AESL_inst_qeic_real_sum_band_density_accumulator/qeic_real_sum_band_density_accumulator_dmul_64ns_64ns_64_6_max_dsp_1_U2/qeic_real_sum_band_density_accumulator_ap_dmul_4_max_dsp_64_u/U0/i_synth/mult/OP/i_non_prim/R_AND_R/logic/R_AND_R/dsp48_e1/dsp48e1_add/DSP48E1_ADD/DSP/prcs_opmode_drc  File: /home/Xilinx/Vivado/2019.1/data/vhdl/src/unisims/primitive/DSP48E1.vhd
Warning: OPMODE Input Warning : The OPMODE 001XXXX with CARRYINSEL  000 to DSP48E1 instance is invalid.
Time: 35815 ns  Iteration: 14  Process: /apatb_qeic_real_sum_band_density_accumulator_top/AESL_inst_qeic_real_sum_band_density_accumulator/qeic_real_sum_band_density_accumulator_dadd_64ns_64ns_64_5_full_dsp_1_U1/qeic_real_sum_band_density_accumulator_ap_dadd_3_full_dsp_64_u/U0/i_synth/addsub_op/ADDSUB/logic_speed/OP/ALIGN_BLK/FRAC_ADDSUB/dsp_add/FRAC_ADDSUB/dsp48e1_add/DSP48E1_ADD/DSP/prcs_opmode_drc  File: /home/Xilinx/Vivado/2019.1/data/vhdl/src/unisims/primitive/DSP48E1.vhd
Warning: OPMODE Input Warning : The OPMODE 011XX11 with CARRYINSEL  000 to DSP48E1 instance is invalid.
Time: 36035100 ps  Iteration: 10  Process: /apatb_qeic_real_sum_band_density_accumulator_top/AESL_inst_qeic_real_sum_band_density_accumulator/qeic_real_sum_band_density_accumulator_dmul_64ns_64ns_64_6_max_dsp_1_U2/qeic_real_sum_band_density_accumulator_ap_dmul_4_max_dsp_64_u/U0/i_synth/mult/OP/i_non_prim/R_AND_R/logic/R_AND_R/dsp48_e1/dsp48e1_add/DSP48E1_ADD/DSP/prcs_opmode_drc  File: /home/Xilinx/Vivado/2019.1/data/vhdl/src/unisims/primitive/DSP48E1.vhd
Warning: OPMODE Input Warning : The OPMODE 001XXXX with CARRYINSEL  000 to DSP48E1 instance is invalid.
Time: 36075 ns  Iteration: 14  Process: /apatb_qeic_real_sum_band_density_accumulator_top/AESL_inst_qeic_real_sum_band_density_accumulator/qeic_real_sum_band_density_accumulator_dadd_64ns_64ns_64_5_full_dsp_1_U1/qeic_real_sum_band_density_accumulator_ap_dadd_3_full_dsp_64_u/U0/i_synth/addsub_op/ADDSUB/logic_speed/OP/ALIGN_BLK/FRAC_ADDSUB/dsp_add/FRAC_ADDSUB/dsp48e1_add/DSP48E1_ADD/DSP/prcs_opmode_drc  File: /home/Xilinx/Vivado/2019.1/data/vhdl/src/unisims/primitive/DSP48E1.vhd
Warning: OPMODE Input Warning : The OPMODE 011XX11 with CARRYINSEL  000 to DSP48E1 instance is invalid.
Time: 36145100 ps  Iteration: 10  Process: /apatb_qeic_real_sum_band_density_accumulator_top/AESL_inst_qeic_real_sum_band_density_accumulator/qeic_real_sum_band_density_accumulator_dmul_64ns_64ns_64_6_max_dsp_1_U2/qeic_real_sum_band_density_accumulator_ap_dmul_4_max_dsp_64_u/U0/i_synth/mult/OP/i_non_prim/R_AND_R/logic/R_AND_R/dsp48_e1/dsp48e1_add/DSP48E1_ADD/DSP/prcs_opmode_drc  File: /home/Xilinx/Vivado/2019.1/data/vhdl/src/unisims/primitive/DSP48E1.vhd
Warning: OPMODE Input Warning : The OPMODE 001XXXX with CARRYINSEL  000 to DSP48E1 instance is invalid.
Time: 36185 ns  Iteration: 14  Process: /apatb_qeic_real_sum_band_density_accumulator_top/AESL_inst_qeic_real_sum_band_density_accumulator/qeic_real_sum_band_density_accumulator_dadd_64ns_64ns_64_5_full_dsp_1_U1/qeic_real_sum_band_density_accumulator_ap_dadd_3_full_dsp_64_u/U0/i_synth/addsub_op/ADDSUB/logic_speed/OP/ALIGN_BLK/FRAC_ADDSUB/dsp_add/FRAC_ADDSUB/dsp48e1_add/DSP48E1_ADD/DSP/prcs_opmode_drc  File: /home/Xilinx/Vivado/2019.1/data/vhdl/src/unisims/primitive/DSP48E1.vhd
Warning: OPMODE Input Warning : The OPMODE 011XX11 with CARRYINSEL  000 to DSP48E1 instance is invalid.
Time: 36405100 ps  Iteration: 10  Process: /apatb_qeic_real_sum_band_density_accumulator_top/AESL_inst_qeic_real_sum_band_density_accumulator/qeic_real_sum_band_density_accumulator_dmul_64ns_64ns_64_6_max_dsp_1_U2/qeic_real_sum_band_density_accumulator_ap_dmul_4_max_dsp_64_u/U0/i_synth/mult/OP/i_non_prim/R_AND_R/logic/R_AND_R/dsp48_e1/dsp48e1_add/DSP48E1_ADD/DSP/prcs_opmode_drc  File: /home/Xilinx/Vivado/2019.1/data/vhdl/src/unisims/primitive/DSP48E1.vhd
Warning: OPMODE Input Warning : The OPMODE 001XXXX with CARRYINSEL  000 to DSP48E1 instance is invalid.
Time: 36445 ns  Iteration: 14  Process: /apatb_qeic_real_sum_band_density_accumulator_top/AESL_inst_qeic_real_sum_band_density_accumulator/qeic_real_sum_band_density_accumulator_dadd_64ns_64ns_64_5_full_dsp_1_U1/qeic_real_sum_band_density_accumulator_ap_dadd_3_full_dsp_64_u/U0/i_synth/addsub_op/ADDSUB/logic_speed/OP/ALIGN_BLK/FRAC_ADDSUB/dsp_add/FRAC_ADDSUB/dsp48e1_add/DSP48E1_ADD/DSP/prcs_opmode_drc  File: /home/Xilinx/Vivado/2019.1/data/vhdl/src/unisims/primitive/DSP48E1.vhd
Warning: OPMODE Input Warning : The OPMODE 011XX11 with CARRYINSEL  000 to DSP48E1 instance is invalid.
Time: 36515100 ps  Iteration: 10  Process: /apatb_qeic_real_sum_band_density_accumulator_top/AESL_inst_qeic_real_sum_band_density_accumulator/qeic_real_sum_band_density_accumulator_dmul_64ns_64ns_64_6_max_dsp_1_U2/qeic_real_sum_band_density_accumulator_ap_dmul_4_max_dsp_64_u/U0/i_synth/mult/OP/i_non_prim/R_AND_R/logic/R_AND_R/dsp48_e1/dsp48e1_add/DSP48E1_ADD/DSP/prcs_opmode_drc  File: /home/Xilinx/Vivado/2019.1/data/vhdl/src/unisims/primitive/DSP48E1.vhd
Warning: OPMODE Input Warning : The OPMODE 001XXXX with CARRYINSEL  000 to DSP48E1 instance is invalid.
Time: 36555 ns  Iteration: 14  Process: /apatb_qeic_real_sum_band_density_accumulator_top/AESL_inst_qeic_real_sum_band_density_accumulator/qeic_real_sum_band_density_accumulator_dadd_64ns_64ns_64_5_full_dsp_1_U1/qeic_real_sum_band_density_accumulator_ap_dadd_3_full_dsp_64_u/U0/i_synth/addsub_op/ADDSUB/logic_speed/OP/ALIGN_BLK/FRAC_ADDSUB/dsp_add/FRAC_ADDSUB/dsp48e1_add/DSP48E1_ADD/DSP/prcs_opmode_drc  File: /home/Xilinx/Vivado/2019.1/data/vhdl/src/unisims/primitive/DSP48E1.vhd
Warning: OPMODE Input Warning : The OPMODE 011XX11 with CARRYINSEL  000 to DSP48E1 instance is invalid.
Time: 36855100 ps  Iteration: 10  Process: /apatb_qeic_real_sum_band_density_accumulator_top/AESL_inst_qeic_real_sum_band_density_accumulator/qeic_real_sum_band_density_accumulator_dmul_64ns_64ns_64_6_max_dsp_1_U2/qeic_real_sum_band_density_accumulator_ap_dmul_4_max_dsp_64_u/U0/i_synth/mult/OP/i_non_prim/R_AND_R/logic/R_AND_R/dsp48_e1/dsp48e1_add/DSP48E1_ADD/DSP/prcs_opmode_drc  File: /home/Xilinx/Vivado/2019.1/data/vhdl/src/unisims/primitive/DSP48E1.vhd
Warning: OPMODE Input Warning : The OPMODE 001XXXX with CARRYINSEL  000 to DSP48E1 instance is invalid.
Time: 36895 ns  Iteration: 14  Process: /apatb_qeic_real_sum_band_density_accumulator_top/AESL_inst_qeic_real_sum_band_density_accumulator/qeic_real_sum_band_density_accumulator_dadd_64ns_64ns_64_5_full_dsp_1_U1/qeic_real_sum_band_density_accumulator_ap_dadd_3_full_dsp_64_u/U0/i_synth/addsub_op/ADDSUB/logic_speed/OP/ALIGN_BLK/FRAC_ADDSUB/dsp_add/FRAC_ADDSUB/dsp48e1_add/DSP48E1_ADD/DSP/prcs_opmode_drc  File: /home/Xilinx/Vivado/2019.1/data/vhdl/src/unisims/primitive/DSP48E1.vhd
Warning: OPMODE Input Warning : The OPMODE 011XX11 with CARRYINSEL  000 to DSP48E1 instance is invalid.
Time: 36965100 ps  Iteration: 10  Process: /apatb_qeic_real_sum_band_density_accumulator_top/AESL_inst_qeic_real_sum_band_density_accumulator/qeic_real_sum_band_density_accumulator_dmul_64ns_64ns_64_6_max_dsp_1_U2/qeic_real_sum_band_density_accumulator_ap_dmul_4_max_dsp_64_u/U0/i_synth/mult/OP/i_non_prim/R_AND_R/logic/R_AND_R/dsp48_e1/dsp48e1_add/DSP48E1_ADD/DSP/prcs_opmode_drc  File: /home/Xilinx/Vivado/2019.1/data/vhdl/src/unisims/primitive/DSP48E1.vhd
Warning: OPMODE Input Warning : The OPMODE 001XXXX with CARRYINSEL  000 to DSP48E1 instance is invalid.
Time: 37005 ns  Iteration: 16  Process: /apatb_qeic_real_sum_band_density_accumulator_top/AESL_inst_qeic_real_sum_band_density_accumulator/qeic_real_sum_band_density_accumulator_dadd_64ns_64ns_64_5_full_dsp_1_U1/qeic_real_sum_band_density_accumulator_ap_dadd_3_full_dsp_64_u/U0/i_synth/addsub_op/ADDSUB/logic_speed/OP/ALIGN_BLK/FRAC_ADDSUB/dsp_add/FRAC_ADDSUB/dsp48e1_add/DSP48E1_ADD/DSP/prcs_opmode_drc  File: /home/Xilinx/Vivado/2019.1/data/vhdl/src/unisims/primitive/DSP48E1.vhd
Warning: OPMODE Input Warning : The OPMODE 011XX11 with CARRYINSEL  000 to DSP48E1 instance is invalid.
Time: 37225100 ps  Iteration: 10  Process: /apatb_qeic_real_sum_band_density_accumulator_top/AESL_inst_qeic_real_sum_band_density_accumulator/qeic_real_sum_band_density_accumulator_dmul_64ns_64ns_64_6_max_dsp_1_U2/qeic_real_sum_band_density_accumulator_ap_dmul_4_max_dsp_64_u/U0/i_synth/mult/OP/i_non_prim/R_AND_R/logic/R_AND_R/dsp48_e1/dsp48e1_add/DSP48E1_ADD/DSP/prcs_opmode_drc  File: /home/Xilinx/Vivado/2019.1/data/vhdl/src/unisims/primitive/DSP48E1.vhd
Warning: OPMODE Input Warning : The OPMODE 001XXXX with CARRYINSEL  000 to DSP48E1 instance is invalid.
Time: 37265 ns  Iteration: 14  Process: /apatb_qeic_real_sum_band_density_accumulator_top/AESL_inst_qeic_real_sum_band_density_accumulator/qeic_real_sum_band_density_accumulator_dadd_64ns_64ns_64_5_full_dsp_1_U1/qeic_real_sum_band_density_accumulator_ap_dadd_3_full_dsp_64_u/U0/i_synth/addsub_op/ADDSUB/logic_speed/OP/ALIGN_BLK/FRAC_ADDSUB/dsp_add/FRAC_ADDSUB/dsp48e1_add/DSP48E1_ADD/DSP/prcs_opmode_drc  File: /home/Xilinx/Vivado/2019.1/data/vhdl/src/unisims/primitive/DSP48E1.vhd
Warning: OPMODE Input Warning : The OPMODE 011XX11 with CARRYINSEL  000 to DSP48E1 instance is invalid.
Time: 37335100 ps  Iteration: 10  Process: /apatb_qeic_real_sum_band_density_accumulator_top/AESL_inst_qeic_real_sum_band_density_accumulator/qeic_real_sum_band_density_accumulator_dmul_64ns_64ns_64_6_max_dsp_1_U2/qeic_real_sum_band_density_accumulator_ap_dmul_4_max_dsp_64_u/U0/i_synth/mult/OP/i_non_prim/R_AND_R/logic/R_AND_R/dsp48_e1/dsp48e1_add/DSP48E1_ADD/DSP/prcs_opmode_drc  File: /home/Xilinx/Vivado/2019.1/data/vhdl/src/unisims/primitive/DSP48E1.vhd
Warning: OPMODE Input Warning : The OPMODE 001XXXX with CARRYINSEL  000 to DSP48E1 instance is invalid.
Time: 37375 ns  Iteration: 14  Process: /apatb_qeic_real_sum_band_density_accumulator_top/AESL_inst_qeic_real_sum_band_density_accumulator/qeic_real_sum_band_density_accumulator_dadd_64ns_64ns_64_5_full_dsp_1_U1/qeic_real_sum_band_density_accumulator_ap_dadd_3_full_dsp_64_u/U0/i_synth/addsub_op/ADDSUB/logic_speed/OP/ALIGN_BLK/FRAC_ADDSUB/dsp_add/FRAC_ADDSUB/dsp48e1_add/DSP48E1_ADD/DSP/prcs_opmode_drc  File: /home/Xilinx/Vivado/2019.1/data/vhdl/src/unisims/primitive/DSP48E1.vhd
Warning: OPMODE Input Warning : The OPMODE 011XX11 with CARRYINSEL  000 to DSP48E1 instance is invalid.
Time: 37595100 ps  Iteration: 10  Process: /apatb_qeic_real_sum_band_density_accumulator_top/AESL_inst_qeic_real_sum_band_density_accumulator/qeic_real_sum_band_density_accumulator_dmul_64ns_64ns_64_6_max_dsp_1_U2/qeic_real_sum_band_density_accumulator_ap_dmul_4_max_dsp_64_u/U0/i_synth/mult/OP/i_non_prim/R_AND_R/logic/R_AND_R/dsp48_e1/dsp48e1_add/DSP48E1_ADD/DSP/prcs_opmode_drc  File: /home/Xilinx/Vivado/2019.1/data/vhdl/src/unisims/primitive/DSP48E1.vhd
Warning: OPMODE Input Warning : The OPMODE 001XXXX with CARRYINSEL  000 to DSP48E1 instance is invalid.
Time: 37635 ns  Iteration: 14  Process: /apatb_qeic_real_sum_band_density_accumulator_top/AESL_inst_qeic_real_sum_band_density_accumulator/qeic_real_sum_band_density_accumulator_dadd_64ns_64ns_64_5_full_dsp_1_U1/qeic_real_sum_band_density_accumulator_ap_dadd_3_full_dsp_64_u/U0/i_synth/addsub_op/ADDSUB/logic_speed/OP/ALIGN_BLK/FRAC_ADDSUB/dsp_add/FRAC_ADDSUB/dsp48e1_add/DSP48E1_ADD/DSP/prcs_opmode_drc  File: /home/Xilinx/Vivado/2019.1/data/vhdl/src/unisims/primitive/DSP48E1.vhd
Warning: OPMODE Input Warning : The OPMODE 011XX11 with CARRYINSEL  000 to DSP48E1 instance is invalid.
Time: 37705100 ps  Iteration: 10  Process: /apatb_qeic_real_sum_band_density_accumulator_top/AESL_inst_qeic_real_sum_band_density_accumulator/qeic_real_sum_band_density_accumulator_dmul_64ns_64ns_64_6_max_dsp_1_U2/qeic_real_sum_band_density_accumulator_ap_dmul_4_max_dsp_64_u/U0/i_synth/mult/OP/i_non_prim/R_AND_R/logic/R_AND_R/dsp48_e1/dsp48e1_add/DSP48E1_ADD/DSP/prcs_opmode_drc  File: /home/Xilinx/Vivado/2019.1/data/vhdl/src/unisims/primitive/DSP48E1.vhd
Warning: OPMODE Input Warning : The OPMODE 001XXXX with CARRYINSEL  000 to DSP48E1 instance is invalid.
Time: 37745 ns  Iteration: 14  Process: /apatb_qeic_real_sum_band_density_accumulator_top/AESL_inst_qeic_real_sum_band_density_accumulator/qeic_real_sum_band_density_accumulator_dadd_64ns_64ns_64_5_full_dsp_1_U1/qeic_real_sum_band_density_accumulator_ap_dadd_3_full_dsp_64_u/U0/i_synth/addsub_op/ADDSUB/logic_speed/OP/ALIGN_BLK/FRAC_ADDSUB/dsp_add/FRAC_ADDSUB/dsp48e1_add/DSP48E1_ADD/DSP/prcs_opmode_drc  File: /home/Xilinx/Vivado/2019.1/data/vhdl/src/unisims/primitive/DSP48E1.vhd
Warning: OPMODE Input Warning : The OPMODE 011XX11 with CARRYINSEL  000 to DSP48E1 instance is invalid.
Time: 37965100 ps  Iteration: 10  Process: /apatb_qeic_real_sum_band_density_accumulator_top/AESL_inst_qeic_real_sum_band_density_accumulator/qeic_real_sum_band_density_accumulator_dmul_64ns_64ns_64_6_max_dsp_1_U2/qeic_real_sum_band_density_accumulator_ap_dmul_4_max_dsp_64_u/U0/i_synth/mult/OP/i_non_prim/R_AND_R/logic/R_AND_R/dsp48_e1/dsp48e1_add/DSP48E1_ADD/DSP/prcs_opmode_drc  File: /home/Xilinx/Vivado/2019.1/data/vhdl/src/unisims/primitive/DSP48E1.vhd
Warning: OPMODE Input Warning : The OPMODE 001XXXX with CARRYINSEL  000 to DSP48E1 instance is invalid.
Time: 38005 ns  Iteration: 14  Process: /apatb_qeic_real_sum_band_density_accumulator_top/AESL_inst_qeic_real_sum_band_density_accumulator/qeic_real_sum_band_density_accumulator_dadd_64ns_64ns_64_5_full_dsp_1_U1/qeic_real_sum_band_density_accumulator_ap_dadd_3_full_dsp_64_u/U0/i_synth/addsub_op/ADDSUB/logic_speed/OP/ALIGN_BLK/FRAC_ADDSUB/dsp_add/FRAC_ADDSUB/dsp48e1_add/DSP48E1_ADD/DSP/prcs_opmode_drc  File: /home/Xilinx/Vivado/2019.1/data/vhdl/src/unisims/primitive/DSP48E1.vhd
Warning: OPMODE Input Warning : The OPMODE 011XX11 with CARRYINSEL  000 to DSP48E1 instance is invalid.
Time: 38075100 ps  Iteration: 10  Process: /apatb_qeic_real_sum_band_density_accumulator_top/AESL_inst_qeic_real_sum_band_density_accumulator/qeic_real_sum_band_density_accumulator_dmul_64ns_64ns_64_6_max_dsp_1_U2/qeic_real_sum_band_density_accumulator_ap_dmul_4_max_dsp_64_u/U0/i_synth/mult/OP/i_non_prim/R_AND_R/logic/R_AND_R/dsp48_e1/dsp48e1_add/DSP48E1_ADD/DSP/prcs_opmode_drc  File: /home/Xilinx/Vivado/2019.1/data/vhdl/src/unisims/primitive/DSP48E1.vhd
Warning: OPMODE Input Warning : The OPMODE 001XXXX with CARRYINSEL  000 to DSP48E1 instance is invalid.
Time: 38115 ns  Iteration: 14  Process: /apatb_qeic_real_sum_band_density_accumulator_top/AESL_inst_qeic_real_sum_band_density_accumulator/qeic_real_sum_band_density_accumulator_dadd_64ns_64ns_64_5_full_dsp_1_U1/qeic_real_sum_band_density_accumulator_ap_dadd_3_full_dsp_64_u/U0/i_synth/addsub_op/ADDSUB/logic_speed/OP/ALIGN_BLK/FRAC_ADDSUB/dsp_add/FRAC_ADDSUB/dsp48e1_add/DSP48E1_ADD/DSP/prcs_opmode_drc  File: /home/Xilinx/Vivado/2019.1/data/vhdl/src/unisims/primitive/DSP48E1.vhd
Warning: OPMODE Input Warning : The OPMODE 011XX11 with CARRYINSEL  000 to DSP48E1 instance is invalid.
Time: 38415100 ps  Iteration: 10  Process: /apatb_qeic_real_sum_band_density_accumulator_top/AESL_inst_qeic_real_sum_band_density_accumulator/qeic_real_sum_band_density_accumulator_dmul_64ns_64ns_64_6_max_dsp_1_U2/qeic_real_sum_band_density_accumulator_ap_dmul_4_max_dsp_64_u/U0/i_synth/mult/OP/i_non_prim/R_AND_R/logic/R_AND_R/dsp48_e1/dsp48e1_add/DSP48E1_ADD/DSP/prcs_opmode_drc  File: /home/Xilinx/Vivado/2019.1/data/vhdl/src/unisims/primitive/DSP48E1.vhd
Warning: OPMODE Input Warning : The OPMODE 001XXXX with CARRYINSEL  000 to DSP48E1 instance is invalid.
Time: 38455 ns  Iteration: 14  Process: /apatb_qeic_real_sum_band_density_accumulator_top/AESL_inst_qeic_real_sum_band_density_accumulator/qeic_real_sum_band_density_accumulator_dadd_64ns_64ns_64_5_full_dsp_1_U1/qeic_real_sum_band_density_accumulator_ap_dadd_3_full_dsp_64_u/U0/i_synth/addsub_op/ADDSUB/logic_speed/OP/ALIGN_BLK/FRAC_ADDSUB/dsp_add/FRAC_ADDSUB/dsp48e1_add/DSP48E1_ADD/DSP/prcs_opmode_drc  File: /home/Xilinx/Vivado/2019.1/data/vhdl/src/unisims/primitive/DSP48E1.vhd
Warning: OPMODE Input Warning : The OPMODE 011XX11 with CARRYINSEL  000 to DSP48E1 instance is invalid.
Time: 38525100 ps  Iteration: 10  Process: /apatb_qeic_real_sum_band_density_accumulator_top/AESL_inst_qeic_real_sum_band_density_accumulator/qeic_real_sum_band_density_accumulator_dmul_64ns_64ns_64_6_max_dsp_1_U2/qeic_real_sum_band_density_accumulator_ap_dmul_4_max_dsp_64_u/U0/i_synth/mult/OP/i_non_prim/R_AND_R/logic/R_AND_R/dsp48_e1/dsp48e1_add/DSP48E1_ADD/DSP/prcs_opmode_drc  File: /home/Xilinx/Vivado/2019.1/data/vhdl/src/unisims/primitive/DSP48E1.vhd
Warning: OPMODE Input Warning : The OPMODE 001XXXX with CARRYINSEL  000 to DSP48E1 instance is invalid.
Time: 38565 ns  Iteration: 16  Process: /apatb_qeic_real_sum_band_density_accumulator_top/AESL_inst_qeic_real_sum_band_density_accumulator/qeic_real_sum_band_density_accumulator_dadd_64ns_64ns_64_5_full_dsp_1_U1/qeic_real_sum_band_density_accumulator_ap_dadd_3_full_dsp_64_u/U0/i_synth/addsub_op/ADDSUB/logic_speed/OP/ALIGN_BLK/FRAC_ADDSUB/dsp_add/FRAC_ADDSUB/dsp48e1_add/DSP48E1_ADD/DSP/prcs_opmode_drc  File: /home/Xilinx/Vivado/2019.1/data/vhdl/src/unisims/primitive/DSP48E1.vhd
Warning: OPMODE Input Warning : The OPMODE 011XX11 with CARRYINSEL  000 to DSP48E1 instance is invalid.
Time: 38785100 ps  Iteration: 10  Process: /apatb_qeic_real_sum_band_density_accumulator_top/AESL_inst_qeic_real_sum_band_density_accumulator/qeic_real_sum_band_density_accumulator_dmul_64ns_64ns_64_6_max_dsp_1_U2/qeic_real_sum_band_density_accumulator_ap_dmul_4_max_dsp_64_u/U0/i_synth/mult/OP/i_non_prim/R_AND_R/logic/R_AND_R/dsp48_e1/dsp48e1_add/DSP48E1_ADD/DSP/prcs_opmode_drc  File: /home/Xilinx/Vivado/2019.1/data/vhdl/src/unisims/primitive/DSP48E1.vhd
Warning: OPMODE Input Warning : The OPMODE 001XXXX with CARRYINSEL  000 to DSP48E1 instance is invalid.
Time: 38825 ns  Iteration: 14  Process: /apatb_qeic_real_sum_band_density_accumulator_top/AESL_inst_qeic_real_sum_band_density_accumulator/qeic_real_sum_band_density_accumulator_dadd_64ns_64ns_64_5_full_dsp_1_U1/qeic_real_sum_band_density_accumulator_ap_dadd_3_full_dsp_64_u/U0/i_synth/addsub_op/ADDSUB/logic_speed/OP/ALIGN_BLK/FRAC_ADDSUB/dsp_add/FRAC_ADDSUB/dsp48e1_add/DSP48E1_ADD/DSP/prcs_opmode_drc  File: /home/Xilinx/Vivado/2019.1/data/vhdl/src/unisims/primitive/DSP48E1.vhd
Warning: OPMODE Input Warning : The OPMODE 011XX11 with CARRYINSEL  000 to DSP48E1 instance is invalid.
Time: 38895100 ps  Iteration: 10  Process: /apatb_qeic_real_sum_band_density_accumulator_top/AESL_inst_qeic_real_sum_band_density_accumulator/qeic_real_sum_band_density_accumulator_dmul_64ns_64ns_64_6_max_dsp_1_U2/qeic_real_sum_band_density_accumulator_ap_dmul_4_max_dsp_64_u/U0/i_synth/mult/OP/i_non_prim/R_AND_R/logic/R_AND_R/dsp48_e1/dsp48e1_add/DSP48E1_ADD/DSP/prcs_opmode_drc  File: /home/Xilinx/Vivado/2019.1/data/vhdl/src/unisims/primitive/DSP48E1.vhd
Warning: OPMODE Input Warning : The OPMODE 001XXXX with CARRYINSEL  000 to DSP48E1 instance is invalid.
Time: 38935 ns  Iteration: 14  Process: /apatb_qeic_real_sum_band_density_accumulator_top/AESL_inst_qeic_real_sum_band_density_accumulator/qeic_real_sum_band_density_accumulator_dadd_64ns_64ns_64_5_full_dsp_1_U1/qeic_real_sum_band_density_accumulator_ap_dadd_3_full_dsp_64_u/U0/i_synth/addsub_op/ADDSUB/logic_speed/OP/ALIGN_BLK/FRAC_ADDSUB/dsp_add/FRAC_ADDSUB/dsp48e1_add/DSP48E1_ADD/DSP/prcs_opmode_drc  File: /home/Xilinx/Vivado/2019.1/data/vhdl/src/unisims/primitive/DSP48E1.vhd
Warning: OPMODE Input Warning : The OPMODE 011XX11 with CARRYINSEL  000 to DSP48E1 instance is invalid.
Time: 39155100 ps  Iteration: 10  Process: /apatb_qeic_real_sum_band_density_accumulator_top/AESL_inst_qeic_real_sum_band_density_accumulator/qeic_real_sum_band_density_accumulator_dmul_64ns_64ns_64_6_max_dsp_1_U2/qeic_real_sum_band_density_accumulator_ap_dmul_4_max_dsp_64_u/U0/i_synth/mult/OP/i_non_prim/R_AND_R/logic/R_AND_R/dsp48_e1/dsp48e1_add/DSP48E1_ADD/DSP/prcs_opmode_drc  File: /home/Xilinx/Vivado/2019.1/data/vhdl/src/unisims/primitive/DSP48E1.vhd
Warning: OPMODE Input Warning : The OPMODE 001XXXX with CARRYINSEL  000 to DSP48E1 instance is invalid.
Time: 39195 ns  Iteration: 14  Process: /apatb_qeic_real_sum_band_density_accumulator_top/AESL_inst_qeic_real_sum_band_density_accumulator/qeic_real_sum_band_density_accumulator_dadd_64ns_64ns_64_5_full_dsp_1_U1/qeic_real_sum_band_density_accumulator_ap_dadd_3_full_dsp_64_u/U0/i_synth/addsub_op/ADDSUB/logic_speed/OP/ALIGN_BLK/FRAC_ADDSUB/dsp_add/FRAC_ADDSUB/dsp48e1_add/DSP48E1_ADD/DSP/prcs_opmode_drc  File: /home/Xilinx/Vivado/2019.1/data/vhdl/src/unisims/primitive/DSP48E1.vhd
Warning: OPMODE Input Warning : The OPMODE 011XX11 with CARRYINSEL  000 to DSP48E1 instance is invalid.
Time: 39265100 ps  Iteration: 10  Process: /apatb_qeic_real_sum_band_density_accumulator_top/AESL_inst_qeic_real_sum_band_density_accumulator/qeic_real_sum_band_density_accumulator_dmul_64ns_64ns_64_6_max_dsp_1_U2/qeic_real_sum_band_density_accumulator_ap_dmul_4_max_dsp_64_u/U0/i_synth/mult/OP/i_non_prim/R_AND_R/logic/R_AND_R/dsp48_e1/dsp48e1_add/DSP48E1_ADD/DSP/prcs_opmode_drc  File: /home/Xilinx/Vivado/2019.1/data/vhdl/src/unisims/primitive/DSP48E1.vhd
Warning: OPMODE Input Warning : The OPMODE 001XXXX with CARRYINSEL  000 to DSP48E1 instance is invalid.
Time: 39305 ns  Iteration: 14  Process: /apatb_qeic_real_sum_band_density_accumulator_top/AESL_inst_qeic_real_sum_band_density_accumulator/qeic_real_sum_band_density_accumulator_dadd_64ns_64ns_64_5_full_dsp_1_U1/qeic_real_sum_band_density_accumulator_ap_dadd_3_full_dsp_64_u/U0/i_synth/addsub_op/ADDSUB/logic_speed/OP/ALIGN_BLK/FRAC_ADDSUB/dsp_add/FRAC_ADDSUB/dsp48e1_add/DSP48E1_ADD/DSP/prcs_opmode_drc  File: /home/Xilinx/Vivado/2019.1/data/vhdl/src/unisims/primitive/DSP48E1.vhd
Warning: OPMODE Input Warning : The OPMODE 011XX11 with CARRYINSEL  000 to DSP48E1 instance is invalid.
Time: 39525100 ps  Iteration: 10  Process: /apatb_qeic_real_sum_band_density_accumulator_top/AESL_inst_qeic_real_sum_band_density_accumulator/qeic_real_sum_band_density_accumulator_dmul_64ns_64ns_64_6_max_dsp_1_U2/qeic_real_sum_band_density_accumulator_ap_dmul_4_max_dsp_64_u/U0/i_synth/mult/OP/i_non_prim/R_AND_R/logic/R_AND_R/dsp48_e1/dsp48e1_add/DSP48E1_ADD/DSP/prcs_opmode_drc  File: /home/Xilinx/Vivado/2019.1/data/vhdl/src/unisims/primitive/DSP48E1.vhd
Warning: OPMODE Input Warning : The OPMODE 001XXXX with CARRYINSEL  000 to DSP48E1 instance is invalid.
Time: 39565 ns  Iteration: 14  Process: /apatb_qeic_real_sum_band_density_accumulator_top/AESL_inst_qeic_real_sum_band_density_accumulator/qeic_real_sum_band_density_accumulator_dadd_64ns_64ns_64_5_full_dsp_1_U1/qeic_real_sum_band_density_accumulator_ap_dadd_3_full_dsp_64_u/U0/i_synth/addsub_op/ADDSUB/logic_speed/OP/ALIGN_BLK/FRAC_ADDSUB/dsp_add/FRAC_ADDSUB/dsp48e1_add/DSP48E1_ADD/DSP/prcs_opmode_drc  File: /home/Xilinx/Vivado/2019.1/data/vhdl/src/unisims/primitive/DSP48E1.vhd
Warning: OPMODE Input Warning : The OPMODE 011XX11 with CARRYINSEL  000 to DSP48E1 instance is invalid.
Time: 39635100 ps  Iteration: 10  Process: /apatb_qeic_real_sum_band_density_accumulator_top/AESL_inst_qeic_real_sum_band_density_accumulator/qeic_real_sum_band_density_accumulator_dmul_64ns_64ns_64_6_max_dsp_1_U2/qeic_real_sum_band_density_accumulator_ap_dmul_4_max_dsp_64_u/U0/i_synth/mult/OP/i_non_prim/R_AND_R/logic/R_AND_R/dsp48_e1/dsp48e1_add/DSP48E1_ADD/DSP/prcs_opmode_drc  File: /home/Xilinx/Vivado/2019.1/data/vhdl/src/unisims/primitive/DSP48E1.vhd
Warning: OPMODE Input Warning : The OPMODE 001XXXX with CARRYINSEL  000 to DSP48E1 instance is invalid.
Time: 39675 ns  Iteration: 14  Process: /apatb_qeic_real_sum_band_density_accumulator_top/AESL_inst_qeic_real_sum_band_density_accumulator/qeic_real_sum_band_density_accumulator_dadd_64ns_64ns_64_5_full_dsp_1_U1/qeic_real_sum_band_density_accumulator_ap_dadd_3_full_dsp_64_u/U0/i_synth/addsub_op/ADDSUB/logic_speed/OP/ALIGN_BLK/FRAC_ADDSUB/dsp_add/FRAC_ADDSUB/dsp48e1_add/DSP48E1_ADD/DSP/prcs_opmode_drc  File: /home/Xilinx/Vivado/2019.1/data/vhdl/src/unisims/primitive/DSP48E1.vhd
Warning: OPMODE Input Warning : The OPMODE 011XX11 with CARRYINSEL  000 to DSP48E1 instance is invalid.
Time: 39975100 ps  Iteration: 10  Process: /apatb_qeic_real_sum_band_density_accumulator_top/AESL_inst_qeic_real_sum_band_density_accumulator/qeic_real_sum_band_density_accumulator_dmul_64ns_64ns_64_6_max_dsp_1_U2/qeic_real_sum_band_density_accumulator_ap_dmul_4_max_dsp_64_u/U0/i_synth/mult/OP/i_non_prim/R_AND_R/logic/R_AND_R/dsp48_e1/dsp48e1_add/DSP48E1_ADD/DSP/prcs_opmode_drc  File: /home/Xilinx/Vivado/2019.1/data/vhdl/src/unisims/primitive/DSP48E1.vhd
Warning: OPMODE Input Warning : The OPMODE 001XXXX with CARRYINSEL  000 to DSP48E1 instance is invalid.
Time: 40015 ns  Iteration: 14  Process: /apatb_qeic_real_sum_band_density_accumulator_top/AESL_inst_qeic_real_sum_band_density_accumulator/qeic_real_sum_band_density_accumulator_dadd_64ns_64ns_64_5_full_dsp_1_U1/qeic_real_sum_band_density_accumulator_ap_dadd_3_full_dsp_64_u/U0/i_synth/addsub_op/ADDSUB/logic_speed/OP/ALIGN_BLK/FRAC_ADDSUB/dsp_add/FRAC_ADDSUB/dsp48e1_add/DSP48E1_ADD/DSP/prcs_opmode_drc  File: /home/Xilinx/Vivado/2019.1/data/vhdl/src/unisims/primitive/DSP48E1.vhd
Warning: OPMODE Input Warning : The OPMODE 011XX11 with CARRYINSEL  000 to DSP48E1 instance is invalid.
Time: 40085100 ps  Iteration: 10  Process: /apatb_qeic_real_sum_band_density_accumulator_top/AESL_inst_qeic_real_sum_band_density_accumulator/qeic_real_sum_band_density_accumulator_dmul_64ns_64ns_64_6_max_dsp_1_U2/qeic_real_sum_band_density_accumulator_ap_dmul_4_max_dsp_64_u/U0/i_synth/mult/OP/i_non_prim/R_AND_R/logic/R_AND_R/dsp48_e1/dsp48e1_add/DSP48E1_ADD/DSP/prcs_opmode_drc  File: /home/Xilinx/Vivado/2019.1/data/vhdl/src/unisims/primitive/DSP48E1.vhd
Warning: OPMODE Input Warning : The OPMODE 001XXXX with CARRYINSEL  000 to DSP48E1 instance is invalid.
Time: 40125 ns  Iteration: 16  Process: /apatb_qeic_real_sum_band_density_accumulator_top/AESL_inst_qeic_real_sum_band_density_accumulator/qeic_real_sum_band_density_accumulator_dadd_64ns_64ns_64_5_full_dsp_1_U1/qeic_real_sum_band_density_accumulator_ap_dadd_3_full_dsp_64_u/U0/i_synth/addsub_op/ADDSUB/logic_speed/OP/ALIGN_BLK/FRAC_ADDSUB/dsp_add/FRAC_ADDSUB/dsp48e1_add/DSP48E1_ADD/DSP/prcs_opmode_drc  File: /home/Xilinx/Vivado/2019.1/data/vhdl/src/unisims/primitive/DSP48E1.vhd
Warning: OPMODE Input Warning : The OPMODE 011XX11 with CARRYINSEL  000 to DSP48E1 instance is invalid.
Time: 40345100 ps  Iteration: 10  Process: /apatb_qeic_real_sum_band_density_accumulator_top/AESL_inst_qeic_real_sum_band_density_accumulator/qeic_real_sum_band_density_accumulator_dmul_64ns_64ns_64_6_max_dsp_1_U2/qeic_real_sum_band_density_accumulator_ap_dmul_4_max_dsp_64_u/U0/i_synth/mult/OP/i_non_prim/R_AND_R/logic/R_AND_R/dsp48_e1/dsp48e1_add/DSP48E1_ADD/DSP/prcs_opmode_drc  File: /home/Xilinx/Vivado/2019.1/data/vhdl/src/unisims/primitive/DSP48E1.vhd
Warning: OPMODE Input Warning : The OPMODE 001XXXX with CARRYINSEL  000 to DSP48E1 instance is invalid.
Time: 40385 ns  Iteration: 14  Process: /apatb_qeic_real_sum_band_density_accumulator_top/AESL_inst_qeic_real_sum_band_density_accumulator/qeic_real_sum_band_density_accumulator_dadd_64ns_64ns_64_5_full_dsp_1_U1/qeic_real_sum_band_density_accumulator_ap_dadd_3_full_dsp_64_u/U0/i_synth/addsub_op/ADDSUB/logic_speed/OP/ALIGN_BLK/FRAC_ADDSUB/dsp_add/FRAC_ADDSUB/dsp48e1_add/DSP48E1_ADD/DSP/prcs_opmode_drc  File: /home/Xilinx/Vivado/2019.1/data/vhdl/src/unisims/primitive/DSP48E1.vhd
Warning: OPMODE Input Warning : The OPMODE 011XX11 with CARRYINSEL  000 to DSP48E1 instance is invalid.
Time: 40455100 ps  Iteration: 10  Process: /apatb_qeic_real_sum_band_density_accumulator_top/AESL_inst_qeic_real_sum_band_density_accumulator/qeic_real_sum_band_density_accumulator_dmul_64ns_64ns_64_6_max_dsp_1_U2/qeic_real_sum_band_density_accumulator_ap_dmul_4_max_dsp_64_u/U0/i_synth/mult/OP/i_non_prim/R_AND_R/logic/R_AND_R/dsp48_e1/dsp48e1_add/DSP48E1_ADD/DSP/prcs_opmode_drc  File: /home/Xilinx/Vivado/2019.1/data/vhdl/src/unisims/primitive/DSP48E1.vhd
Warning: OPMODE Input Warning : The OPMODE 001XXXX with CARRYINSEL  000 to DSP48E1 instance is invalid.
Time: 40495 ns  Iteration: 14  Process: /apatb_qeic_real_sum_band_density_accumulator_top/AESL_inst_qeic_real_sum_band_density_accumulator/qeic_real_sum_band_density_accumulator_dadd_64ns_64ns_64_5_full_dsp_1_U1/qeic_real_sum_band_density_accumulator_ap_dadd_3_full_dsp_64_u/U0/i_synth/addsub_op/ADDSUB/logic_speed/OP/ALIGN_BLK/FRAC_ADDSUB/dsp_add/FRAC_ADDSUB/dsp48e1_add/DSP48E1_ADD/DSP/prcs_opmode_drc  File: /home/Xilinx/Vivado/2019.1/data/vhdl/src/unisims/primitive/DSP48E1.vhd
Warning: OPMODE Input Warning : The OPMODE 011XX11 with CARRYINSEL  000 to DSP48E1 instance is invalid.
Time: 40715100 ps  Iteration: 10  Process: /apatb_qeic_real_sum_band_density_accumulator_top/AESL_inst_qeic_real_sum_band_density_accumulator/qeic_real_sum_band_density_accumulator_dmul_64ns_64ns_64_6_max_dsp_1_U2/qeic_real_sum_band_density_accumulator_ap_dmul_4_max_dsp_64_u/U0/i_synth/mult/OP/i_non_prim/R_AND_R/logic/R_AND_R/dsp48_e1/dsp48e1_add/DSP48E1_ADD/DSP/prcs_opmode_drc  File: /home/Xilinx/Vivado/2019.1/data/vhdl/src/unisims/primitive/DSP48E1.vhd
Warning: OPMODE Input Warning : The OPMODE 001XXXX with CARRYINSEL  000 to DSP48E1 instance is invalid.
Time: 40755 ns  Iteration: 14  Process: /apatb_qeic_real_sum_band_density_accumulator_top/AESL_inst_qeic_real_sum_band_density_accumulator/qeic_real_sum_band_density_accumulator_dadd_64ns_64ns_64_5_full_dsp_1_U1/qeic_real_sum_band_density_accumulator_ap_dadd_3_full_dsp_64_u/U0/i_synth/addsub_op/ADDSUB/logic_speed/OP/ALIGN_BLK/FRAC_ADDSUB/dsp_add/FRAC_ADDSUB/dsp48e1_add/DSP48E1_ADD/DSP/prcs_opmode_drc  File: /home/Xilinx/Vivado/2019.1/data/vhdl/src/unisims/primitive/DSP48E1.vhd
Warning: OPMODE Input Warning : The OPMODE 011XX11 with CARRYINSEL  000 to DSP48E1 instance is invalid.
Time: 40825100 ps  Iteration: 10  Process: /apatb_qeic_real_sum_band_density_accumulator_top/AESL_inst_qeic_real_sum_band_density_accumulator/qeic_real_sum_band_density_accumulator_dmul_64ns_64ns_64_6_max_dsp_1_U2/qeic_real_sum_band_density_accumulator_ap_dmul_4_max_dsp_64_u/U0/i_synth/mult/OP/i_non_prim/R_AND_R/logic/R_AND_R/dsp48_e1/dsp48e1_add/DSP48E1_ADD/DSP/prcs_opmode_drc  File: /home/Xilinx/Vivado/2019.1/data/vhdl/src/unisims/primitive/DSP48E1.vhd
Warning: OPMODE Input Warning : The OPMODE 001XXXX with CARRYINSEL  000 to DSP48E1 instance is invalid.
Time: 40865 ns  Iteration: 14  Process: /apatb_qeic_real_sum_band_density_accumulator_top/AESL_inst_qeic_real_sum_band_density_accumulator/qeic_real_sum_band_density_accumulator_dadd_64ns_64ns_64_5_full_dsp_1_U1/qeic_real_sum_band_density_accumulator_ap_dadd_3_full_dsp_64_u/U0/i_synth/addsub_op/ADDSUB/logic_speed/OP/ALIGN_BLK/FRAC_ADDSUB/dsp_add/FRAC_ADDSUB/dsp48e1_add/DSP48E1_ADD/DSP/prcs_opmode_drc  File: /home/Xilinx/Vivado/2019.1/data/vhdl/src/unisims/primitive/DSP48E1.vhd
Warning: OPMODE Input Warning : The OPMODE 011XX11 with CARRYINSEL  000 to DSP48E1 instance is invalid.
Time: 41085100 ps  Iteration: 10  Process: /apatb_qeic_real_sum_band_density_accumulator_top/AESL_inst_qeic_real_sum_band_density_accumulator/qeic_real_sum_band_density_accumulator_dmul_64ns_64ns_64_6_max_dsp_1_U2/qeic_real_sum_band_density_accumulator_ap_dmul_4_max_dsp_64_u/U0/i_synth/mult/OP/i_non_prim/R_AND_R/logic/R_AND_R/dsp48_e1/dsp48e1_add/DSP48E1_ADD/DSP/prcs_opmode_drc  File: /home/Xilinx/Vivado/2019.1/data/vhdl/src/unisims/primitive/DSP48E1.vhd
Warning: OPMODE Input Warning : The OPMODE 001XXXX with CARRYINSEL  000 to DSP48E1 instance is invalid.
Time: 41125 ns  Iteration: 14  Process: /apatb_qeic_real_sum_band_density_accumulator_top/AESL_inst_qeic_real_sum_band_density_accumulator/qeic_real_sum_band_density_accumulator_dadd_64ns_64ns_64_5_full_dsp_1_U1/qeic_real_sum_band_density_accumulator_ap_dadd_3_full_dsp_64_u/U0/i_synth/addsub_op/ADDSUB/logic_speed/OP/ALIGN_BLK/FRAC_ADDSUB/dsp_add/FRAC_ADDSUB/dsp48e1_add/DSP48E1_ADD/DSP/prcs_opmode_drc  File: /home/Xilinx/Vivado/2019.1/data/vhdl/src/unisims/primitive/DSP48E1.vhd
Warning: OPMODE Input Warning : The OPMODE 011XX11 with CARRYINSEL  000 to DSP48E1 instance is invalid.
Time: 41195100 ps  Iteration: 10  Process: /apatb_qeic_real_sum_band_density_accumulator_top/AESL_inst_qeic_real_sum_band_density_accumulator/qeic_real_sum_band_density_accumulator_dmul_64ns_64ns_64_6_max_dsp_1_U2/qeic_real_sum_band_density_accumulator_ap_dmul_4_max_dsp_64_u/U0/i_synth/mult/OP/i_non_prim/R_AND_R/logic/R_AND_R/dsp48_e1/dsp48e1_add/DSP48E1_ADD/DSP/prcs_opmode_drc  File: /home/Xilinx/Vivado/2019.1/data/vhdl/src/unisims/primitive/DSP48E1.vhd
Warning: OPMODE Input Warning : The OPMODE 001XXXX with CARRYINSEL  000 to DSP48E1 instance is invalid.
Time: 41235 ns  Iteration: 14  Process: /apatb_qeic_real_sum_band_density_accumulator_top/AESL_inst_qeic_real_sum_band_density_accumulator/qeic_real_sum_band_density_accumulator_dadd_64ns_64ns_64_5_full_dsp_1_U1/qeic_real_sum_band_density_accumulator_ap_dadd_3_full_dsp_64_u/U0/i_synth/addsub_op/ADDSUB/logic_speed/OP/ALIGN_BLK/FRAC_ADDSUB/dsp_add/FRAC_ADDSUB/dsp48e1_add/DSP48E1_ADD/DSP/prcs_opmode_drc  File: /home/Xilinx/Vivado/2019.1/data/vhdl/src/unisims/primitive/DSP48E1.vhd
Warning: OPMODE Input Warning : The OPMODE 011XX11 with CARRYINSEL  000 to DSP48E1 instance is invalid.
Time: 41535100 ps  Iteration: 10  Process: /apatb_qeic_real_sum_band_density_accumulator_top/AESL_inst_qeic_real_sum_band_density_accumulator/qeic_real_sum_band_density_accumulator_dmul_64ns_64ns_64_6_max_dsp_1_U2/qeic_real_sum_band_density_accumulator_ap_dmul_4_max_dsp_64_u/U0/i_synth/mult/OP/i_non_prim/R_AND_R/logic/R_AND_R/dsp48_e1/dsp48e1_add/DSP48E1_ADD/DSP/prcs_opmode_drc  File: /home/Xilinx/Vivado/2019.1/data/vhdl/src/unisims/primitive/DSP48E1.vhd
Warning: OPMODE Input Warning : The OPMODE 001XXXX with CARRYINSEL  000 to DSP48E1 instance is invalid.
Time: 41575 ns  Iteration: 14  Process: /apatb_qeic_real_sum_band_density_accumulator_top/AESL_inst_qeic_real_sum_band_density_accumulator/qeic_real_sum_band_density_accumulator_dadd_64ns_64ns_64_5_full_dsp_1_U1/qeic_real_sum_band_density_accumulator_ap_dadd_3_full_dsp_64_u/U0/i_synth/addsub_op/ADDSUB/logic_speed/OP/ALIGN_BLK/FRAC_ADDSUB/dsp_add/FRAC_ADDSUB/dsp48e1_add/DSP48E1_ADD/DSP/prcs_opmode_drc  File: /home/Xilinx/Vivado/2019.1/data/vhdl/src/unisims/primitive/DSP48E1.vhd
Warning: OPMODE Input Warning : The OPMODE 011XX11 with CARRYINSEL  000 to DSP48E1 instance is invalid.
Time: 41645100 ps  Iteration: 10  Process: /apatb_qeic_real_sum_band_density_accumulator_top/AESL_inst_qeic_real_sum_band_density_accumulator/qeic_real_sum_band_density_accumulator_dmul_64ns_64ns_64_6_max_dsp_1_U2/qeic_real_sum_band_density_accumulator_ap_dmul_4_max_dsp_64_u/U0/i_synth/mult/OP/i_non_prim/R_AND_R/logic/R_AND_R/dsp48_e1/dsp48e1_add/DSP48E1_ADD/DSP/prcs_opmode_drc  File: /home/Xilinx/Vivado/2019.1/data/vhdl/src/unisims/primitive/DSP48E1.vhd
Warning: OPMODE Input Warning : The OPMODE 001XXXX with CARRYINSEL  000 to DSP48E1 instance is invalid.
Time: 41685 ns  Iteration: 16  Process: /apatb_qeic_real_sum_band_density_accumulator_top/AESL_inst_qeic_real_sum_band_density_accumulator/qeic_real_sum_band_density_accumulator_dadd_64ns_64ns_64_5_full_dsp_1_U1/qeic_real_sum_band_density_accumulator_ap_dadd_3_full_dsp_64_u/U0/i_synth/addsub_op/ADDSUB/logic_speed/OP/ALIGN_BLK/FRAC_ADDSUB/dsp_add/FRAC_ADDSUB/dsp48e1_add/DSP48E1_ADD/DSP/prcs_opmode_drc  File: /home/Xilinx/Vivado/2019.1/data/vhdl/src/unisims/primitive/DSP48E1.vhd
Warning: OPMODE Input Warning : The OPMODE 011XX11 with CARRYINSEL  000 to DSP48E1 instance is invalid.
Time: 41905100 ps  Iteration: 10  Process: /apatb_qeic_real_sum_band_density_accumulator_top/AESL_inst_qeic_real_sum_band_density_accumulator/qeic_real_sum_band_density_accumulator_dmul_64ns_64ns_64_6_max_dsp_1_U2/qeic_real_sum_band_density_accumulator_ap_dmul_4_max_dsp_64_u/U0/i_synth/mult/OP/i_non_prim/R_AND_R/logic/R_AND_R/dsp48_e1/dsp48e1_add/DSP48E1_ADD/DSP/prcs_opmode_drc  File: /home/Xilinx/Vivado/2019.1/data/vhdl/src/unisims/primitive/DSP48E1.vhd
Warning: OPMODE Input Warning : The OPMODE 001XXXX with CARRYINSEL  000 to DSP48E1 instance is invalid.
Time: 41945 ns  Iteration: 14  Process: /apatb_qeic_real_sum_band_density_accumulator_top/AESL_inst_qeic_real_sum_band_density_accumulator/qeic_real_sum_band_density_accumulator_dadd_64ns_64ns_64_5_full_dsp_1_U1/qeic_real_sum_band_density_accumulator_ap_dadd_3_full_dsp_64_u/U0/i_synth/addsub_op/ADDSUB/logic_speed/OP/ALIGN_BLK/FRAC_ADDSUB/dsp_add/FRAC_ADDSUB/dsp48e1_add/DSP48E1_ADD/DSP/prcs_opmode_drc  File: /home/Xilinx/Vivado/2019.1/data/vhdl/src/unisims/primitive/DSP48E1.vhd
Warning: OPMODE Input Warning : The OPMODE 011XX11 with CARRYINSEL  000 to DSP48E1 instance is invalid.
Time: 42015100 ps  Iteration: 10  Process: /apatb_qeic_real_sum_band_density_accumulator_top/AESL_inst_qeic_real_sum_band_density_accumulator/qeic_real_sum_band_density_accumulator_dmul_64ns_64ns_64_6_max_dsp_1_U2/qeic_real_sum_band_density_accumulator_ap_dmul_4_max_dsp_64_u/U0/i_synth/mult/OP/i_non_prim/R_AND_R/logic/R_AND_R/dsp48_e1/dsp48e1_add/DSP48E1_ADD/DSP/prcs_opmode_drc  File: /home/Xilinx/Vivado/2019.1/data/vhdl/src/unisims/primitive/DSP48E1.vhd
Warning: OPMODE Input Warning : The OPMODE 001XXXX with CARRYINSEL  000 to DSP48E1 instance is invalid.
Time: 42055 ns  Iteration: 14  Process: /apatb_qeic_real_sum_band_density_accumulator_top/AESL_inst_qeic_real_sum_band_density_accumulator/qeic_real_sum_band_density_accumulator_dadd_64ns_64ns_64_5_full_dsp_1_U1/qeic_real_sum_band_density_accumulator_ap_dadd_3_full_dsp_64_u/U0/i_synth/addsub_op/ADDSUB/logic_speed/OP/ALIGN_BLK/FRAC_ADDSUB/dsp_add/FRAC_ADDSUB/dsp48e1_add/DSP48E1_ADD/DSP/prcs_opmode_drc  File: /home/Xilinx/Vivado/2019.1/data/vhdl/src/unisims/primitive/DSP48E1.vhd
Warning: OPMODE Input Warning : The OPMODE 011XX11 with CARRYINSEL  000 to DSP48E1 instance is invalid.
Time: 42275100 ps  Iteration: 10  Process: /apatb_qeic_real_sum_band_density_accumulator_top/AESL_inst_qeic_real_sum_band_density_accumulator/qeic_real_sum_band_density_accumulator_dmul_64ns_64ns_64_6_max_dsp_1_U2/qeic_real_sum_band_density_accumulator_ap_dmul_4_max_dsp_64_u/U0/i_synth/mult/OP/i_non_prim/R_AND_R/logic/R_AND_R/dsp48_e1/dsp48e1_add/DSP48E1_ADD/DSP/prcs_opmode_drc  File: /home/Xilinx/Vivado/2019.1/data/vhdl/src/unisims/primitive/DSP48E1.vhd
Warning: OPMODE Input Warning : The OPMODE 001XXXX with CARRYINSEL  000 to DSP48E1 instance is invalid.
Time: 42315 ns  Iteration: 14  Process: /apatb_qeic_real_sum_band_density_accumulator_top/AESL_inst_qeic_real_sum_band_density_accumulator/qeic_real_sum_band_density_accumulator_dadd_64ns_64ns_64_5_full_dsp_1_U1/qeic_real_sum_band_density_accumulator_ap_dadd_3_full_dsp_64_u/U0/i_synth/addsub_op/ADDSUB/logic_speed/OP/ALIGN_BLK/FRAC_ADDSUB/dsp_add/FRAC_ADDSUB/dsp48e1_add/DSP48E1_ADD/DSP/prcs_opmode_drc  File: /home/Xilinx/Vivado/2019.1/data/vhdl/src/unisims/primitive/DSP48E1.vhd
Warning: OPMODE Input Warning : The OPMODE 011XX11 with CARRYINSEL  000 to DSP48E1 instance is invalid.
Time: 42385100 ps  Iteration: 10  Process: /apatb_qeic_real_sum_band_density_accumulator_top/AESL_inst_qeic_real_sum_band_density_accumulator/qeic_real_sum_band_density_accumulator_dmul_64ns_64ns_64_6_max_dsp_1_U2/qeic_real_sum_band_density_accumulator_ap_dmul_4_max_dsp_64_u/U0/i_synth/mult/OP/i_non_prim/R_AND_R/logic/R_AND_R/dsp48_e1/dsp48e1_add/DSP48E1_ADD/DSP/prcs_opmode_drc  File: /home/Xilinx/Vivado/2019.1/data/vhdl/src/unisims/primitive/DSP48E1.vhd
Warning: OPMODE Input Warning : The OPMODE 001XXXX with CARRYINSEL  000 to DSP48E1 instance is invalid.
Time: 42425 ns  Iteration: 14  Process: /apatb_qeic_real_sum_band_density_accumulator_top/AESL_inst_qeic_real_sum_band_density_accumulator/qeic_real_sum_band_density_accumulator_dadd_64ns_64ns_64_5_full_dsp_1_U1/qeic_real_sum_band_density_accumulator_ap_dadd_3_full_dsp_64_u/U0/i_synth/addsub_op/ADDSUB/logic_speed/OP/ALIGN_BLK/FRAC_ADDSUB/dsp_add/FRAC_ADDSUB/dsp48e1_add/DSP48E1_ADD/DSP/prcs_opmode_drc  File: /home/Xilinx/Vivado/2019.1/data/vhdl/src/unisims/primitive/DSP48E1.vhd
Warning: OPMODE Input Warning : The OPMODE 011XX11 with CARRYINSEL  000 to DSP48E1 instance is invalid.
Time: 42645100 ps  Iteration: 10  Process: /apatb_qeic_real_sum_band_density_accumulator_top/AESL_inst_qeic_real_sum_band_density_accumulator/qeic_real_sum_band_density_accumulator_dmul_64ns_64ns_64_6_max_dsp_1_U2/qeic_real_sum_band_density_accumulator_ap_dmul_4_max_dsp_64_u/U0/i_synth/mult/OP/i_non_prim/R_AND_R/logic/R_AND_R/dsp48_e1/dsp48e1_add/DSP48E1_ADD/DSP/prcs_opmode_drc  File: /home/Xilinx/Vivado/2019.1/data/vhdl/src/unisims/primitive/DSP48E1.vhd
Warning: OPMODE Input Warning : The OPMODE 001XXXX with CARRYINSEL  000 to DSP48E1 instance is invalid.
Time: 42685 ns  Iteration: 14  Process: /apatb_qeic_real_sum_band_density_accumulator_top/AESL_inst_qeic_real_sum_band_density_accumulator/qeic_real_sum_band_density_accumulator_dadd_64ns_64ns_64_5_full_dsp_1_U1/qeic_real_sum_band_density_accumulator_ap_dadd_3_full_dsp_64_u/U0/i_synth/addsub_op/ADDSUB/logic_speed/OP/ALIGN_BLK/FRAC_ADDSUB/dsp_add/FRAC_ADDSUB/dsp48e1_add/DSP48E1_ADD/DSP/prcs_opmode_drc  File: /home/Xilinx/Vivado/2019.1/data/vhdl/src/unisims/primitive/DSP48E1.vhd
Warning: OPMODE Input Warning : The OPMODE 011XX11 with CARRYINSEL  000 to DSP48E1 instance is invalid.
Time: 42755100 ps  Iteration: 10  Process: /apatb_qeic_real_sum_band_density_accumulator_top/AESL_inst_qeic_real_sum_band_density_accumulator/qeic_real_sum_band_density_accumulator_dmul_64ns_64ns_64_6_max_dsp_1_U2/qeic_real_sum_band_density_accumulator_ap_dmul_4_max_dsp_64_u/U0/i_synth/mult/OP/i_non_prim/R_AND_R/logic/R_AND_R/dsp48_e1/dsp48e1_add/DSP48E1_ADD/DSP/prcs_opmode_drc  File: /home/Xilinx/Vivado/2019.1/data/vhdl/src/unisims/primitive/DSP48E1.vhd
Warning: OPMODE Input Warning : The OPMODE 001XXXX with CARRYINSEL  000 to DSP48E1 instance is invalid.
Time: 42795 ns  Iteration: 14  Process: /apatb_qeic_real_sum_band_density_accumulator_top/AESL_inst_qeic_real_sum_band_density_accumulator/qeic_real_sum_band_density_accumulator_dadd_64ns_64ns_64_5_full_dsp_1_U1/qeic_real_sum_band_density_accumulator_ap_dadd_3_full_dsp_64_u/U0/i_synth/addsub_op/ADDSUB/logic_speed/OP/ALIGN_BLK/FRAC_ADDSUB/dsp_add/FRAC_ADDSUB/dsp48e1_add/DSP48E1_ADD/DSP/prcs_opmode_drc  File: /home/Xilinx/Vivado/2019.1/data/vhdl/src/unisims/primitive/DSP48E1.vhd
Warning: OPMODE Input Warning : The OPMODE 011XX11 with CARRYINSEL  000 to DSP48E1 instance is invalid.
Time: 43095100 ps  Iteration: 10  Process: /apatb_qeic_real_sum_band_density_accumulator_top/AESL_inst_qeic_real_sum_band_density_accumulator/qeic_real_sum_band_density_accumulator_dmul_64ns_64ns_64_6_max_dsp_1_U2/qeic_real_sum_band_density_accumulator_ap_dmul_4_max_dsp_64_u/U0/i_synth/mult/OP/i_non_prim/R_AND_R/logic/R_AND_R/dsp48_e1/dsp48e1_add/DSP48E1_ADD/DSP/prcs_opmode_drc  File: /home/Xilinx/Vivado/2019.1/data/vhdl/src/unisims/primitive/DSP48E1.vhd
Warning: OPMODE Input Warning : The OPMODE 001XXXX with CARRYINSEL  000 to DSP48E1 instance is invalid.
Time: 43135 ns  Iteration: 14  Process: /apatb_qeic_real_sum_band_density_accumulator_top/AESL_inst_qeic_real_sum_band_density_accumulator/qeic_real_sum_band_density_accumulator_dadd_64ns_64ns_64_5_full_dsp_1_U1/qeic_real_sum_band_density_accumulator_ap_dadd_3_full_dsp_64_u/U0/i_synth/addsub_op/ADDSUB/logic_speed/OP/ALIGN_BLK/FRAC_ADDSUB/dsp_add/FRAC_ADDSUB/dsp48e1_add/DSP48E1_ADD/DSP/prcs_opmode_drc  File: /home/Xilinx/Vivado/2019.1/data/vhdl/src/unisims/primitive/DSP48E1.vhd
Warning: OPMODE Input Warning : The OPMODE 011XX11 with CARRYINSEL  000 to DSP48E1 instance is invalid.
Time: 43205100 ps  Iteration: 10  Process: /apatb_qeic_real_sum_band_density_accumulator_top/AESL_inst_qeic_real_sum_band_density_accumulator/qeic_real_sum_band_density_accumulator_dmul_64ns_64ns_64_6_max_dsp_1_U2/qeic_real_sum_band_density_accumulator_ap_dmul_4_max_dsp_64_u/U0/i_synth/mult/OP/i_non_prim/R_AND_R/logic/R_AND_R/dsp48_e1/dsp48e1_add/DSP48E1_ADD/DSP/prcs_opmode_drc  File: /home/Xilinx/Vivado/2019.1/data/vhdl/src/unisims/primitive/DSP48E1.vhd
Warning: OPMODE Input Warning : The OPMODE 001XXXX with CARRYINSEL  000 to DSP48E1 instance is invalid.
Time: 43245 ns  Iteration: 16  Process: /apatb_qeic_real_sum_band_density_accumulator_top/AESL_inst_qeic_real_sum_band_density_accumulator/qeic_real_sum_band_density_accumulator_dadd_64ns_64ns_64_5_full_dsp_1_U1/qeic_real_sum_band_density_accumulator_ap_dadd_3_full_dsp_64_u/U0/i_synth/addsub_op/ADDSUB/logic_speed/OP/ALIGN_BLK/FRAC_ADDSUB/dsp_add/FRAC_ADDSUB/dsp48e1_add/DSP48E1_ADD/DSP/prcs_opmode_drc  File: /home/Xilinx/Vivado/2019.1/data/vhdl/src/unisims/primitive/DSP48E1.vhd
Warning: OPMODE Input Warning : The OPMODE 011XX11 with CARRYINSEL  000 to DSP48E1 instance is invalid.
Time: 43465100 ps  Iteration: 10  Process: /apatb_qeic_real_sum_band_density_accumulator_top/AESL_inst_qeic_real_sum_band_density_accumulator/qeic_real_sum_band_density_accumulator_dmul_64ns_64ns_64_6_max_dsp_1_U2/qeic_real_sum_band_density_accumulator_ap_dmul_4_max_dsp_64_u/U0/i_synth/mult/OP/i_non_prim/R_AND_R/logic/R_AND_R/dsp48_e1/dsp48e1_add/DSP48E1_ADD/DSP/prcs_opmode_drc  File: /home/Xilinx/Vivado/2019.1/data/vhdl/src/unisims/primitive/DSP48E1.vhd
Warning: OPMODE Input Warning : The OPMODE 001XXXX with CARRYINSEL  000 to DSP48E1 instance is invalid.
Time: 43505 ns  Iteration: 14  Process: /apatb_qeic_real_sum_band_density_accumulator_top/AESL_inst_qeic_real_sum_band_density_accumulator/qeic_real_sum_band_density_accumulator_dadd_64ns_64ns_64_5_full_dsp_1_U1/qeic_real_sum_band_density_accumulator_ap_dadd_3_full_dsp_64_u/U0/i_synth/addsub_op/ADDSUB/logic_speed/OP/ALIGN_BLK/FRAC_ADDSUB/dsp_add/FRAC_ADDSUB/dsp48e1_add/DSP48E1_ADD/DSP/prcs_opmode_drc  File: /home/Xilinx/Vivado/2019.1/data/vhdl/src/unisims/primitive/DSP48E1.vhd
Warning: OPMODE Input Warning : The OPMODE 011XX11 with CARRYINSEL  000 to DSP48E1 instance is invalid.
Time: 43575100 ps  Iteration: 10  Process: /apatb_qeic_real_sum_band_density_accumulator_top/AESL_inst_qeic_real_sum_band_density_accumulator/qeic_real_sum_band_density_accumulator_dmul_64ns_64ns_64_6_max_dsp_1_U2/qeic_real_sum_band_density_accumulator_ap_dmul_4_max_dsp_64_u/U0/i_synth/mult/OP/i_non_prim/R_AND_R/logic/R_AND_R/dsp48_e1/dsp48e1_add/DSP48E1_ADD/DSP/prcs_opmode_drc  File: /home/Xilinx/Vivado/2019.1/data/vhdl/src/unisims/primitive/DSP48E1.vhd
Warning: OPMODE Input Warning : The OPMODE 001XXXX with CARRYINSEL  000 to DSP48E1 instance is invalid.
Time: 43615 ns  Iteration: 14  Process: /apatb_qeic_real_sum_band_density_accumulator_top/AESL_inst_qeic_real_sum_band_density_accumulator/qeic_real_sum_band_density_accumulator_dadd_64ns_64ns_64_5_full_dsp_1_U1/qeic_real_sum_band_density_accumulator_ap_dadd_3_full_dsp_64_u/U0/i_synth/addsub_op/ADDSUB/logic_speed/OP/ALIGN_BLK/FRAC_ADDSUB/dsp_add/FRAC_ADDSUB/dsp48e1_add/DSP48E1_ADD/DSP/prcs_opmode_drc  File: /home/Xilinx/Vivado/2019.1/data/vhdl/src/unisims/primitive/DSP48E1.vhd
Warning: OPMODE Input Warning : The OPMODE 011XX11 with CARRYINSEL  000 to DSP48E1 instance is invalid.
Time: 43835100 ps  Iteration: 10  Process: /apatb_qeic_real_sum_band_density_accumulator_top/AESL_inst_qeic_real_sum_band_density_accumulator/qeic_real_sum_band_density_accumulator_dmul_64ns_64ns_64_6_max_dsp_1_U2/qeic_real_sum_band_density_accumulator_ap_dmul_4_max_dsp_64_u/U0/i_synth/mult/OP/i_non_prim/R_AND_R/logic/R_AND_R/dsp48_e1/dsp48e1_add/DSP48E1_ADD/DSP/prcs_opmode_drc  File: /home/Xilinx/Vivado/2019.1/data/vhdl/src/unisims/primitive/DSP48E1.vhd
Warning: OPMODE Input Warning : The OPMODE 001XXXX with CARRYINSEL  000 to DSP48E1 instance is invalid.
Time: 43875 ns  Iteration: 14  Process: /apatb_qeic_real_sum_band_density_accumulator_top/AESL_inst_qeic_real_sum_band_density_accumulator/qeic_real_sum_band_density_accumulator_dadd_64ns_64ns_64_5_full_dsp_1_U1/qeic_real_sum_band_density_accumulator_ap_dadd_3_full_dsp_64_u/U0/i_synth/addsub_op/ADDSUB/logic_speed/OP/ALIGN_BLK/FRAC_ADDSUB/dsp_add/FRAC_ADDSUB/dsp48e1_add/DSP48E1_ADD/DSP/prcs_opmode_drc  File: /home/Xilinx/Vivado/2019.1/data/vhdl/src/unisims/primitive/DSP48E1.vhd
Warning: OPMODE Input Warning : The OPMODE 011XX11 with CARRYINSEL  000 to DSP48E1 instance is invalid.
Time: 43945100 ps  Iteration: 10  Process: /apatb_qeic_real_sum_band_density_accumulator_top/AESL_inst_qeic_real_sum_band_density_accumulator/qeic_real_sum_band_density_accumulator_dmul_64ns_64ns_64_6_max_dsp_1_U2/qeic_real_sum_band_density_accumulator_ap_dmul_4_max_dsp_64_u/U0/i_synth/mult/OP/i_non_prim/R_AND_R/logic/R_AND_R/dsp48_e1/dsp48e1_add/DSP48E1_ADD/DSP/prcs_opmode_drc  File: /home/Xilinx/Vivado/2019.1/data/vhdl/src/unisims/primitive/DSP48E1.vhd
Warning: OPMODE Input Warning : The OPMODE 001XXXX with CARRYINSEL  000 to DSP48E1 instance is invalid.
Time: 43985 ns  Iteration: 14  Process: /apatb_qeic_real_sum_band_density_accumulator_top/AESL_inst_qeic_real_sum_band_density_accumulator/qeic_real_sum_band_density_accumulator_dadd_64ns_64ns_64_5_full_dsp_1_U1/qeic_real_sum_band_density_accumulator_ap_dadd_3_full_dsp_64_u/U0/i_synth/addsub_op/ADDSUB/logic_speed/OP/ALIGN_BLK/FRAC_ADDSUB/dsp_add/FRAC_ADDSUB/dsp48e1_add/DSP48E1_ADD/DSP/prcs_opmode_drc  File: /home/Xilinx/Vivado/2019.1/data/vhdl/src/unisims/primitive/DSP48E1.vhd
Warning: OPMODE Input Warning : The OPMODE 011XX11 with CARRYINSEL  000 to DSP48E1 instance is invalid.
Time: 44205100 ps  Iteration: 10  Process: /apatb_qeic_real_sum_band_density_accumulator_top/AESL_inst_qeic_real_sum_band_density_accumulator/qeic_real_sum_band_density_accumulator_dmul_64ns_64ns_64_6_max_dsp_1_U2/qeic_real_sum_band_density_accumulator_ap_dmul_4_max_dsp_64_u/U0/i_synth/mult/OP/i_non_prim/R_AND_R/logic/R_AND_R/dsp48_e1/dsp48e1_add/DSP48E1_ADD/DSP/prcs_opmode_drc  File: /home/Xilinx/Vivado/2019.1/data/vhdl/src/unisims/primitive/DSP48E1.vhd
Warning: OPMODE Input Warning : The OPMODE 001XXXX with CARRYINSEL  000 to DSP48E1 instance is invalid.
Time: 44245 ns  Iteration: 14  Process: /apatb_qeic_real_sum_band_density_accumulator_top/AESL_inst_qeic_real_sum_band_density_accumulator/qeic_real_sum_band_density_accumulator_dadd_64ns_64ns_64_5_full_dsp_1_U1/qeic_real_sum_band_density_accumulator_ap_dadd_3_full_dsp_64_u/U0/i_synth/addsub_op/ADDSUB/logic_speed/OP/ALIGN_BLK/FRAC_ADDSUB/dsp_add/FRAC_ADDSUB/dsp48e1_add/DSP48E1_ADD/DSP/prcs_opmode_drc  File: /home/Xilinx/Vivado/2019.1/data/vhdl/src/unisims/primitive/DSP48E1.vhd
Warning: OPMODE Input Warning : The OPMODE 011XX11 with CARRYINSEL  000 to DSP48E1 instance is invalid.
Time: 44315100 ps  Iteration: 10  Process: /apatb_qeic_real_sum_band_density_accumulator_top/AESL_inst_qeic_real_sum_band_density_accumulator/qeic_real_sum_band_density_accumulator_dmul_64ns_64ns_64_6_max_dsp_1_U2/qeic_real_sum_band_density_accumulator_ap_dmul_4_max_dsp_64_u/U0/i_synth/mult/OP/i_non_prim/R_AND_R/logic/R_AND_R/dsp48_e1/dsp48e1_add/DSP48E1_ADD/DSP/prcs_opmode_drc  File: /home/Xilinx/Vivado/2019.1/data/vhdl/src/unisims/primitive/DSP48E1.vhd
Warning: OPMODE Input Warning : The OPMODE 001XXXX with CARRYINSEL  000 to DSP48E1 instance is invalid.
Time: 44355 ns  Iteration: 14  Process: /apatb_qeic_real_sum_band_density_accumulator_top/AESL_inst_qeic_real_sum_band_density_accumulator/qeic_real_sum_band_density_accumulator_dadd_64ns_64ns_64_5_full_dsp_1_U1/qeic_real_sum_band_density_accumulator_ap_dadd_3_full_dsp_64_u/U0/i_synth/addsub_op/ADDSUB/logic_speed/OP/ALIGN_BLK/FRAC_ADDSUB/dsp_add/FRAC_ADDSUB/dsp48e1_add/DSP48E1_ADD/DSP/prcs_opmode_drc  File: /home/Xilinx/Vivado/2019.1/data/vhdl/src/unisims/primitive/DSP48E1.vhd
Warning: OPMODE Input Warning : The OPMODE 011XX11 with CARRYINSEL  000 to DSP48E1 instance is invalid.
Time: 44655100 ps  Iteration: 10  Process: /apatb_qeic_real_sum_band_density_accumulator_top/AESL_inst_qeic_real_sum_band_density_accumulator/qeic_real_sum_band_density_accumulator_dmul_64ns_64ns_64_6_max_dsp_1_U2/qeic_real_sum_band_density_accumulator_ap_dmul_4_max_dsp_64_u/U0/i_synth/mult/OP/i_non_prim/R_AND_R/logic/R_AND_R/dsp48_e1/dsp48e1_add/DSP48E1_ADD/DSP/prcs_opmode_drc  File: /home/Xilinx/Vivado/2019.1/data/vhdl/src/unisims/primitive/DSP48E1.vhd
Warning: OPMODE Input Warning : The OPMODE 001XXXX with CARRYINSEL  000 to DSP48E1 instance is invalid.
Time: 44695 ns  Iteration: 14  Process: /apatb_qeic_real_sum_band_density_accumulator_top/AESL_inst_qeic_real_sum_band_density_accumulator/qeic_real_sum_band_density_accumulator_dadd_64ns_64ns_64_5_full_dsp_1_U1/qeic_real_sum_band_density_accumulator_ap_dadd_3_full_dsp_64_u/U0/i_synth/addsub_op/ADDSUB/logic_speed/OP/ALIGN_BLK/FRAC_ADDSUB/dsp_add/FRAC_ADDSUB/dsp48e1_add/DSP48E1_ADD/DSP/prcs_opmode_drc  File: /home/Xilinx/Vivado/2019.1/data/vhdl/src/unisims/primitive/DSP48E1.vhd
Warning: OPMODE Input Warning : The OPMODE 011XX11 with CARRYINSEL  000 to DSP48E1 instance is invalid.
Time: 44765100 ps  Iteration: 10  Process: /apatb_qeic_real_sum_band_density_accumulator_top/AESL_inst_qeic_real_sum_band_density_accumulator/qeic_real_sum_band_density_accumulator_dmul_64ns_64ns_64_6_max_dsp_1_U2/qeic_real_sum_band_density_accumulator_ap_dmul_4_max_dsp_64_u/U0/i_synth/mult/OP/i_non_prim/R_AND_R/logic/R_AND_R/dsp48_e1/dsp48e1_add/DSP48E1_ADD/DSP/prcs_opmode_drc  File: /home/Xilinx/Vivado/2019.1/data/vhdl/src/unisims/primitive/DSP48E1.vhd
Warning: OPMODE Input Warning : The OPMODE 001XXXX with CARRYINSEL  000 to DSP48E1 instance is invalid.
Time: 44805 ns  Iteration: 16  Process: /apatb_qeic_real_sum_band_density_accumulator_top/AESL_inst_qeic_real_sum_band_density_accumulator/qeic_real_sum_band_density_accumulator_dadd_64ns_64ns_64_5_full_dsp_1_U1/qeic_real_sum_band_density_accumulator_ap_dadd_3_full_dsp_64_u/U0/i_synth/addsub_op/ADDSUB/logic_speed/OP/ALIGN_BLK/FRAC_ADDSUB/dsp_add/FRAC_ADDSUB/dsp48e1_add/DSP48E1_ADD/DSP/prcs_opmode_drc  File: /home/Xilinx/Vivado/2019.1/data/vhdl/src/unisims/primitive/DSP48E1.vhd
Warning: OPMODE Input Warning : The OPMODE 011XX11 with CARRYINSEL  000 to DSP48E1 instance is invalid.
Time: 45025100 ps  Iteration: 10  Process: /apatb_qeic_real_sum_band_density_accumulator_top/AESL_inst_qeic_real_sum_band_density_accumulator/qeic_real_sum_band_density_accumulator_dmul_64ns_64ns_64_6_max_dsp_1_U2/qeic_real_sum_band_density_accumulator_ap_dmul_4_max_dsp_64_u/U0/i_synth/mult/OP/i_non_prim/R_AND_R/logic/R_AND_R/dsp48_e1/dsp48e1_add/DSP48E1_ADD/DSP/prcs_opmode_drc  File: /home/Xilinx/Vivado/2019.1/data/vhdl/src/unisims/primitive/DSP48E1.vhd
Warning: OPMODE Input Warning : The OPMODE 001XXXX with CARRYINSEL  000 to DSP48E1 instance is invalid.
Time: 45065 ns  Iteration: 14  Process: /apatb_qeic_real_sum_band_density_accumulator_top/AESL_inst_qeic_real_sum_band_density_accumulator/qeic_real_sum_band_density_accumulator_dadd_64ns_64ns_64_5_full_dsp_1_U1/qeic_real_sum_band_density_accumulator_ap_dadd_3_full_dsp_64_u/U0/i_synth/addsub_op/ADDSUB/logic_speed/OP/ALIGN_BLK/FRAC_ADDSUB/dsp_add/FRAC_ADDSUB/dsp48e1_add/DSP48E1_ADD/DSP/prcs_opmode_drc  File: /home/Xilinx/Vivado/2019.1/data/vhdl/src/unisims/primitive/DSP48E1.vhd
Warning: OPMODE Input Warning : The OPMODE 011XX11 with CARRYINSEL  000 to DSP48E1 instance is invalid.
Time: 45135100 ps  Iteration: 10  Process: /apatb_qeic_real_sum_band_density_accumulator_top/AESL_inst_qeic_real_sum_band_density_accumulator/qeic_real_sum_band_density_accumulator_dmul_64ns_64ns_64_6_max_dsp_1_U2/qeic_real_sum_band_density_accumulator_ap_dmul_4_max_dsp_64_u/U0/i_synth/mult/OP/i_non_prim/R_AND_R/logic/R_AND_R/dsp48_e1/dsp48e1_add/DSP48E1_ADD/DSP/prcs_opmode_drc  File: /home/Xilinx/Vivado/2019.1/data/vhdl/src/unisims/primitive/DSP48E1.vhd
Warning: OPMODE Input Warning : The OPMODE 001XXXX with CARRYINSEL  000 to DSP48E1 instance is invalid.
Time: 45175 ns  Iteration: 14  Process: /apatb_qeic_real_sum_band_density_accumulator_top/AESL_inst_qeic_real_sum_band_density_accumulator/qeic_real_sum_band_density_accumulator_dadd_64ns_64ns_64_5_full_dsp_1_U1/qeic_real_sum_band_density_accumulator_ap_dadd_3_full_dsp_64_u/U0/i_synth/addsub_op/ADDSUB/logic_speed/OP/ALIGN_BLK/FRAC_ADDSUB/dsp_add/FRAC_ADDSUB/dsp48e1_add/DSP48E1_ADD/DSP/prcs_opmode_drc  File: /home/Xilinx/Vivado/2019.1/data/vhdl/src/unisims/primitive/DSP48E1.vhd
Warning: OPMODE Input Warning : The OPMODE 011XX11 with CARRYINSEL  000 to DSP48E1 instance is invalid.
Time: 45395100 ps  Iteration: 10  Process: /apatb_qeic_real_sum_band_density_accumulator_top/AESL_inst_qeic_real_sum_band_density_accumulator/qeic_real_sum_band_density_accumulator_dmul_64ns_64ns_64_6_max_dsp_1_U2/qeic_real_sum_band_density_accumulator_ap_dmul_4_max_dsp_64_u/U0/i_synth/mult/OP/i_non_prim/R_AND_R/logic/R_AND_R/dsp48_e1/dsp48e1_add/DSP48E1_ADD/DSP/prcs_opmode_drc  File: /home/Xilinx/Vivado/2019.1/data/vhdl/src/unisims/primitive/DSP48E1.vhd
Warning: OPMODE Input Warning : The OPMODE 001XXXX with CARRYINSEL  000 to DSP48E1 instance is invalid.
Time: 45435 ns  Iteration: 14  Process: /apatb_qeic_real_sum_band_density_accumulator_top/AESL_inst_qeic_real_sum_band_density_accumulator/qeic_real_sum_band_density_accumulator_dadd_64ns_64ns_64_5_full_dsp_1_U1/qeic_real_sum_band_density_accumulator_ap_dadd_3_full_dsp_64_u/U0/i_synth/addsub_op/ADDSUB/logic_speed/OP/ALIGN_BLK/FRAC_ADDSUB/dsp_add/FRAC_ADDSUB/dsp48e1_add/DSP48E1_ADD/DSP/prcs_opmode_drc  File: /home/Xilinx/Vivado/2019.1/data/vhdl/src/unisims/primitive/DSP48E1.vhd
Warning: OPMODE Input Warning : The OPMODE 011XX11 with CARRYINSEL  000 to DSP48E1 instance is invalid.
Time: 45505100 ps  Iteration: 10  Process: /apatb_qeic_real_sum_band_density_accumulator_top/AESL_inst_qeic_real_sum_band_density_accumulator/qeic_real_sum_band_density_accumulator_dmul_64ns_64ns_64_6_max_dsp_1_U2/qeic_real_sum_band_density_accumulator_ap_dmul_4_max_dsp_64_u/U0/i_synth/mult/OP/i_non_prim/R_AND_R/logic/R_AND_R/dsp48_e1/dsp48e1_add/DSP48E1_ADD/DSP/prcs_opmode_drc  File: /home/Xilinx/Vivado/2019.1/data/vhdl/src/unisims/primitive/DSP48E1.vhd
Warning: OPMODE Input Warning : The OPMODE 001XXXX with CARRYINSEL  000 to DSP48E1 instance is invalid.
Time: 45545 ns  Iteration: 14  Process: /apatb_qeic_real_sum_band_density_accumulator_top/AESL_inst_qeic_real_sum_band_density_accumulator/qeic_real_sum_band_density_accumulator_dadd_64ns_64ns_64_5_full_dsp_1_U1/qeic_real_sum_band_density_accumulator_ap_dadd_3_full_dsp_64_u/U0/i_synth/addsub_op/ADDSUB/logic_speed/OP/ALIGN_BLK/FRAC_ADDSUB/dsp_add/FRAC_ADDSUB/dsp48e1_add/DSP48E1_ADD/DSP/prcs_opmode_drc  File: /home/Xilinx/Vivado/2019.1/data/vhdl/src/unisims/primitive/DSP48E1.vhd
Warning: OPMODE Input Warning : The OPMODE 011XX11 with CARRYINSEL  000 to DSP48E1 instance is invalid.
Time: 45765100 ps  Iteration: 10  Process: /apatb_qeic_real_sum_band_density_accumulator_top/AESL_inst_qeic_real_sum_band_density_accumulator/qeic_real_sum_band_density_accumulator_dmul_64ns_64ns_64_6_max_dsp_1_U2/qeic_real_sum_band_density_accumulator_ap_dmul_4_max_dsp_64_u/U0/i_synth/mult/OP/i_non_prim/R_AND_R/logic/R_AND_R/dsp48_e1/dsp48e1_add/DSP48E1_ADD/DSP/prcs_opmode_drc  File: /home/Xilinx/Vivado/2019.1/data/vhdl/src/unisims/primitive/DSP48E1.vhd
Warning: OPMODE Input Warning : The OPMODE 001XXXX with CARRYINSEL  000 to DSP48E1 instance is invalid.
Time: 45805 ns  Iteration: 14  Process: /apatb_qeic_real_sum_band_density_accumulator_top/AESL_inst_qeic_real_sum_band_density_accumulator/qeic_real_sum_band_density_accumulator_dadd_64ns_64ns_64_5_full_dsp_1_U1/qeic_real_sum_band_density_accumulator_ap_dadd_3_full_dsp_64_u/U0/i_synth/addsub_op/ADDSUB/logic_speed/OP/ALIGN_BLK/FRAC_ADDSUB/dsp_add/FRAC_ADDSUB/dsp48e1_add/DSP48E1_ADD/DSP/prcs_opmode_drc  File: /home/Xilinx/Vivado/2019.1/data/vhdl/src/unisims/primitive/DSP48E1.vhd
Warning: OPMODE Input Warning : The OPMODE 011XX11 with CARRYINSEL  000 to DSP48E1 instance is invalid.
Time: 45875100 ps  Iteration: 10  Process: /apatb_qeic_real_sum_band_density_accumulator_top/AESL_inst_qeic_real_sum_band_density_accumulator/qeic_real_sum_band_density_accumulator_dmul_64ns_64ns_64_6_max_dsp_1_U2/qeic_real_sum_band_density_accumulator_ap_dmul_4_max_dsp_64_u/U0/i_synth/mult/OP/i_non_prim/R_AND_R/logic/R_AND_R/dsp48_e1/dsp48e1_add/DSP48E1_ADD/DSP/prcs_opmode_drc  File: /home/Xilinx/Vivado/2019.1/data/vhdl/src/unisims/primitive/DSP48E1.vhd
Warning: OPMODE Input Warning : The OPMODE 001XXXX with CARRYINSEL  000 to DSP48E1 instance is invalid.
Time: 45915 ns  Iteration: 14  Process: /apatb_qeic_real_sum_band_density_accumulator_top/AESL_inst_qeic_real_sum_band_density_accumulator/qeic_real_sum_band_density_accumulator_dadd_64ns_64ns_64_5_full_dsp_1_U1/qeic_real_sum_band_density_accumulator_ap_dadd_3_full_dsp_64_u/U0/i_synth/addsub_op/ADDSUB/logic_speed/OP/ALIGN_BLK/FRAC_ADDSUB/dsp_add/FRAC_ADDSUB/dsp48e1_add/DSP48E1_ADD/DSP/prcs_opmode_drc  File: /home/Xilinx/Vivado/2019.1/data/vhdl/src/unisims/primitive/DSP48E1.vhd
Warning: OPMODE Input Warning : The OPMODE 011XX11 with CARRYINSEL  000 to DSP48E1 instance is invalid.
Time: 46215100 ps  Iteration: 10  Process: /apatb_qeic_real_sum_band_density_accumulator_top/AESL_inst_qeic_real_sum_band_density_accumulator/qeic_real_sum_band_density_accumulator_dmul_64ns_64ns_64_6_max_dsp_1_U2/qeic_real_sum_band_density_accumulator_ap_dmul_4_max_dsp_64_u/U0/i_synth/mult/OP/i_non_prim/R_AND_R/logic/R_AND_R/dsp48_e1/dsp48e1_add/DSP48E1_ADD/DSP/prcs_opmode_drc  File: /home/Xilinx/Vivado/2019.1/data/vhdl/src/unisims/primitive/DSP48E1.vhd
Warning: OPMODE Input Warning : The OPMODE 001XXXX with CARRYINSEL  000 to DSP48E1 instance is invalid.
Time: 46255 ns  Iteration: 14  Process: /apatb_qeic_real_sum_band_density_accumulator_top/AESL_inst_qeic_real_sum_band_density_accumulator/qeic_real_sum_band_density_accumulator_dadd_64ns_64ns_64_5_full_dsp_1_U1/qeic_real_sum_band_density_accumulator_ap_dadd_3_full_dsp_64_u/U0/i_synth/addsub_op/ADDSUB/logic_speed/OP/ALIGN_BLK/FRAC_ADDSUB/dsp_add/FRAC_ADDSUB/dsp48e1_add/DSP48E1_ADD/DSP/prcs_opmode_drc  File: /home/Xilinx/Vivado/2019.1/data/vhdl/src/unisims/primitive/DSP48E1.vhd
Warning: OPMODE Input Warning : The OPMODE 011XX11 with CARRYINSEL  000 to DSP48E1 instance is invalid.
Time: 46325100 ps  Iteration: 10  Process: /apatb_qeic_real_sum_band_density_accumulator_top/AESL_inst_qeic_real_sum_band_density_accumulator/qeic_real_sum_band_density_accumulator_dmul_64ns_64ns_64_6_max_dsp_1_U2/qeic_real_sum_band_density_accumulator_ap_dmul_4_max_dsp_64_u/U0/i_synth/mult/OP/i_non_prim/R_AND_R/logic/R_AND_R/dsp48_e1/dsp48e1_add/DSP48E1_ADD/DSP/prcs_opmode_drc  File: /home/Xilinx/Vivado/2019.1/data/vhdl/src/unisims/primitive/DSP48E1.vhd
Warning: OPMODE Input Warning : The OPMODE 001XXXX with CARRYINSEL  000 to DSP48E1 instance is invalid.
Time: 46365 ns  Iteration: 16  Process: /apatb_qeic_real_sum_band_density_accumulator_top/AESL_inst_qeic_real_sum_band_density_accumulator/qeic_real_sum_band_density_accumulator_dadd_64ns_64ns_64_5_full_dsp_1_U1/qeic_real_sum_band_density_accumulator_ap_dadd_3_full_dsp_64_u/U0/i_synth/addsub_op/ADDSUB/logic_speed/OP/ALIGN_BLK/FRAC_ADDSUB/dsp_add/FRAC_ADDSUB/dsp48e1_add/DSP48E1_ADD/DSP/prcs_opmode_drc  File: /home/Xilinx/Vivado/2019.1/data/vhdl/src/unisims/primitive/DSP48E1.vhd
Warning: OPMODE Input Warning : The OPMODE 011XX11 with CARRYINSEL  000 to DSP48E1 instance is invalid.
Time: 46585100 ps  Iteration: 10  Process: /apatb_qeic_real_sum_band_density_accumulator_top/AESL_inst_qeic_real_sum_band_density_accumulator/qeic_real_sum_band_density_accumulator_dmul_64ns_64ns_64_6_max_dsp_1_U2/qeic_real_sum_band_density_accumulator_ap_dmul_4_max_dsp_64_u/U0/i_synth/mult/OP/i_non_prim/R_AND_R/logic/R_AND_R/dsp48_e1/dsp48e1_add/DSP48E1_ADD/DSP/prcs_opmode_drc  File: /home/Xilinx/Vivado/2019.1/data/vhdl/src/unisims/primitive/DSP48E1.vhd
Warning: OPMODE Input Warning : The OPMODE 001XXXX with CARRYINSEL  000 to DSP48E1 instance is invalid.
Time: 46625 ns  Iteration: 14  Process: /apatb_qeic_real_sum_band_density_accumulator_top/AESL_inst_qeic_real_sum_band_density_accumulator/qeic_real_sum_band_density_accumulator_dadd_64ns_64ns_64_5_full_dsp_1_U1/qeic_real_sum_band_density_accumulator_ap_dadd_3_full_dsp_64_u/U0/i_synth/addsub_op/ADDSUB/logic_speed/OP/ALIGN_BLK/FRAC_ADDSUB/dsp_add/FRAC_ADDSUB/dsp48e1_add/DSP48E1_ADD/DSP/prcs_opmode_drc  File: /home/Xilinx/Vivado/2019.1/data/vhdl/src/unisims/primitive/DSP48E1.vhd
Warning: OPMODE Input Warning : The OPMODE 011XX11 with CARRYINSEL  000 to DSP48E1 instance is invalid.
Time: 46695100 ps  Iteration: 10  Process: /apatb_qeic_real_sum_band_density_accumulator_top/AESL_inst_qeic_real_sum_band_density_accumulator/qeic_real_sum_band_density_accumulator_dmul_64ns_64ns_64_6_max_dsp_1_U2/qeic_real_sum_band_density_accumulator_ap_dmul_4_max_dsp_64_u/U0/i_synth/mult/OP/i_non_prim/R_AND_R/logic/R_AND_R/dsp48_e1/dsp48e1_add/DSP48E1_ADD/DSP/prcs_opmode_drc  File: /home/Xilinx/Vivado/2019.1/data/vhdl/src/unisims/primitive/DSP48E1.vhd
Warning: OPMODE Input Warning : The OPMODE 001XXXX with CARRYINSEL  000 to DSP48E1 instance is invalid.
Time: 46735 ns  Iteration: 14  Process: /apatb_qeic_real_sum_band_density_accumulator_top/AESL_inst_qeic_real_sum_band_density_accumulator/qeic_real_sum_band_density_accumulator_dadd_64ns_64ns_64_5_full_dsp_1_U1/qeic_real_sum_band_density_accumulator_ap_dadd_3_full_dsp_64_u/U0/i_synth/addsub_op/ADDSUB/logic_speed/OP/ALIGN_BLK/FRAC_ADDSUB/dsp_add/FRAC_ADDSUB/dsp48e1_add/DSP48E1_ADD/DSP/prcs_opmode_drc  File: /home/Xilinx/Vivado/2019.1/data/vhdl/src/unisims/primitive/DSP48E1.vhd
Warning: OPMODE Input Warning : The OPMODE 011XX11 with CARRYINSEL  000 to DSP48E1 instance is invalid.
Time: 46955100 ps  Iteration: 10  Process: /apatb_qeic_real_sum_band_density_accumulator_top/AESL_inst_qeic_real_sum_band_density_accumulator/qeic_real_sum_band_density_accumulator_dmul_64ns_64ns_64_6_max_dsp_1_U2/qeic_real_sum_band_density_accumulator_ap_dmul_4_max_dsp_64_u/U0/i_synth/mult/OP/i_non_prim/R_AND_R/logic/R_AND_R/dsp48_e1/dsp48e1_add/DSP48E1_ADD/DSP/prcs_opmode_drc  File: /home/Xilinx/Vivado/2019.1/data/vhdl/src/unisims/primitive/DSP48E1.vhd
Warning: OPMODE Input Warning : The OPMODE 001XXXX with CARRYINSEL  000 to DSP48E1 instance is invalid.
Time: 46995 ns  Iteration: 14  Process: /apatb_qeic_real_sum_band_density_accumulator_top/AESL_inst_qeic_real_sum_band_density_accumulator/qeic_real_sum_band_density_accumulator_dadd_64ns_64ns_64_5_full_dsp_1_U1/qeic_real_sum_band_density_accumulator_ap_dadd_3_full_dsp_64_u/U0/i_synth/addsub_op/ADDSUB/logic_speed/OP/ALIGN_BLK/FRAC_ADDSUB/dsp_add/FRAC_ADDSUB/dsp48e1_add/DSP48E1_ADD/DSP/prcs_opmode_drc  File: /home/Xilinx/Vivado/2019.1/data/vhdl/src/unisims/primitive/DSP48E1.vhd
Warning: OPMODE Input Warning : The OPMODE 011XX11 with CARRYINSEL  000 to DSP48E1 instance is invalid.
Time: 47065100 ps  Iteration: 10  Process: /apatb_qeic_real_sum_band_density_accumulator_top/AESL_inst_qeic_real_sum_band_density_accumulator/qeic_real_sum_band_density_accumulator_dmul_64ns_64ns_64_6_max_dsp_1_U2/qeic_real_sum_band_density_accumulator_ap_dmul_4_max_dsp_64_u/U0/i_synth/mult/OP/i_non_prim/R_AND_R/logic/R_AND_R/dsp48_e1/dsp48e1_add/DSP48E1_ADD/DSP/prcs_opmode_drc  File: /home/Xilinx/Vivado/2019.1/data/vhdl/src/unisims/primitive/DSP48E1.vhd
Warning: OPMODE Input Warning : The OPMODE 001XXXX with CARRYINSEL  000 to DSP48E1 instance is invalid.
Time: 47105 ns  Iteration: 14  Process: /apatb_qeic_real_sum_band_density_accumulator_top/AESL_inst_qeic_real_sum_band_density_accumulator/qeic_real_sum_band_density_accumulator_dadd_64ns_64ns_64_5_full_dsp_1_U1/qeic_real_sum_band_density_accumulator_ap_dadd_3_full_dsp_64_u/U0/i_synth/addsub_op/ADDSUB/logic_speed/OP/ALIGN_BLK/FRAC_ADDSUB/dsp_add/FRAC_ADDSUB/dsp48e1_add/DSP48E1_ADD/DSP/prcs_opmode_drc  File: /home/Xilinx/Vivado/2019.1/data/vhdl/src/unisims/primitive/DSP48E1.vhd
Warning: OPMODE Input Warning : The OPMODE 011XX11 with CARRYINSEL  000 to DSP48E1 instance is invalid.
Time: 47325100 ps  Iteration: 10  Process: /apatb_qeic_real_sum_band_density_accumulator_top/AESL_inst_qeic_real_sum_band_density_accumulator/qeic_real_sum_band_density_accumulator_dmul_64ns_64ns_64_6_max_dsp_1_U2/qeic_real_sum_band_density_accumulator_ap_dmul_4_max_dsp_64_u/U0/i_synth/mult/OP/i_non_prim/R_AND_R/logic/R_AND_R/dsp48_e1/dsp48e1_add/DSP48E1_ADD/DSP/prcs_opmode_drc  File: /home/Xilinx/Vivado/2019.1/data/vhdl/src/unisims/primitive/DSP48E1.vhd
Warning: OPMODE Input Warning : The OPMODE 001XXXX with CARRYINSEL  000 to DSP48E1 instance is invalid.
Time: 47365 ns  Iteration: 14  Process: /apatb_qeic_real_sum_band_density_accumulator_top/AESL_inst_qeic_real_sum_band_density_accumulator/qeic_real_sum_band_density_accumulator_dadd_64ns_64ns_64_5_full_dsp_1_U1/qeic_real_sum_band_density_accumulator_ap_dadd_3_full_dsp_64_u/U0/i_synth/addsub_op/ADDSUB/logic_speed/OP/ALIGN_BLK/FRAC_ADDSUB/dsp_add/FRAC_ADDSUB/dsp48e1_add/DSP48E1_ADD/DSP/prcs_opmode_drc  File: /home/Xilinx/Vivado/2019.1/data/vhdl/src/unisims/primitive/DSP48E1.vhd
Warning: OPMODE Input Warning : The OPMODE 011XX11 with CARRYINSEL  000 to DSP48E1 instance is invalid.
Time: 47435100 ps  Iteration: 10  Process: /apatb_qeic_real_sum_band_density_accumulator_top/AESL_inst_qeic_real_sum_band_density_accumulator/qeic_real_sum_band_density_accumulator_dmul_64ns_64ns_64_6_max_dsp_1_U2/qeic_real_sum_band_density_accumulator_ap_dmul_4_max_dsp_64_u/U0/i_synth/mult/OP/i_non_prim/R_AND_R/logic/R_AND_R/dsp48_e1/dsp48e1_add/DSP48E1_ADD/DSP/prcs_opmode_drc  File: /home/Xilinx/Vivado/2019.1/data/vhdl/src/unisims/primitive/DSP48E1.vhd
Warning: OPMODE Input Warning : The OPMODE 001XXXX with CARRYINSEL  000 to DSP48E1 instance is invalid.
Time: 47475 ns  Iteration: 14  Process: /apatb_qeic_real_sum_band_density_accumulator_top/AESL_inst_qeic_real_sum_band_density_accumulator/qeic_real_sum_band_density_accumulator_dadd_64ns_64ns_64_5_full_dsp_1_U1/qeic_real_sum_band_density_accumulator_ap_dadd_3_full_dsp_64_u/U0/i_synth/addsub_op/ADDSUB/logic_speed/OP/ALIGN_BLK/FRAC_ADDSUB/dsp_add/FRAC_ADDSUB/dsp48e1_add/DSP48E1_ADD/DSP/prcs_opmode_drc  File: /home/Xilinx/Vivado/2019.1/data/vhdl/src/unisims/primitive/DSP48E1.vhd
Warning: OPMODE Input Warning : The OPMODE 011XX11 with CARRYINSEL  000 to DSP48E1 instance is invalid.
Time: 47775100 ps  Iteration: 10  Process: /apatb_qeic_real_sum_band_density_accumulator_top/AESL_inst_qeic_real_sum_band_density_accumulator/qeic_real_sum_band_density_accumulator_dmul_64ns_64ns_64_6_max_dsp_1_U2/qeic_real_sum_band_density_accumulator_ap_dmul_4_max_dsp_64_u/U0/i_synth/mult/OP/i_non_prim/R_AND_R/logic/R_AND_R/dsp48_e1/dsp48e1_add/DSP48E1_ADD/DSP/prcs_opmode_drc  File: /home/Xilinx/Vivado/2019.1/data/vhdl/src/unisims/primitive/DSP48E1.vhd
Warning: OPMODE Input Warning : The OPMODE 001XXXX with CARRYINSEL  000 to DSP48E1 instance is invalid.
Time: 47815 ns  Iteration: 14  Process: /apatb_qeic_real_sum_band_density_accumulator_top/AESL_inst_qeic_real_sum_band_density_accumulator/qeic_real_sum_band_density_accumulator_dadd_64ns_64ns_64_5_full_dsp_1_U1/qeic_real_sum_band_density_accumulator_ap_dadd_3_full_dsp_64_u/U0/i_synth/addsub_op/ADDSUB/logic_speed/OP/ALIGN_BLK/FRAC_ADDSUB/dsp_add/FRAC_ADDSUB/dsp48e1_add/DSP48E1_ADD/DSP/prcs_opmode_drc  File: /home/Xilinx/Vivado/2019.1/data/vhdl/src/unisims/primitive/DSP48E1.vhd
Warning: OPMODE Input Warning : The OPMODE 011XX11 with CARRYINSEL  000 to DSP48E1 instance is invalid.
Time: 47885100 ps  Iteration: 10  Process: /apatb_qeic_real_sum_band_density_accumulator_top/AESL_inst_qeic_real_sum_band_density_accumulator/qeic_real_sum_band_density_accumulator_dmul_64ns_64ns_64_6_max_dsp_1_U2/qeic_real_sum_band_density_accumulator_ap_dmul_4_max_dsp_64_u/U0/i_synth/mult/OP/i_non_prim/R_AND_R/logic/R_AND_R/dsp48_e1/dsp48e1_add/DSP48E1_ADD/DSP/prcs_opmode_drc  File: /home/Xilinx/Vivado/2019.1/data/vhdl/src/unisims/primitive/DSP48E1.vhd
Warning: OPMODE Input Warning : The OPMODE 001XXXX with CARRYINSEL  000 to DSP48E1 instance is invalid.
Time: 47925 ns  Iteration: 16  Process: /apatb_qeic_real_sum_band_density_accumulator_top/AESL_inst_qeic_real_sum_band_density_accumulator/qeic_real_sum_band_density_accumulator_dadd_64ns_64ns_64_5_full_dsp_1_U1/qeic_real_sum_band_density_accumulator_ap_dadd_3_full_dsp_64_u/U0/i_synth/addsub_op/ADDSUB/logic_speed/OP/ALIGN_BLK/FRAC_ADDSUB/dsp_add/FRAC_ADDSUB/dsp48e1_add/DSP48E1_ADD/DSP/prcs_opmode_drc  File: /home/Xilinx/Vivado/2019.1/data/vhdl/src/unisims/primitive/DSP48E1.vhd
Warning: OPMODE Input Warning : The OPMODE 011XX11 with CARRYINSEL  000 to DSP48E1 instance is invalid.
Time: 48145100 ps  Iteration: 10  Process: /apatb_qeic_real_sum_band_density_accumulator_top/AESL_inst_qeic_real_sum_band_density_accumulator/qeic_real_sum_band_density_accumulator_dmul_64ns_64ns_64_6_max_dsp_1_U2/qeic_real_sum_band_density_accumulator_ap_dmul_4_max_dsp_64_u/U0/i_synth/mult/OP/i_non_prim/R_AND_R/logic/R_AND_R/dsp48_e1/dsp48e1_add/DSP48E1_ADD/DSP/prcs_opmode_drc  File: /home/Xilinx/Vivado/2019.1/data/vhdl/src/unisims/primitive/DSP48E1.vhd
Warning: OPMODE Input Warning : The OPMODE 001XXXX with CARRYINSEL  000 to DSP48E1 instance is invalid.
Time: 48185 ns  Iteration: 14  Process: /apatb_qeic_real_sum_band_density_accumulator_top/AESL_inst_qeic_real_sum_band_density_accumulator/qeic_real_sum_band_density_accumulator_dadd_64ns_64ns_64_5_full_dsp_1_U1/qeic_real_sum_band_density_accumulator_ap_dadd_3_full_dsp_64_u/U0/i_synth/addsub_op/ADDSUB/logic_speed/OP/ALIGN_BLK/FRAC_ADDSUB/dsp_add/FRAC_ADDSUB/dsp48e1_add/DSP48E1_ADD/DSP/prcs_opmode_drc  File: /home/Xilinx/Vivado/2019.1/data/vhdl/src/unisims/primitive/DSP48E1.vhd
Warning: OPMODE Input Warning : The OPMODE 011XX11 with CARRYINSEL  000 to DSP48E1 instance is invalid.
Time: 48255100 ps  Iteration: 10  Process: /apatb_qeic_real_sum_band_density_accumulator_top/AESL_inst_qeic_real_sum_band_density_accumulator/qeic_real_sum_band_density_accumulator_dmul_64ns_64ns_64_6_max_dsp_1_U2/qeic_real_sum_band_density_accumulator_ap_dmul_4_max_dsp_64_u/U0/i_synth/mult/OP/i_non_prim/R_AND_R/logic/R_AND_R/dsp48_e1/dsp48e1_add/DSP48E1_ADD/DSP/prcs_opmode_drc  File: /home/Xilinx/Vivado/2019.1/data/vhdl/src/unisims/primitive/DSP48E1.vhd
Warning: OPMODE Input Warning : The OPMODE 001XXXX with CARRYINSEL  000 to DSP48E1 instance is invalid.
Time: 48295 ns  Iteration: 14  Process: /apatb_qeic_real_sum_band_density_accumulator_top/AESL_inst_qeic_real_sum_band_density_accumulator/qeic_real_sum_band_density_accumulator_dadd_64ns_64ns_64_5_full_dsp_1_U1/qeic_real_sum_band_density_accumulator_ap_dadd_3_full_dsp_64_u/U0/i_synth/addsub_op/ADDSUB/logic_speed/OP/ALIGN_BLK/FRAC_ADDSUB/dsp_add/FRAC_ADDSUB/dsp48e1_add/DSP48E1_ADD/DSP/prcs_opmode_drc  File: /home/Xilinx/Vivado/2019.1/data/vhdl/src/unisims/primitive/DSP48E1.vhd
Warning: OPMODE Input Warning : The OPMODE 011XX11 with CARRYINSEL  000 to DSP48E1 instance is invalid.
Time: 48515100 ps  Iteration: 10  Process: /apatb_qeic_real_sum_band_density_accumulator_top/AESL_inst_qeic_real_sum_band_density_accumulator/qeic_real_sum_band_density_accumulator_dmul_64ns_64ns_64_6_max_dsp_1_U2/qeic_real_sum_band_density_accumulator_ap_dmul_4_max_dsp_64_u/U0/i_synth/mult/OP/i_non_prim/R_AND_R/logic/R_AND_R/dsp48_e1/dsp48e1_add/DSP48E1_ADD/DSP/prcs_opmode_drc  File: /home/Xilinx/Vivado/2019.1/data/vhdl/src/unisims/primitive/DSP48E1.vhd
Warning: OPMODE Input Warning : The OPMODE 001XXXX with CARRYINSEL  000 to DSP48E1 instance is invalid.
Time: 48555 ns  Iteration: 14  Process: /apatb_qeic_real_sum_band_density_accumulator_top/AESL_inst_qeic_real_sum_band_density_accumulator/qeic_real_sum_band_density_accumulator_dadd_64ns_64ns_64_5_full_dsp_1_U1/qeic_real_sum_band_density_accumulator_ap_dadd_3_full_dsp_64_u/U0/i_synth/addsub_op/ADDSUB/logic_speed/OP/ALIGN_BLK/FRAC_ADDSUB/dsp_add/FRAC_ADDSUB/dsp48e1_add/DSP48E1_ADD/DSP/prcs_opmode_drc  File: /home/Xilinx/Vivado/2019.1/data/vhdl/src/unisims/primitive/DSP48E1.vhd
Warning: OPMODE Input Warning : The OPMODE 011XX11 with CARRYINSEL  000 to DSP48E1 instance is invalid.
Time: 48625100 ps  Iteration: 10  Process: /apatb_qeic_real_sum_band_density_accumulator_top/AESL_inst_qeic_real_sum_band_density_accumulator/qeic_real_sum_band_density_accumulator_dmul_64ns_64ns_64_6_max_dsp_1_U2/qeic_real_sum_band_density_accumulator_ap_dmul_4_max_dsp_64_u/U0/i_synth/mult/OP/i_non_prim/R_AND_R/logic/R_AND_R/dsp48_e1/dsp48e1_add/DSP48E1_ADD/DSP/prcs_opmode_drc  File: /home/Xilinx/Vivado/2019.1/data/vhdl/src/unisims/primitive/DSP48E1.vhd
Warning: OPMODE Input Warning : The OPMODE 001XXXX with CARRYINSEL  000 to DSP48E1 instance is invalid.
Time: 48665 ns  Iteration: 14  Process: /apatb_qeic_real_sum_band_density_accumulator_top/AESL_inst_qeic_real_sum_band_density_accumulator/qeic_real_sum_band_density_accumulator_dadd_64ns_64ns_64_5_full_dsp_1_U1/qeic_real_sum_band_density_accumulator_ap_dadd_3_full_dsp_64_u/U0/i_synth/addsub_op/ADDSUB/logic_speed/OP/ALIGN_BLK/FRAC_ADDSUB/dsp_add/FRAC_ADDSUB/dsp48e1_add/DSP48E1_ADD/DSP/prcs_opmode_drc  File: /home/Xilinx/Vivado/2019.1/data/vhdl/src/unisims/primitive/DSP48E1.vhd
Warning: OPMODE Input Warning : The OPMODE 011XX11 with CARRYINSEL  000 to DSP48E1 instance is invalid.
Time: 48885100 ps  Iteration: 10  Process: /apatb_qeic_real_sum_band_density_accumulator_top/AESL_inst_qeic_real_sum_band_density_accumulator/qeic_real_sum_band_density_accumulator_dmul_64ns_64ns_64_6_max_dsp_1_U2/qeic_real_sum_band_density_accumulator_ap_dmul_4_max_dsp_64_u/U0/i_synth/mult/OP/i_non_prim/R_AND_R/logic/R_AND_R/dsp48_e1/dsp48e1_add/DSP48E1_ADD/DSP/prcs_opmode_drc  File: /home/Xilinx/Vivado/2019.1/data/vhdl/src/unisims/primitive/DSP48E1.vhd
Warning: OPMODE Input Warning : The OPMODE 001XXXX with CARRYINSEL  000 to DSP48E1 instance is invalid.
Time: 48925 ns  Iteration: 14  Process: /apatb_qeic_real_sum_band_density_accumulator_top/AESL_inst_qeic_real_sum_band_density_accumulator/qeic_real_sum_band_density_accumulator_dadd_64ns_64ns_64_5_full_dsp_1_U1/qeic_real_sum_band_density_accumulator_ap_dadd_3_full_dsp_64_u/U0/i_synth/addsub_op/ADDSUB/logic_speed/OP/ALIGN_BLK/FRAC_ADDSUB/dsp_add/FRAC_ADDSUB/dsp48e1_add/DSP48E1_ADD/DSP/prcs_opmode_drc  File: /home/Xilinx/Vivado/2019.1/data/vhdl/src/unisims/primitive/DSP48E1.vhd
Warning: OPMODE Input Warning : The OPMODE 011XX11 with CARRYINSEL  000 to DSP48E1 instance is invalid.
Time: 48995100 ps  Iteration: 10  Process: /apatb_qeic_real_sum_band_density_accumulator_top/AESL_inst_qeic_real_sum_band_density_accumulator/qeic_real_sum_band_density_accumulator_dmul_64ns_64ns_64_6_max_dsp_1_U2/qeic_real_sum_band_density_accumulator_ap_dmul_4_max_dsp_64_u/U0/i_synth/mult/OP/i_non_prim/R_AND_R/logic/R_AND_R/dsp48_e1/dsp48e1_add/DSP48E1_ADD/DSP/prcs_opmode_drc  File: /home/Xilinx/Vivado/2019.1/data/vhdl/src/unisims/primitive/DSP48E1.vhd
Warning: OPMODE Input Warning : The OPMODE 001XXXX with CARRYINSEL  000 to DSP48E1 instance is invalid.
Time: 49035 ns  Iteration: 14  Process: /apatb_qeic_real_sum_band_density_accumulator_top/AESL_inst_qeic_real_sum_band_density_accumulator/qeic_real_sum_band_density_accumulator_dadd_64ns_64ns_64_5_full_dsp_1_U1/qeic_real_sum_band_density_accumulator_ap_dadd_3_full_dsp_64_u/U0/i_synth/addsub_op/ADDSUB/logic_speed/OP/ALIGN_BLK/FRAC_ADDSUB/dsp_add/FRAC_ADDSUB/dsp48e1_add/DSP48E1_ADD/DSP/prcs_opmode_drc  File: /home/Xilinx/Vivado/2019.1/data/vhdl/src/unisims/primitive/DSP48E1.vhd
Warning: OPMODE Input Warning : The OPMODE 011XX11 with CARRYINSEL  000 to DSP48E1 instance is invalid.
Time: 49335100 ps  Iteration: 10  Process: /apatb_qeic_real_sum_band_density_accumulator_top/AESL_inst_qeic_real_sum_band_density_accumulator/qeic_real_sum_band_density_accumulator_dmul_64ns_64ns_64_6_max_dsp_1_U2/qeic_real_sum_band_density_accumulator_ap_dmul_4_max_dsp_64_u/U0/i_synth/mult/OP/i_non_prim/R_AND_R/logic/R_AND_R/dsp48_e1/dsp48e1_add/DSP48E1_ADD/DSP/prcs_opmode_drc  File: /home/Xilinx/Vivado/2019.1/data/vhdl/src/unisims/primitive/DSP48E1.vhd
Warning: OPMODE Input Warning : The OPMODE 001XXXX with CARRYINSEL  000 to DSP48E1 instance is invalid.
Time: 49375 ns  Iteration: 14  Process: /apatb_qeic_real_sum_band_density_accumulator_top/AESL_inst_qeic_real_sum_band_density_accumulator/qeic_real_sum_band_density_accumulator_dadd_64ns_64ns_64_5_full_dsp_1_U1/qeic_real_sum_band_density_accumulator_ap_dadd_3_full_dsp_64_u/U0/i_synth/addsub_op/ADDSUB/logic_speed/OP/ALIGN_BLK/FRAC_ADDSUB/dsp_add/FRAC_ADDSUB/dsp48e1_add/DSP48E1_ADD/DSP/prcs_opmode_drc  File: /home/Xilinx/Vivado/2019.1/data/vhdl/src/unisims/primitive/DSP48E1.vhd
Warning: OPMODE Input Warning : The OPMODE 011XX11 with CARRYINSEL  000 to DSP48E1 instance is invalid.
Time: 49445100 ps  Iteration: 10  Process: /apatb_qeic_real_sum_band_density_accumulator_top/AESL_inst_qeic_real_sum_band_density_accumulator/qeic_real_sum_band_density_accumulator_dmul_64ns_64ns_64_6_max_dsp_1_U2/qeic_real_sum_band_density_accumulator_ap_dmul_4_max_dsp_64_u/U0/i_synth/mult/OP/i_non_prim/R_AND_R/logic/R_AND_R/dsp48_e1/dsp48e1_add/DSP48E1_ADD/DSP/prcs_opmode_drc  File: /home/Xilinx/Vivado/2019.1/data/vhdl/src/unisims/primitive/DSP48E1.vhd
Warning: OPMODE Input Warning : The OPMODE 001XXXX with CARRYINSEL  000 to DSP48E1 instance is invalid.
Time: 49485 ns  Iteration: 16  Process: /apatb_qeic_real_sum_band_density_accumulator_top/AESL_inst_qeic_real_sum_band_density_accumulator/qeic_real_sum_band_density_accumulator_dadd_64ns_64ns_64_5_full_dsp_1_U1/qeic_real_sum_band_density_accumulator_ap_dadd_3_full_dsp_64_u/U0/i_synth/addsub_op/ADDSUB/logic_speed/OP/ALIGN_BLK/FRAC_ADDSUB/dsp_add/FRAC_ADDSUB/dsp48e1_add/DSP48E1_ADD/DSP/prcs_opmode_drc  File: /home/Xilinx/Vivado/2019.1/data/vhdl/src/unisims/primitive/DSP48E1.vhd
Warning: OPMODE Input Warning : The OPMODE 011XX11 with CARRYINSEL  000 to DSP48E1 instance is invalid.
Time: 49705100 ps  Iteration: 10  Process: /apatb_qeic_real_sum_band_density_accumulator_top/AESL_inst_qeic_real_sum_band_density_accumulator/qeic_real_sum_band_density_accumulator_dmul_64ns_64ns_64_6_max_dsp_1_U2/qeic_real_sum_band_density_accumulator_ap_dmul_4_max_dsp_64_u/U0/i_synth/mult/OP/i_non_prim/R_AND_R/logic/R_AND_R/dsp48_e1/dsp48e1_add/DSP48E1_ADD/DSP/prcs_opmode_drc  File: /home/Xilinx/Vivado/2019.1/data/vhdl/src/unisims/primitive/DSP48E1.vhd
Warning: OPMODE Input Warning : The OPMODE 001XXXX with CARRYINSEL  000 to DSP48E1 instance is invalid.
Time: 49745 ns  Iteration: 14  Process: /apatb_qeic_real_sum_band_density_accumulator_top/AESL_inst_qeic_real_sum_band_density_accumulator/qeic_real_sum_band_density_accumulator_dadd_64ns_64ns_64_5_full_dsp_1_U1/qeic_real_sum_band_density_accumulator_ap_dadd_3_full_dsp_64_u/U0/i_synth/addsub_op/ADDSUB/logic_speed/OP/ALIGN_BLK/FRAC_ADDSUB/dsp_add/FRAC_ADDSUB/dsp48e1_add/DSP48E1_ADD/DSP/prcs_opmode_drc  File: /home/Xilinx/Vivado/2019.1/data/vhdl/src/unisims/primitive/DSP48E1.vhd
Warning: OPMODE Input Warning : The OPMODE 011XX11 with CARRYINSEL  000 to DSP48E1 instance is invalid.
Time: 49815100 ps  Iteration: 10  Process: /apatb_qeic_real_sum_band_density_accumulator_top/AESL_inst_qeic_real_sum_band_density_accumulator/qeic_real_sum_band_density_accumulator_dmul_64ns_64ns_64_6_max_dsp_1_U2/qeic_real_sum_band_density_accumulator_ap_dmul_4_max_dsp_64_u/U0/i_synth/mult/OP/i_non_prim/R_AND_R/logic/R_AND_R/dsp48_e1/dsp48e1_add/DSP48E1_ADD/DSP/prcs_opmode_drc  File: /home/Xilinx/Vivado/2019.1/data/vhdl/src/unisims/primitive/DSP48E1.vhd
Warning: OPMODE Input Warning : The OPMODE 001XXXX with CARRYINSEL  000 to DSP48E1 instance is invalid.
Time: 49855 ns  Iteration: 14  Process: /apatb_qeic_real_sum_band_density_accumulator_top/AESL_inst_qeic_real_sum_band_density_accumulator/qeic_real_sum_band_density_accumulator_dadd_64ns_64ns_64_5_full_dsp_1_U1/qeic_real_sum_band_density_accumulator_ap_dadd_3_full_dsp_64_u/U0/i_synth/addsub_op/ADDSUB/logic_speed/OP/ALIGN_BLK/FRAC_ADDSUB/dsp_add/FRAC_ADDSUB/dsp48e1_add/DSP48E1_ADD/DSP/prcs_opmode_drc  File: /home/Xilinx/Vivado/2019.1/data/vhdl/src/unisims/primitive/DSP48E1.vhd
Warning: OPMODE Input Warning : The OPMODE 011XX11 with CARRYINSEL  000 to DSP48E1 instance is invalid.
Time: 50075100 ps  Iteration: 10  Process: /apatb_qeic_real_sum_band_density_accumulator_top/AESL_inst_qeic_real_sum_band_density_accumulator/qeic_real_sum_band_density_accumulator_dmul_64ns_64ns_64_6_max_dsp_1_U2/qeic_real_sum_band_density_accumulator_ap_dmul_4_max_dsp_64_u/U0/i_synth/mult/OP/i_non_prim/R_AND_R/logic/R_AND_R/dsp48_e1/dsp48e1_add/DSP48E1_ADD/DSP/prcs_opmode_drc  File: /home/Xilinx/Vivado/2019.1/data/vhdl/src/unisims/primitive/DSP48E1.vhd
Warning: OPMODE Input Warning : The OPMODE 001XXXX with CARRYINSEL  000 to DSP48E1 instance is invalid.
Time: 50115 ns  Iteration: 14  Process: /apatb_qeic_real_sum_band_density_accumulator_top/AESL_inst_qeic_real_sum_band_density_accumulator/qeic_real_sum_band_density_accumulator_dadd_64ns_64ns_64_5_full_dsp_1_U1/qeic_real_sum_band_density_accumulator_ap_dadd_3_full_dsp_64_u/U0/i_synth/addsub_op/ADDSUB/logic_speed/OP/ALIGN_BLK/FRAC_ADDSUB/dsp_add/FRAC_ADDSUB/dsp48e1_add/DSP48E1_ADD/DSP/prcs_opmode_drc  File: /home/Xilinx/Vivado/2019.1/data/vhdl/src/unisims/primitive/DSP48E1.vhd
Warning: OPMODE Input Warning : The OPMODE 011XX11 with CARRYINSEL  000 to DSP48E1 instance is invalid.
Time: 50185100 ps  Iteration: 10  Process: /apatb_qeic_real_sum_band_density_accumulator_top/AESL_inst_qeic_real_sum_band_density_accumulator/qeic_real_sum_band_density_accumulator_dmul_64ns_64ns_64_6_max_dsp_1_U2/qeic_real_sum_band_density_accumulator_ap_dmul_4_max_dsp_64_u/U0/i_synth/mult/OP/i_non_prim/R_AND_R/logic/R_AND_R/dsp48_e1/dsp48e1_add/DSP48E1_ADD/DSP/prcs_opmode_drc  File: /home/Xilinx/Vivado/2019.1/data/vhdl/src/unisims/primitive/DSP48E1.vhd
Warning: OPMODE Input Warning : The OPMODE 001XXXX with CARRYINSEL  000 to DSP48E1 instance is invalid.
Time: 50225 ns  Iteration: 14  Process: /apatb_qeic_real_sum_band_density_accumulator_top/AESL_inst_qeic_real_sum_band_density_accumulator/qeic_real_sum_band_density_accumulator_dadd_64ns_64ns_64_5_full_dsp_1_U1/qeic_real_sum_band_density_accumulator_ap_dadd_3_full_dsp_64_u/U0/i_synth/addsub_op/ADDSUB/logic_speed/OP/ALIGN_BLK/FRAC_ADDSUB/dsp_add/FRAC_ADDSUB/dsp48e1_add/DSP48E1_ADD/DSP/prcs_opmode_drc  File: /home/Xilinx/Vivado/2019.1/data/vhdl/src/unisims/primitive/DSP48E1.vhd
Warning: OPMODE Input Warning : The OPMODE 011XX11 with CARRYINSEL  000 to DSP48E1 instance is invalid.
Time: 50445100 ps  Iteration: 10  Process: /apatb_qeic_real_sum_band_density_accumulator_top/AESL_inst_qeic_real_sum_band_density_accumulator/qeic_real_sum_band_density_accumulator_dmul_64ns_64ns_64_6_max_dsp_1_U2/qeic_real_sum_band_density_accumulator_ap_dmul_4_max_dsp_64_u/U0/i_synth/mult/OP/i_non_prim/R_AND_R/logic/R_AND_R/dsp48_e1/dsp48e1_add/DSP48E1_ADD/DSP/prcs_opmode_drc  File: /home/Xilinx/Vivado/2019.1/data/vhdl/src/unisims/primitive/DSP48E1.vhd
Warning: OPMODE Input Warning : The OPMODE 001XXXX with CARRYINSEL  000 to DSP48E1 instance is invalid.
Time: 50485 ns  Iteration: 14  Process: /apatb_qeic_real_sum_band_density_accumulator_top/AESL_inst_qeic_real_sum_band_density_accumulator/qeic_real_sum_band_density_accumulator_dadd_64ns_64ns_64_5_full_dsp_1_U1/qeic_real_sum_band_density_accumulator_ap_dadd_3_full_dsp_64_u/U0/i_synth/addsub_op/ADDSUB/logic_speed/OP/ALIGN_BLK/FRAC_ADDSUB/dsp_add/FRAC_ADDSUB/dsp48e1_add/DSP48E1_ADD/DSP/prcs_opmode_drc  File: /home/Xilinx/Vivado/2019.1/data/vhdl/src/unisims/primitive/DSP48E1.vhd
Warning: OPMODE Input Warning : The OPMODE 011XX11 with CARRYINSEL  000 to DSP48E1 instance is invalid.
Time: 50555100 ps  Iteration: 10  Process: /apatb_qeic_real_sum_band_density_accumulator_top/AESL_inst_qeic_real_sum_band_density_accumulator/qeic_real_sum_band_density_accumulator_dmul_64ns_64ns_64_6_max_dsp_1_U2/qeic_real_sum_band_density_accumulator_ap_dmul_4_max_dsp_64_u/U0/i_synth/mult/OP/i_non_prim/R_AND_R/logic/R_AND_R/dsp48_e1/dsp48e1_add/DSP48E1_ADD/DSP/prcs_opmode_drc  File: /home/Xilinx/Vivado/2019.1/data/vhdl/src/unisims/primitive/DSP48E1.vhd
Warning: OPMODE Input Warning : The OPMODE 001XXXX with CARRYINSEL  000 to DSP48E1 instance is invalid.
Time: 50595 ns  Iteration: 14  Process: /apatb_qeic_real_sum_band_density_accumulator_top/AESL_inst_qeic_real_sum_band_density_accumulator/qeic_real_sum_band_density_accumulator_dadd_64ns_64ns_64_5_full_dsp_1_U1/qeic_real_sum_band_density_accumulator_ap_dadd_3_full_dsp_64_u/U0/i_synth/addsub_op/ADDSUB/logic_speed/OP/ALIGN_BLK/FRAC_ADDSUB/dsp_add/FRAC_ADDSUB/dsp48e1_add/DSP48E1_ADD/DSP/prcs_opmode_drc  File: /home/Xilinx/Vivado/2019.1/data/vhdl/src/unisims/primitive/DSP48E1.vhd
// RTL Simulation : 1 / 1 [n/a] @ "50825000"
////////////////////////////////////////////////////////////////////////////////////
$finish called at time : 50865 ns : File "/tmp/dse_real_hybrid_hls_hybrid_sum_band_density_accumulator_v1_97bdce1b/real_hybrid_hls/sol1/sim/verilog/qeic_real_sum_band_density_accumulator.autotb.v" Line 908
## quit
INFO: [Common 17-206] Exiting xsim at Mon Jun  8 18:43:07 2026...
INFO: [COSIM 212-316] Starting C post checking ...
DSE_REAL_HLS_PASS qeic_real_sum_band_density_accumulator 32 4
INFO: [COSIM 212-1000] *** C/RTL co-simulation finished: PASS ***
INFO: [COSIM 212-211] II is measurable only when transaction number is greater than 1 in RTL simulation. Otherwise, they will be marked as all NA. If user wants to calculate them, please make sure there are at least 2 transactions in RTL simulation.
INFO: [HLS 200-112] Total elapsed time: 27.73 seconds; peak allocated memory: 96.547 MB.
INFO: [Common 17-206] Exiting vivado_hls at Mon Jun  8 18:43:07 2026...
