call_id,solver,n,m,all_eigenvalues,h_frob,h_max_abs,h_min_nz_abs,h_diag_min,h_diag_max,h_diag_imag_max,h_herm_rel,s_frob,s_max_abs,s_min_nz_abs,s_diag_min,s_diag_max,s_diag_imag_max,s_herm_rel,s_identity_rel
1,cdiaghg,13,12,F, 1.2531354082031989E+001, 6.6734351646926342E+000, 6.4929324239428499E-004,-5.2662976857664159E+000, 9.8339418109103061E-001, 5.4646032743077514E-017, 7.3455238602064139E-016, 1.1424762593893901E+001, 1.0879300599792987E+001, 6.6176036291597004E-005, 6.8646200548833788E-002, 1.0879300599792987E+001, 4.9080461524252249E-017, 1.7020627086942704E-016, 8.8998712837914495E-001
2,cdiaghg,13,12,F, 1.8138513805810113E+001, 5.6838764358783536E+000, 4.3658517278890934E-004,-5.3629405602487852E+000, 9.8088605377439275E-001, 8.1017189880003886E-017, 9.7447431837415279E-016, 1.7205234661093122E+001, 7.8202241398631491E+000, 2.9886122816563389E-004, 7.0314670525384648E-002, 7.8202241398631491E+000, 2.4438630676516129E-017, 8.9812932960855931E-016, 9.3141982235673659E-001
3,cdiaghg,13,12,F, 1.5313635521324285E+001, 5.4916873216465563E+000, 7.9772580567487132E-004,-5.3857391080040093E+000, 9.7741174954730425E-001, 1.0948748728762474E-016, 8.8051511539556281E-016, 1.3415811464687771E+001, 5.0527937311831250E+000, 1.6850661802252464E-004, 7.0718662098839286E-002, 5.0527937311831250E+000, 4.0081616282923450E-017, 1.1301341460939360E-015, 9.0842959855715688E-001
4,cdiaghg,13,12,F, 9.5513474744145785E+000, 5.5399566313231965E+000, 4.2410952594182876E-004,-5.5399566313231965E+000, 9.8572021630588380E-001, 6.2711728281662078E-017, 9.2638093749990426E-016, 4.7925836138814981E+000, 1.5097049362310957E+000, 1.6522409876616162E-004, 7.4598023581728304E-002, 1.5097049362310957E+000, 1.9169654370158970E-017, 5.5832893893090300E-016, 6.6307106855616116E-001
5,cdiaghg,13,12,F, 8.1589764144977295E+000, 5.3198993036842852E+000, 6.1609242482508716E-004,-5.3198993036842852E+000, 9.7949534549963047E-001, 2.0302766505535238E-017, 1.0828232579243633E-015, 3.3167064735182024E+000, 1.1360237157039308E+000, 1.4601603931210130E-004, 7.6181914529376574E-002, 1.1360237157039308E+000, 1.6537013286683490E-017, 5.6006606065557760E-016, 5.2204526119775363E-001
6,cdiaghg,13,12,F, 1.7546327375038000E+001, 7.1480170160162571E+000, 1.4152432932950907E-003,-5.4471521623548025E+000, 9.8107898211994482E-001, 1.1235456961944606E-016, 1.0888990383020986E-015, 1.6445999236134849E+001, 7.8331335655959160E+000, 1.2121053545275518E-003, 9.1418369064961003E-001, 7.8331335655959160E+000, 6.2138804802380510E-017, 5.0219896420446419E-016, 9.2777096622932775E-001
7,cdiaghg,13,12,F, 1.1035811316798105E+001, 5.4701664394683212E+000, 1.7651878618295755E-003,-5.4701664394683212E+000, 9.6734759044107177E-001, 3.7183140412341628E-017, 8.5861116821258708E-016, 6.9925068123014729E+000, 3.1194031066821659E+000, 2.0318756918336054E-003, 4.1925674305490707E-001, 3.1194031066821659E+000, 3.4778834418851744E-017, 7.2581682127475476E-016, 7.9502121073866772E-001
8,cdiaghg,13,12,F, 8.1949174672721607E+000, 5.2343529259937309E+000, 1.4418311358405371E-003,-5.2343529259937309E+000, 9.7966290276477541E-001, 4.0447548517300670E-017, 8.3346440659256278E-016, 3.4075893730072444E+000, 1.1030000311961938E+000, 2.0447991503139782E-003, 1.1371629877493258E-001, 1.1030000311961938E+000, 1.3514470979374576E-017, 5.7902252654664802E-016, 5.2353908809332317E-001
9,cdiaghg,13,12,F, 8.4512120315002317E+000, 5.4249253663323760E+000, 2.1060344157795290E-003,-5.4249253663323760E+000, 9.7173139440219025E-001, 5.2863814606824829E-017, 1.0304572229417748E-015, 3.5418241043786280E+000, 1.0678775055812801E+000, 9.1915353512343951E-004, 3.0798770357915545E-001, 1.0678775055812801E+000, 3.1385540483921896E-017, 9.6748929072636044E-016, 5.2909237918548924E-001
10,cdiaghg,13,12,F, 8.1255021132326668E+000, 5.3638340113527301E+000, 1.6023417185227205E-003,-5.3638340113527301E+000, 9.7457257832952082E-001, 6.1564169117226902E-017, 8.3759998336836511E-016, 3.2491125038902009E+000, 1.0952771640625394E+000, 3.3985947766807293E-003, 1.7919759663146112E-001, 1.0952771640625394E+000, 1.5300626871923191E-017, 5.0411130179214385E-016, 5.3983338090289856E-001
11,cdiaghg,13,12,F, 1.8575138574661189E+001, 8.8028086116566300E+000, 5.0637294205865141E-004,-8.5217432704650324E+000, 9.8914707976566596E-001, 7.0190344758741831E-017, 1.1342297641136015E-015, 1.7706841596005809E+001, 1.1288674723329526E+001, 2.6478255473232782E-005, 7.0910550104292480E-002, 1.1288674723329526E+001, 2.0867335922481812E-016, 2.4153859818134831E-015, 9.3368265660671967E-001
12,cdiaghg,13,12,F, 1.4130909847280691E+001, 6.8860692539142496E+000, 4.2485716288692877E-004,-5.4135981805966971E+000, 9.9211882977176069E-001, 3.8332777177492860E-017, 1.3576585698092837E-015, 1.1503988712827093E+001, 8.0312730458826440E+000, 2.6431937670804405E-004, 6.9723954893067791E-002, 8.0312730458826440E+000, 5.2987596766329739E-017, 6.4142823464641911E-016, 8.8990902081733669E-001
13,cdiaghg,13,12,F, 9.0541366866669826E+000, 5.4431358844520421E+000, 5.8305683382031215E-004,-5.4431358844520421E+000, 9.8449490903196180E-001, 2.4739923464556833E-017, 1.0729838088572768E-015, 4.1762189105421301E+000, 1.6774890154379614E+000, 9.1090228531818859E-005, 7.1247752235514078E-002, 1.6774890154379614E+000, 3.8115104271515979E-017, 7.1877645645568963E-016, 6.0223395446205652E-001
14,cdiaghg,13,12,F, 8.1711363714835770E+000, 5.4209872454296191E+000, 5.4559798211097727E-004,-5.4209872454296191E+000, 9.8377109847820188E-001, 5.3891613271193482E-017, 6.3490631675235162E-016, 3.2633289551149223E+000, 1.0809356166013300E+000, 1.1416818962247451E-004, 7.2148798487076851E-002, 1.0809356166013300E+000, 3.9469022267179759E-017, 5.6180918328543646E-016, 5.3092169934971400E-001
15,cdiaghg,13,12,F, 9.5655905266732475E+000, 5.4025539460868508E+000, 8.5531392246921182E-004,-5.4025539460868508E+000, 1.0014011933472564E+000, 8.3088200413481593E-017, 1.0491943788781284E-015, 4.7999166115857328E+000, 2.4836598797656793E+000, 3.4099319541188849E-004, 2.5337950064873693E-001, 2.4836598797656793E+000, 2.8432926187905064E-017, 1.1392313117898948E-015, 6.6619941743713629E-001
16,cdiaghg,13,12,F, 8.2583822191878156E+000, 5.4796424328621383E+000, 6.6557358489446417E-004,-5.4796424328621383E+000, 9.9283874535885075E-001, 6.7799838761100165E-017, 1.6428422795894623E-015, 3.2891589156578709E+000, 1.0748714972337348E+000, 1.5527320937078462E-003, 1.2694786303616643E-001, 1.0748714972337348E+000, 2.3041041324979347E-017, 6.7324576979920790E-016, 5.3175227439832429E-001
17,cdiaghg,13,12,F, 1.2104938732837747E+001, 5.4759296336436289E+000, 8.2419562871677613E-004,-5.4759296336436289E+000, 9.8183341818249303E-001, 1.3442610462492579E-016, 1.2033888649063711E-015, 8.6029828022676433E+000, 2.2014646416369663E+000, 5.7656874321172888E-004, 9.3097519276637630E-001, 2.2014646416369663E+000, 1.6633513417193436E-017, 1.1818782933500279E-015, 8.4263594853565638E-001
18,cdiaghg,13,12,F, 8.1212735448771092E+000, 5.3912821870775707E+000, 1.5611203797221084E-003,-5.3912821870775707E+000, 9.8889781681267686E-001, 4.3976941696007144E-017, 6.8192633656596412E-016, 3.2187860937941335E+000, 1.0759520464147474E+000, 4.8513325049750420E-004, 1.7143881135107913E-001, 1.0759520464147474E+000, 7.4634415469161155E-017, 7.6225894937799272E-016, 5.5135322397990183E-001
19,cdiaghg,13,12,F, 8.7071792863630808E+000, 5.4233069185944700E+000, 1.5680340278129037E-003,-5.4233069185944700E+000, 9.7490998323539835E-001, 6.6072290733458860E-017, 9.3968592385730208E-016, 3.8009621974210028E+000, 1.0899645776163345E+000, 6.3039365062798067E-004, 3.6945169992640192E-001, 1.0899645776163345E+000, 1.3708703937301013E-017, 5.7908217384010629E-016, 5.5721457155255250E-001
20,cdiaghg,13,12,F, 8.0657527912079647E+000, 5.4013995242892419E+000, 7.0491401751494431E-005,-5.4013995242892419E+000, 9.6671038963736711E-001, 3.9940169017805953E-017, 9.7084884463415846E-016, 3.2264931007652935E+000, 1.0975166875624125E+000, 5.7590576161666159E-004, 1.6159419514424064E-001, 1.0975166875624125E+000, 1.7618553996592180E-017, 6.0827885557975972E-016, 5.3631564890045713E-001
21,cdiaghg,13,12,F, 8.0605879833163350E+000, 5.3875686760683319E+000, 1.4162512340983712E-003,-5.3875686760683319E+000, 9.6785981639035734E-001, 1.0053832489356061E-016, 7.4373938931689866E-016, 3.2290121153088416E+000, 1.0851833491506309E+000, 8.6748153872210558E-004, 1.9707643938108507E-001, 1.0851833491506309E+000, 1.9332185252377443E-017, 4.7914932516996149E-016, 5.3875164586449853E-001
22,cdiaghg,13,12,F, 1.0385258227147792E+001, 5.3964019345722845E+000, 4.2814330969143230E-004,-5.3964019345722845E+000, 1.0033281956331690E+000, 7.4258032298503756E-017, 9.8596959203359270E-016, 5.8280699170206356E+000, 3.8494931819164719E+000, 2.6935129956023293E-004, 6.8438353011991054E-002, 3.8494931819164719E+000, 4.1197397902271104E-017, 3.7676396952140510E-016, 7.4314599580291518E-001
23,cdiaghg,13,12,F, 8.4618029072499628E+000, 5.4447073573538969E+000, 4.4613177414460747E-004,-5.4447073573538969E+000, 1.0208769073719555E+000, 2.4562275820068552E-016, 6.7870296464152437E-016, 3.4212947338538857E+000, 1.1374755812847903E+000, 1.4324873648727363E-004, 8.7755435390084971E-002, 1.1374755812847903E+000, 2.6627141704254062E-017, 4.5852751412952723E-016, 5.3313161612135374E-001
24,cdiaghg,13,12,F, 8.1653876208338829E+000, 5.4138704488123590E+000, 4.3554686202723267E-004,-5.4138704488123590E+000, 9.9415224983427708E-001, 4.4643982421847871E-017, 7.3488134235517320E-016, 3.2142416337910111E+000, 1.1372134644562490E+000, 2.6541934098275719E-004, 9.6744762813645455E-002, 1.1372134644562490E+000, 1.1654155273503767E-017, 5.6135017776464361E-016, 5.5753904517143604E-001
25,cdiaghg,13,12,F, 8.1770220150718451E+000, 5.3764500768740744E+000, 3.6494738800648855E-004,-5.3764500768740744E+000, 1.0079969779329703E+000, 3.2716780634449671E-017, 6.2467998798314657E-016, 3.2135383723336481E+000, 1.1634585828010719E+000, 1.4700897433776029E-003, 1.5289241972445192E-001, 1.1634585828010719E+000, 1.1812379639291457E-017, 5.6891611910855788E-016, 5.6082386008257024E-001
26,cdiaghg,13,12,F, 8.0355676967414560E+000, 5.3615441452917922E+000, 6.3670141019993092E-004,-5.3615441452917922E+000, 9.7593366590137076E-001, 2.2594744625089538E-017, 6.3351902142401016E-016, 3.2220645264170638E+000, 1.1043925144262086E+000, 3.7919418803385451E-004, 1.5548407075973247E-001, 1.1043925144262086E+000, 1.3351204587014441E-017, 5.8265252462012635E-016, 5.4625078245668079E-001
27,cdiaghg,13,12,F, 8.1620150502785371E+000, 5.3808687879128092E+000, 3.1994611107709071E-004,-5.3808687879128092E+000, 1.0326068129800898E+000, 7.3398458095544539E-017, 8.0019122136073602E-016, 3.2046803068723415E+000, 1.2132801757489933E+000, 1.5974285597256563E-004, 1.2102638264375928E-001, 1.2132801757489933E+000, 7.7638382638668825E-018, 5.1149824135929298E-016, 5.6403667321170292E-001
28,cdiaghg,13,12,F, 8.1740692620116100E+000, 5.3517211571348566E+000, 7.5983818591283340E-004,-5.3517211571348566E+000, 1.0212161230079091E+000, 3.1468187612786466E-017, 1.1734916494303978E-015, 3.1861571131046413E+000, 1.2323728209567169E+000, 1.9525326949378430E-004, 1.3833012340205381E-001, 1.2323728209567169E+000, 2.3059333852452699E-017, 4.1310368969015163E-016, 5.7253793163536049E-001
29,cdiaghg,13,12,F, 8.1584140331526864E+000, 5.3295997306554650E+000, 1.7303709836898317E-004,-5.3295997306554650E+000, 1.0320462553756433E+000, 5.1035677922478792E-017, 1.0404328310705394E-015, 3.1679313190534057E+000, 1.2650903050504492E+000, 1.7294782825710340E-004, 1.3556539093625433E-001, 1.2650903050504492E+000, 4.7830874286819497E-017, 4.1168661270769136E-016, 5.7432442013386897E-001
30,cdiaghg,13,12,F, 1.0850771809501492E+001, 5.8987904682664327E+000, 6.9562120731792216E-004,-4.5320886830909188E+000, 1.6677922378869274E+000, 9.8458287910083636E-017, 7.1866018181546082E-016, 1.1127251078433863E+001, 1.0556024691850510E+001, 3.4666229437591017E-004, 6.8248835355694926E-002, 1.0556024691850510E+001, 1.7573692808747296E-016, 2.0959075916783734E-016, 8.8572640364609034E-001
31,cdiaghg,13,12,F, 1.4792062737300212E+001, 5.0115218222943740E+000, 8.4177465434041377E-004,-4.6097140907145020E+000, 1.6447975106525397E+000, 2.9251672292966450E-016, 1.1138699326330058E-015, 1.7365932841335848E+001, 8.4068384829802874E+000, 2.1449750473501132E-004, 7.0770368323393798E-002, 8.4068384829802874E+000, 7.1973411500255032E-017, 6.7194254431173549E-016, 9.3214705173846923E-001
32,cdiaghg,13,12,F, 1.2996034100344401E+001, 4.8599391664432963E+000, 1.0116045706432197E-003,-4.5397532522340613E+000, 1.6527130566572366E+000, 9.8826701434652294E-017, 1.0399505010211090E-015, 1.3635753419854833E+001, 5.1467952470591651E+000, 2.2373597043660802E-004, 7.2435267826343949E-002, 5.1467952470591651E+000, 2.5430266198933215E-017, 5.5584716988486503E-016, 9.1001076836331174E-001
33,cdiaghg,13,12,F, 8.4951811785754305E+000, 4.5372805783953343E+000, 1.8104523885233972E-004,-4.5372805783953343E+000, 1.6300542232198041E+000, 4.3957291322459874E-017, 7.6626321878693818E-016, 4.8477235119858610E+000, 1.5189746038960215E+000, 2.7598367073309584E-004, 7.5400493772253885E-002, 1.5189746038960215E+000, 3.0095545240694016E-017, 7.8766945798599979E-016, 6.6994815355351145E-001
34,cdiaghg,13,12,F, 7.2362450716922169E+000, 4.5478327421314093E+000, 4.3950941065156623E-004,-4.5478327421314093E+000, 1.6262259948040567E+000, 2.9359566568985006E-017, 1.2933549780989859E-015, 3.3241279678759947E+000, 1.1452155671379558E+000, 2.4603205423567490E-004, 7.4740875399528076E-002, 1.1452155671379558E+000, 1.1033808723070195E-017, 4.1107093366169917E-016, 5.1895098256999028E-001
35,cdiaghg,13,12,F, 1.4296379725781767E+001, 6.1975776362604398E+000, 1.0814077718707886E-003,-4.6050633071920428E+000, 1.6513050579668236E+000, 3.0763909619164688E-017, 2.1231693440340436E-015, 1.6108429684819427E+001, 7.6814368467693273E+000, 3.8805152617736984E-004, 9.1599184034855130E-001, 7.6814368467693273E+000, 8.0552916054089601E-017, 4.8064355688588530E-016, 9.2600955686009645E-001
36,cdiaghg,13,12,F, 9.7920127718236127E+000, 4.5512239655617357E+000, 3.5202078798521704E-004,-4.5512239655617357E+000, 1.6407347345552468E+000, 4.4050197723994629E-017, 1.0188023288336586E-015, 7.0617060749302105E+000, 3.2500412066694788E+000, 2.3867188820451005E-003, 4.1726530363361575E-001, 3.2500412066694788E+000, 4.7447054949677965E-017, 9.0698105935272149E-016, 7.9683212391116343E-001
37,cdiaghg,13,12,F, 7.3868516453016264E+000, 4.5613853514597205E+000, 1.9319164634862792E-003,-4.5613853514597205E+000, 1.6353925788904975E+000, 6.6625755406188484E-017, 8.6926594525868856E-016, 3.4189210491166460E+000, 1.1049033508807071E+000, 9.4348415772917398E-004, 1.1310972397515466E-001, 1.1049033508807071E+000, 1.6544992051310268E-017, 6.8952049595489406E-016, 5.2217821699534583E-001
38,cdiaghg,13,12,F, 7.5113401061982730E+000, 4.5152046968052506E+000, 7.8763657536724276E-004,-4.5152046968052506E+000, 1.6284300887347429E+000, 9.3758635853863037E-017, 7.3815365581407103E-016, 3.5623893922193992E+000, 1.0873160329272527E+000, 1.8295254758458473E-003, 3.0591139606378470E-001, 1.0873160329272527E+000, 1.7915531142126939E-017, 5.3439324426660519E-016, 5.3104911920128850E-001
39,cdiaghg,13,12,F, 7.2076171608593134E+000, 4.6485648649422737E+000, 5.2419901230884476E-003,-4.6485648649422737E+000, 1.6162727296336192E+000, 2.7320891015756804E-017, 8.1366015697835465E-016, 3.2311700990165808E+000, 1.0766990323734815E+000, 1.6321367153195106E-003, 1.7820013243970378E-001, 1.0766990323734815E+000, 2.4917088236756751E-017, 6.4555647196945093E-016, 5.4249109519195937E-001
40,cdiaghg,13,12,F, 1.4732232116379931E+001, 7.6466151767672317E+000, 5.0219232997639619E-004,-4.7156951184916664E+000, 1.6568546217379831E+000, 3.4392175080926269E-017, 1.0152709901447215E-015, 1.6422848747859376E+001, 1.0870123588602898E+001, 1.2614142279586402E-004, 7.0219888492549370E-002, 1.0870123588602898E+001, 6.0200393031785077E-017, 7.7415111150840831E-016, 9.2753815872388512E-001
41,cdiaghg,13,12,F, 1.1931592426850875E+001, 5.8370421547232034E+000, 1.5269858747047076E-003,-4.5959043530305159E+000, 1.6641841202178445E+000, 2.9334522312301166E-017, 1.5893396608307725E-015, 1.1145438820443843E+001, 7.5393383017853202E+000, 2.0216560351857537E-004, 6.9031790817211724E-002, 7.5393383017853202E+000, 6.0098121282466592E-017, 6.4038072567303101E-016, 8.8583488795889753E-001
42,cdiaghg,13,12,F, 8.1225296003595009E+000, 4.5644105014156091E+000, 9.0624977888499202E-004,-4.5644105014156091E+000, 1.6451575663805824E+000, 5.8567697069345822E-017, 1.3969678997832880E-015, 4.1994619362151138E+000, 1.6600180717814945E+000, 7.9343421029953024E-005, 7.1366362275493991E-002, 1.6600180717814945E+000, 7.1777096710477472E-017, 7.2481847933512169E-016, 6.0437324377257340E-001
43,cdiaghg,13,12,F, 7.2292834480375241E+000, 4.5695013982931618E+000, 2.2797321149708148E-004,-4.5695013982931618E+000, 1.6561581956158344E+000, 2.3481127622727613E-017, 8.5074855016228499E-016, 3.2695497678308683E+000, 1.0988656799883441E+000, 3.0276393441241062E-004, 7.3008486871779119E-002, 1.0988656799883441E+000, 2.6204014796255194E-017, 6.0574252763749411E-016, 5.3257022559529954E-001
44,cdiaghg,13,12,F, 8.5247677705212368E+000, 4.5625661158619319E+000, 9.2563144035618891E-004,-4.5625661158619319E+000, 1.6832632231307190E+000, 7.0901776486997843E-017, 6.4358238403674124E-016, 4.7378310847461069E+000, 2.4391655247538466E+000, 1.7098131195213940E-003, 2.3527258043112145E-001, 2.4391655247538466E+000, 4.3430267287320646E-017, 6.6418325014556573E-016, 6.6167425912428646E-001
45,cdiaghg,13,12,F, 7.2398154979824492E+000, 4.5201683879001049E+000, 8.4565658191706908E-004,-4.5201683879001049E+000, 1.6804622151823223E+000, 9.7077645276824070E-017, 9.0207332806009861E-016, 3.2851228571371824E+000, 1.0897461216602702E+000, 1.1538671779902257E-003, 1.2934372324979551E-001, 1.0897461216602702E+000, 1.4156663447495103E-017, 6.0530003884428977E-016, 5.3328241508237195E-001
46,cdiaghg,13,12,F, 1.0846887911857763E+001, 4.5546435864801049E+000, 1.4252040852691429E-003,-4.5546435864801049E+000, 1.6357520731299322E+000, 2.7976811818303477E-017, 1.5526027390232732E-015, 9.0314928732596336E+000, 2.3210324245722251E+000, 3.7731782033191086E-004, 9.2680164127065467E-001, 2.3210324245722251E+000, 2.6352657918021675E-017, 9.3124528088634573E-016, 8.5199105074076142E-001
47,cdiaghg,13,12,F, 7.1883646450912657E+000, 4.5326028687396223E+000, 1.0840170272821102E-003,-4.5326028687396223E+000, 1.6772857629207125E+000, 1.6912088794867789E-016, 1.2455075444997187E-015, 3.2317351619066832E+000, 1.0826395628655225E+000, 9.5337915774868680E-004, 1.6659344003112253E-001, 1.0826395628655225E+000, 1.5684603594171597E-017, 5.7950449911895718E-016, 5.5225653381667750E-001
48,cdiaghg,13,12,F, 7.7601705085291028E+000, 4.5307328586499800E+000, 1.8001963737067086E-003,-4.5307328586499800E+000, 1.6310980722656705E+000, 1.0962186026377525E-016, 1.2914989839180585E-015, 3.8037474554353343E+000, 1.1021384459752717E+000, 9.8651359654413013E-004, 3.8623231246015544E-001, 1.1021384459752717E+000, 2.4562517106826325E-017, 6.3267988311060603E-016, 5.5652514370299799E-001
49,cdiaghg,13,12,F, 7.1555704421430848E+000, 4.5554537127618158E+000, 1.4753002743676236E-003,-4.5554537127618158E+000, 1.6269470570391815E+000, 6.9474377311042026E-017, 6.5842126276301306E-016, 3.2374011609260633E+000, 1.1161618562886959E+000, 4.1175135862682032E-004, 1.6063170448956821E-001, 1.1161618562886959E+000, 1.8591005837107270E-017, 5.2197805342781334E-016, 5.3726603266427764E-001
50,cdiaghg,13,12,F, 7.1391085958152907E+000, 4.4969313155211124E+000, 6.7993387151435989E-004,-4.4969313155211124E+000, 1.6251339775983933E+000, 7.3719194467392871E-017, 1.0323753329427402E-015, 3.2326831174567183E+000, 1.0902908041154793E+000, 9.4281499321360862E-004, 1.9000516898222314E-001, 1.0902908041154793E+000, 3.2119153273712474E-017, 8.0976145908962631E-016, 5.3730509701188156E-001
51,cdiaghg,13,12,F, 9.2140860211959517E+000, 4.5580952518062636E+000, 1.7132920071098346E-004,-4.5580952518062636E+000, 1.6732129337416557E+000, 2.7359028243412372E-017, 1.2579360077027205E-015, 5.6971156279714137E+000, 3.6685492160856188E+000, 1.9633761047352458E-004, 6.8843248673049681E-002, 3.6685492160856188E+000, 6.6453812562401256E-017, 5.9055742411923694E-016, 7.3488272834685464E-001
52,cdiaghg,13,12,F, 7.4538557899097535E+000, 4.5331200796319910E+000, 1.0162905259471040E-003,-4.5331200796319910E+000, 1.7126389732868224E+000, 1.3070083891435353E-016, 1.0031825312800319E-015, 3.3977455295192271E+000, 1.1330235317122646E+000, 2.7442842280198771E-004, 8.7157069308664695E-002, 1.1330235317122646E+000, 2.0886074149156081E-017, 5.9759328594976616E-016, 5.3222979328039899E-001
53,cdiaghg,13,12,F, 7.1643424510829119E+000, 4.4717577947132758E+000, 1.3856443496495709E-003,-4.4717577947132758E+000, 1.7049688655524800E+000, 4.3107964226435153E-017, 9.0281952722351927E-016, 3.2129919268572276E+000, 1.1484123178421679E+000, 2.7657298041679006E-004, 9.5553556963657568E-002, 1.1484123178421679E+000, 1.4219447841426895E-017, 6.7564706950027020E-016, 5.5832349135703518E-001
54,cdiaghg,13,12,F, 7.2209534813447229E+000, 4.5033952762287628E+000, 1.1496344769178863E-003,-4.5033952762287628E+000, 1.7329254425625795E+000, 1.7060894605789124E-017, 1.0109518228394406E-015, 3.2212758911817780E+000, 1.1728899724332762E+000, 7.9506425827202925E-004, 1.5848762445275111E-001, 1.1728899724332762E+000, 4.2729883672759174E-017, 5.3363262129314929E-016, 5.5961066561492689E-001
55,cdiaghg,13,12,F, 7.1693647433138183E+000, 4.5857948883902857E+000, 1.2655650399198794E-003,-4.5857948883902857E+000, 1.6411257862603754E+000, 1.0831955843467203E-016, 1.3005539862841958E-015, 3.2326003127835872E+000, 1.1011545858207770E+000, 7.1648502525857653E-005, 1.5353484214857602E-001, 1.1011545858207770E+000, 2.0058136207273361E-017, 7.9038832008506368E-016, 5.4439880885338598E-001
56,cdiaghg,13,12,F, 7.2337222485630743E+000, 4.5103890455644358E+000, 4.2369716775073686E-004,-4.5103890455644358E+000, 1.7711156764131881E+000, 3.6164590503035366E-017, 9.4180332692884758E-016, 3.2097411341298465E+000, 1.2238984206951258E+000, 1.5967468308304773E-004, 1.2084593622038821E-001, 1.2238984206951258E+000, 1.1674752518149964E-017, 5.8397739291251208E-016, 5.6307937341666114E-001
57,cdiaghg,13,12,F, 7.2655700820191198E+000, 4.5755351006561238E+000, 1.0669367529647798E-003,-4.5755351006561238E+000, 1.7513538176558683E+000, 5.0560905687659677E-017, 1.1647911619334659E-015, 3.1858032497268156E+000, 1.2285792429587943E+000, 2.3682948335066627E-004, 1.4086698738883047E-001, 1.2285792429587943E+000, 2.5749163048712453E-017, 4.8827414686343430E-016, 5.7246400370708295E-001
58,cdiaghg,13,12,F, 7.2389701073979076E+000, 4.5494294042397510E+000, 1.9510860202072902E-004,-4.5494294042397510E+000, 1.7892102237024201E+000, 4.4548287045190841E-017, 1.2057087484383503E-015, 3.1683244770045658E+000, 1.2787452316929964E+000, 1.9873408773795254E-004, 1.3436515620039191E-001, 1.2787452316929964E+000, 1.4281927374410181E-017, 4.9020827512113812E-016, 5.7387384082081550E-001
59,cdiaghg,24,12,F, 2.8252524137578039E+001, 8.3662573220980061E+000, 7.7312437180400829E-017,-5.3818337120284276E+000, 8.3662573220980061E+000, 0.0000000000000000E+000, 0.0000000000000000E+000, 6.4400132264855285E+000, 1.6456756758410682E+000, 2.6690547359116649E-017, 9.9999999999999856E-001, 1.6456756758410682E+000, 0.0000000000000000E+000, 0.0000000000000000E+000, 5.5000116787646158E-001
60,cdiaghg,17,12,F, 2.3467557271197997E+001, 1.3272400971853100E+001, 8.3727737074820925E-004,-5.3893318237039907E+000, 1.3272400971853100E+001, 0.0000000000000000E+000, 0.0000000000000000E+000, 6.3473930548451261E+000, 2.7874237827760533E+000, 1.5884932875179082E-003, 1.0000000000000000E+000, 2.7874237827760533E+000, 0.0000000000000000E+000, 0.0000000000000000E+000, 5.9870824338667761E-001
61,cdiaghg,19,12,F, 2.4056995293662116E+001, 1.3272400971853100E+001, 8.3727737074820925E-004,-5.3893318237039907E+000, 1.3272400971853100E+001, 0.0000000000000000E+000, 0.0000000000000000E+000, 6.5760319887906924E+000, 2.7874237827760533E+000, 1.5884932875179082E-003, 1.0000000000000000E+000, 2.7874237827760533E+000, 0.0000000000000000E+000, 0.0000000000000000E+000, 5.9450822429736383E-001
62,cdiaghg,21,12,F, 2.5164530106940269E+001, 1.3272400971853100E+001, 8.3727737074820925E-004,-5.3893318237039907E+000, 1.3272400971853100E+001, 0.0000000000000000E+000, 0.0000000000000000E+000, 6.8386625011383746E+000, 2.7874237827760533E+000, 1.5884932875179082E-003, 1.0000000000000000E+000, 2.7874237827760533E+000, 0.0000000000000000E+000, 0.0000000000000000E+000, 5.9557724501386355E-001
63,cdiaghg,23,12,F, 2.6050386722345095E+001, 1.3272400971853100E+001, 8.3727737074820925E-004,-5.3893318237039907E+000, 1.3272400971853100E+001, 0.0000000000000000E+000, 0.0000000000000000E+000, 7.0868542006074673E+000, 2.7874237827760533E+000, 1.5884932875179082E-003, 1.0000000000000000E+000, 2.7874237827760533E+000, 0.0000000000000000E+000, 0.0000000000000000E+000, 5.9528218180101267E-001
64,cdiaghg,24,12,F, 2.6733477084081791E+001, 1.3272400971853100E+001, 8.3727737074820925E-004,-5.3893318237039907E+000, 1.3272400971853100E+001, 0.0000000000000000E+000, 0.0000000000000000E+000, 7.2620815892128601E+000, 2.7874237827760533E+000, 1.5884932875179082E-003, 1.0000000000000000E+000, 2.7874237827760533E+000, 0.0000000000000000E+000, 0.0000000000000000E+000, 6.0065161362593134E-001
65,cdiaghg,24,12,F, 2.6720364932345031E+001, 8.5661188449757333E+000, 3.9639527843722234E-017,-5.3813176416867847E+000, 8.5661188449757333E+000, 0.0000000000000000E+000, 0.0000000000000000E+000, 6.4530018849926067E+000, 1.5550707890146482E+000, 2.1820291180302071E-017, 9.9999999999952605E-001, 1.5550707890146482E+000, 0.0000000000000000E+000, 0.0000000000000000E+000, 5.6400825006243771E-001
66,cdiaghg,17,12,F, 2.2958812319427206E+001, 1.2604649579119894E+001, 4.1788838339992512E-003,-5.3884194601805691E+000, 1.2604649579119894E+001, 0.0000000000000000E+000, 0.0000000000000000E+000, 6.1999414029520850E+000, 2.5492698390808322E+000, 3.3482702883969378E-003, 1.0000000000000000E+000, 2.5492698390808322E+000, 0.0000000000000000E+000, 0.0000000000000000E+000, 6.0783530065789104E-001
67,cdiaghg,19,12,F, 2.3853354786969085E+001, 1.2604649579119894E+001, 4.1788838339992512E-003,-5.3884194601805691E+000, 1.2604649579119894E+001, 0.0000000000000000E+000, 0.0000000000000000E+000, 6.5647267188031417E+000, 2.5492698390808322E+000, 3.3482702883969378E-003, 1.0000000000000000E+000, 2.5492698390808322E+000, 0.0000000000000000E+000, 0.0000000000000000E+000, 6.2355787024740861E-001
68,cdiaghg,21,12,F, 2.5176708180379762E+001, 1.2604649579119894E+001, 4.1788838339992512E-003,-5.3884194601805691E+000, 1.2604649579119894E+001, 0.0000000000000000E+000, 0.0000000000000000E+000, 6.9174823818696876E+000, 2.5492698390808322E+000, 3.3482702883969378E-003, 1.0000000000000000E+000, 2.5492698390808322E+000, 0.0000000000000000E+000, 0.0000000000000000E+000, 6.3312651527307617E-001
69,cdiaghg,23,12,F, 2.6513322765544647E+001, 1.2604649579119894E+001, 4.1788838339992512E-003,-5.3884194601805691E+000, 1.2604649579119894E+001, 0.0000000000000000E+000, 0.0000000000000000E+000, 7.2382886733786611E+000, 2.5492698390808322E+000, 3.3482702883969378E-003, 1.0000000000000000E+000, 2.5492698390808322E+000, 0.0000000000000000E+000, 0.0000000000000000E+000, 6.3925387053324989E-001
70,cdiaghg,24,12,F, 2.6039875308951547E+001, 8.9409792895360169E+000, 6.1249908154758706E-017,-5.3815845103387945E+000, 8.9409792895360169E+000, 0.0000000000000000E+000, 0.0000000000000000E+000, 6.9079026104607646E+000, 1.4913578839755455E+000, 4.0400781491717713E-017, 9.9999999999964262E-001, 1.4913578839755455E+000, 0.0000000000000000E+000, 0.0000000000000000E+000, 6.1260628533060479E-001
71,cdiaghg,17,12,F, 2.4833591279527052E+001, 1.3065746694921716E+001, 1.1272883289550893E-002,-5.3864796093964227E+000, 1.3065746694921716E+001, 0.0000000000000000E+000, 0.0000000000000000E+000, 7.0737942887190259E+000, 2.6182105580135655E+000, 1.0660691275124451E-002, 1.0000000000000000E+000, 2.6182105580135655E+000, 0.0000000000000000E+000, 0.0000000000000000E+000, 6.9046221550432474E-001
72,cdiaghg,19,12,F, 2.5570638180432713E+001, 1.3065746694921716E+001, 7.2208929719411964E-003,-5.3864796093964227E+000, 1.3065746694921716E+001, 0.0000000000000000E+000, 0.0000000000000000E+000, 7.3406287129521637E+000, 2.6182105580135655E+000, 9.2123088672898638E-003, 1.0000000000000000E+000, 2.6182105580135655E+000, 0.0000000000000000E+000, 0.0000000000000000E+000, 6.8793783394465347E-001
73,cdiaghg,21,12,F, 2.6764035508068396E+001, 1.3065746694921716E+001, 5.4609539786653703E-003,-5.3864796093964227E+000, 1.3065746694921716E+001, 0.0000000000000000E+000, 0.0000000000000000E+000, 7.5888357050523787E+000, 2.6182105580135655E+000, 4.6900581599361030E-003, 1.0000000000000000E+000, 2.6182105580135655E+000, 0.0000000000000000E+000, 0.0000000000000000E+000, 6.8351482711925882E-001
74,cdiaghg,22,12,F, 2.7046937792985705E+001, 1.3065746694921716E+001, 5.4609539786653703E-003,-5.3864796093964227E+000, 1.3065746694921716E+001, 0.0000000000000000E+000, 0.0000000000000000E+000, 7.6984984106490879E+000, 2.6182105580135655E+000, 4.6900581599361030E-003, 1.0000000000000000E+000, 2.6182105580135655E+000, 0.0000000000000000E+000, 0.0000000000000000E+000, 6.8031944073618777E-001
75,cdiaghg,23,12,F, 2.7641531343362875E+001, 1.3065746694921716E+001, 3.7551658220441849E-003,-5.3864796093964227E+000, 1.3065746694921716E+001, 0.0000000000000000E+000, 0.0000000000000000E+000, 7.8625151566807192E+000, 2.6182105580135655E+000, 3.6448584886477555E-003, 1.0000000000000000E+000, 2.6182105580135655E+000, 0.0000000000000000E+000, 0.0000000000000000E+000, 6.7918207201223157E-001
76,cdiaghg,24,12,F, 2.8245182245689328E+001, 1.3065746694921716E+001, 3.7551658220441849E-003,-5.3864796093964227E+000, 1.3065746694921716E+001, 0.0000000000000000E+000, 0.0000000000000000E+000, 8.0638846966685058E+000, 2.6182105580135655E+000, 1.8686292181727552E-003, 1.0000000000000000E+000, 2.6182105580135655E+000, 0.0000000000000000E+000, 0.0000000000000000E+000, 6.8096223129580891E-001
77,cdiaghg,24,12,F, 2.5999121948266605E+001, 8.8429434372289091E+000, 3.0423311977337691E-017,-5.3782128440544454E+000, 8.8429434372289091E+000, 0.0000000000000000E+000, 0.0000000000000000E+000, 7.1244914689342371E+000, 1.6860858148899873E+000, 1.9941037476358515E-017, 9.9999999999996125E-001, 1.6860858148899873E+000, 0.0000000000000000E+000, 0.0000000000000000E+000, 6.2039228803112834E-001
78,cdiaghg,18,12,F, 2.0817713171155233E+001, 9.9207466778610858E+000, 8.8384900798788718E-003,-5.3846886938341409E+000, 9.9207466778610858E+000, 0.0000000000000000E+000, 0.0000000000000000E+000, 5.9593524814921501E+000, 1.8374123216286082E+000, 7.2926139704423592E-003, 1.0000000000000000E+000, 1.8374123216286082E+000, 0.0000000000000000E+000, 0.0000000000000000E+000, 5.9755325295806372E-001
79,cdiaghg,20,12,F, 2.1921718157148391E+001, 9.9207466778610858E+000, 8.8384900798788718E-003,-5.3846886938341409E+000, 9.9207466778610858E+000, 0.0000000000000000E+000, 0.0000000000000000E+000, 6.3056440372251359E+000, 1.8374123216286082E+000, 7.2926139704423592E-003, 1.0000000000000000E+000, 1.8374123216286082E+000, 0.0000000000000000E+000, 0.0000000000000000E+000, 6.0278419907966052E-001
80,cdiaghg,21,12,F, 2.2274178409186224E+001, 9.9207466778610858E+000, 8.8384900798788718E-003,-5.3846886938341409E+000, 9.9207466778610858E+000, 0.0000000000000000E+000, 0.0000000000000000E+000, 6.4220298170517403E+000, 1.8374123216286082E+000, 7.2926139704423592E-003, 1.0000000000000000E+000, 1.8374123216286082E+000, 0.0000000000000000E+000, 0.0000000000000000E+000, 5.9735297556383493E-001
81,cdiaghg,22,12,F, 2.2656244101170138E+001, 9.9207466778610858E+000, 8.8384900798788718E-003,-5.3846886938341409E+000, 9.9207466778610858E+000, 0.0000000000000000E+000, 0.0000000000000000E+000, 6.5900527364602581E+000, 1.8374123216286082E+000, 7.2926139704423592E-003, 1.0000000000000000E+000, 1.8374123216286082E+000, 0.0000000000000000E+000, 0.0000000000000000E+000, 6.0063357248106686E-001
82,cdiaghg,23,12,F, 2.3189150752554980E+001, 9.9207466778610858E+000, 8.8384900798788718E-003,-5.3846886938341409E+000, 9.9207466778610858E+000, 0.0000000000000000E+000, 0.0000000000000000E+000, 6.7459824866133298E+000, 1.8374123216286082E+000, 7.2926139704423592E-003, 1.0000000000000000E+000, 1.8374123216286082E+000, 0.0000000000000000E+000, 0.0000000000000000E+000, 6.0214089591316744E-001
83,cdiaghg,24,12,F, 2.6327686541231895E+001, 1.0276697886737791E+001, 2.5716678369877434E-017,-5.3759727021610555E+000, 1.0276697886737791E+001, 0.0000000000000000E+000, 0.0000000000000000E+000, 7.3252391509240189E+000, 2.0058272011078899E+000, 1.4707630123248535E-017, 9.9999999999999678E-001, 2.0058272011078899E+000, 0.0000000000000000E+000, 0.0000000000000000E+000, 6.2148909733906532E-001
84,cdiaghg,18,12,F, 2.4225339652177976E+001, 1.1958126417370892E+001, 4.4682346275260751E-003,-5.3833355821989954E+000, 1.1958126417370892E+001, 0.0000000000000000E+000, 0.0000000000000000E+000, 5.7466440876088178E+000, 1.9001150581754684E+000, 6.9551965373924572E-003, 1.0000000000000000E+000, 1.9001150581754684E+000, 0.0000000000000000E+000, 0.0000000000000000E+000, 5.6361256648826630E-001
85,cdiaghg,19,12,F, 2.5111613594344899E+001, 1.1958126417370892E+001, 4.4682346275260751E-003,-5.3833355821989954E+000, 1.1958126417370892E+001, 0.0000000000000000E+000, 0.0000000000000000E+000, 5.8719043696488127E+000, 1.9001150581754684E+000, 6.9551965373924572E-003, 1.0000000000000000E+000, 1.9001150581754684E+000, 0.0000000000000000E+000, 0.0000000000000000E+000, 5.6141018657445163E-001
86,cdiaghg,24,12,F, 2.5660534157249888E+001, 7.9232090992409683E+000, 1.0683435953750078E-017,-5.3791030760547329E+000, 7.9232090992409683E+000, 0.0000000000000000E+000, 0.0000000000000000E+000, 6.9978393257440770E+000, 1.5126615011202031E+000, 1.0658325250087761E-017, 9.9999999999971567E-001, 1.5126615011202031E+000, 0.0000000000000000E+000, 0.0000000000000000E+000, 6.3559708819725569E-001
87,cdiaghg,17,12,F, 2.4773704406564597E+001, 1.4360338148204328E+001, 5.5207939529136295E-003,-5.3866550083554952E+000, 1.4360338148204328E+001, 0.0000000000000000E+000, 0.0000000000000000E+000, 7.1603941178893615E+000, 2.9498073892412342E+000, 5.9376510680330041E-003, 1.0000000000000000E+000, 2.9498073892412342E+000, 0.0000000000000000E+000, 0.0000000000000000E+000, 6.8598388187483572E-001
88,cdiaghg,19,12,F, 2.5378537058985948E+001, 1.4360338148204328E+001, 2.9935370921728289E-003,-5.3866550083554952E+000, 1.4360338148204328E+001, 0.0000000000000000E+000, 0.0000000000000000E+000, 7.4056497203934946E+000, 2.9498073892412342E+000, 2.6272687075457922E-003, 1.0000000000000000E+000, 2.9498073892412342E+000, 0.0000000000000000E+000, 0.0000000000000000E+000, 6.8132879995536022E-001
89,cdiaghg,21,12,F, 2.6122811062555485E+001, 1.4360338148204328E+001, 2.9935370921728289E-003,-5.3866550083554952E+000, 1.4360338148204328E+001, 0.0000000000000000E+000, 0.0000000000000000E+000, 7.6314040745789713E+000, 2.9498073892412342E+000, 2.6272687075457922E-003, 1.0000000000000000E+000, 2.9498073892412342E+000, 0.0000000000000000E+000, 0.0000000000000000E+000, 6.7632104963062878E-001
90,cdiaghg,22,12,F, 2.6642226340981143E+001, 1.4360338148204328E+001, 2.9935370921728289E-003,-5.3866550083554952E+000, 1.4360338148204328E+001, 0.0000000000000000E+000, 0.0000000000000000E+000, 7.7475561867862384E+000, 2.9498073892412342E+000, 2.6272687075457922E-003, 1.0000000000000000E+000, 2.9498073892412342E+000, 0.0000000000000000E+000, 0.0000000000000000E+000, 6.7438450278448658E-001
91,cdiaghg,24,12,F, 2.4352856113468523E+001, 7.7894674496969660E+000, 1.0389452695246741E-016,-5.3803291894387559E+000, 7.7894674496969660E+000, 0.0000000000000000E+000, 0.0000000000000000E+000, 7.6484489685075276E+000, 1.8299526749699053E+000, 8.1386254286104483E-018, 9.9999999999997879E-001, 1.8299526749699053E+000, 0.0000000000000000E+000, 0.0000000000000000E+000, 6.8164848428237967E-001
92,cdiaghg,17,12,F, 2.3865207297090521E+001, 1.4382693555858584E+001, 7.3928566624189927E-003,-5.3851014736751601E+000, 1.4382693555858584E+001, 0.0000000000000000E+000, 0.0000000000000000E+000, 6.7176545587666379E+000, 3.0142515657968083E+000, 6.7375893105711239E-003, 1.0000000000000000E+000, 3.0142515657968083E+000, 0.0000000000000000E+000, 0.0000000000000000E+000, 6.6328318446100587E-001
93,cdiaghg,19,12,F, 2.4648313764560541E+001, 1.4382693555858584E+001, 7.3928566624189927E-003,-5.3851014736751601E+000, 1.4382693555858584E+001, 0.0000000000000000E+000, 0.0000000000000000E+000, 7.0717065000208761E+000, 3.0142515657968083E+000, 6.7375893105711239E-003, 1.0000000000000000E+000, 3.0142515657968083E+000, 0.0000000000000000E+000, 0.0000000000000000E+000, 6.6830367705436333E-001
94,cdiaghg,20,12,F, 2.5114120028386356E+001, 1.4382693555858584E+001, 7.3928566624189927E-003,-5.3851014736751601E+000, 1.4382693555858584E+001, 0.0000000000000000E+000, 0.0000000000000000E+000, 7.1888235953358066E+000, 3.0142515657968083E+000, 5.7125552112089178E-003, 1.0000000000000000E+000, 3.0142515657968083E+000, 0.0000000000000000E+000, 0.0000000000000000E+000, 6.6575798501096439E-001
95,cdiaghg,24,12,F, 2.4380498629816657E+001, 8.2066855277970614E+000, 6.1747918052488275E-018,-5.3783290236701351E+000, 8.2066855277970614E+000, 0.0000000000000000E+000, 0.0000000000000000E+000, 7.9492407930508051E+000, 1.7025524977404984E+000, 2.1023730289448570E-017, 9.9999999999999833E-001, 1.7025524977404984E+000, 0.0000000000000000E+000, 0.0000000000000000E+000, 6.9245629122614860E-001
96,cdiaghg,18,12,F, 2.8366081398494106E+001, 1.3243246053136914E+001, 1.0767411826528203E-002,-5.3839428750165830E+000, 1.3243246053136914E+001, 0.0000000000000000E+000, 0.0000000000000000E+000, 7.0232225895815432E+000, 2.7264916556438545E+000, 6.1158177541747009E-003, 1.0000000000000000E+000, 2.7264916556438545E+000, 0.0000000000000000E+000, 0.0000000000000000E+000, 6.7705201398017034E-001
97,cdiaghg,20,12,F, 2.9211614207450868E+001, 1.3243246053136914E+001, 1.0767411826528203E-002,-5.3839428750165830E+000, 1.3243246053136914E+001, 0.0000000000000000E+000, 0.0000000000000000E+000, 7.3995813596504956E+000, 2.7264916556438545E+000, 6.1158177541747009E-003, 1.0000000000000000E+000, 2.7264916556438545E+000, 0.0000000000000000E+000, 0.0000000000000000E+000, 6.8077553671730784E-001
98,cdiaghg,21,12,F, 2.9560686367712741E+001, 1.3243246053136914E+001, 1.0767411826528203E-002,-5.3839428750165830E+000, 1.3243246053136914E+001, 0.0000000000000000E+000, 0.0000000000000000E+000, 7.5190681401095247E+000, 2.7264916556438545E+000, 6.1158177541747009E-003, 1.0000000000000000E+000, 2.7264916556438545E+000, 0.0000000000000000E+000, 0.0000000000000000E+000, 6.7867919473717053E-001
99,cdiaghg,24,12,F, 2.2662691301709451E+001, 8.2653733097571500E+000, 5.2555849284724557E-017,-5.3796097793431352E+000, 8.2653733097571500E+000, 0.0000000000000000E+000, 0.0000000000000000E+000, 7.7108777877707162E+000, 1.6231323858449254E+000, 3.7850923943325416E-017, 9.9999999999999722E-001, 1.6231323858449254E+000, 0.0000000000000000E+000, 0.0000000000000000E+000, 6.8523250598426444E-001
100,cdiaghg,18,12,F, 2.4382852587863649E+001, 1.1932120252433235E+001, 4.1949978299589434E-003,-5.3842715635641767E+000, 1.1932120252433235E+001, 0.0000000000000000E+000, 0.0000000000000000E+000, 6.8114474683759267E+000, 2.4142624864894362E+000, 3.5979626860659594E-003, 1.0000000000000000E+000, 2.4142624864894362E+000, 0.0000000000000000E+000, 0.0000000000000000E+000, 6.5933790054668140E-001
101,cdiaghg,20,12,F, 2.5214032909637691E+001, 1.1932120252433235E+001, 4.1949978299589434E-003,-5.3842715635641767E+000, 1.1932120252433235E+001, 0.0000000000000000E+000, 0.0000000000000000E+000, 7.2522572245122205E+000, 2.4142624864894362E+000, 3.5979626860659594E-003, 1.0000000000000000E+000, 2.4142624864894362E+000, 0.0000000000000000E+000, 0.0000000000000000E+000, 6.6855542451987959E-001
102,cdiaghg,24,12,F, 2.2958132158304991E+001, 8.5923737562553573E+000, 2.5363306622432586E-017,-5.3769525358122330E+000, 8.5923737562553573E+000, 0.0000000000000000E+000, 0.0000000000000000E+000, 7.8276569505421829E+000, 1.6397917080741538E+000, 3.5172389008226802E-017, 9.9999999999999867E-001, 1.6397917080741538E+000, 0.0000000000000000E+000, 0.0000000000000000E+000, 6.8989995105402502E-001
103,cdiaghg,18,12,F, 2.5004926910650585E+001, 1.1588449027185712E+001, 9.6065747188872428E-003,-5.3832740767952512E+000, 1.1588449027185712E+001, 0.0000000000000000E+000, 0.0000000000000000E+000, 6.1235060105556638E+000, 2.1362362054951824E+000, 5.1633028322364827E-003, 1.0000000000000000E+000, 2.1362362054951824E+000, 0.0000000000000000E+000, 0.0000000000000000E+000, 6.0019798765494492E-001
104,cdiaghg,20,12,F, 2.5981344236181478E+001, 1.1588449027185712E+001, 9.6065747188872428E-003,-5.3832740767952512E+000, 1.1588449027185712E+001, 0.0000000000000000E+000, 0.0000000000000000E+000, 6.5876904650114909E+000, 2.1362362054951824E+000, 5.1633028322364827E-003, 1.0000000000000000E+000, 2.1362362054951824E+000, 0.0000000000000000E+000, 0.0000000000000000E+000, 6.2202735107130669E-001
105,cdiaghg,24,12,F, 2.7080295364906814E+001, 9.5439126391978562E+000, 2.3783869900069111E-017,-5.3819091095242442E+000, 9.5439126391978562E+000, 0.0000000000000000E+000, 0.0000000000000000E+000, 6.5318157515722701E+000, 1.8050238540060242E+000, 1.2761907643272161E-017, 9.9999999999873124E-001, 1.8050238540060242E+000, 0.0000000000000000E+000, 0.0000000000000000E+000, 5.6958660787704962E-001
106,cdiaghg,17,12,F, 2.1894554646025473E+001, 1.1618130814222942E+001, 4.0074300995061960E-003,-5.3875899440404762E+000, 1.1618130814222942E+001, 0.0000000000000000E+000, 0.0000000000000000E+000, 6.1293346646181428E+000, 2.5339068758378014E+000, 4.8054991183904541E-003, 1.0000000000000000E+000, 2.5339068758378014E+000, 0.0000000000000000E+000, 0.0000000000000000E+000, 5.8679342380767163E-001
107,cdiaghg,19,12,F, 2.2614482213435792E+001, 1.1618130814222942E+001, 4.0074300995061960E-003,-5.3875899440404762E+000, 1.1618130814222942E+001, 0.0000000000000000E+000, 0.0000000000000000E+000, 6.3747637659222081E+000, 2.5339068758378014E+000, 4.8054991183904541E-003, 1.0000000000000000E+000, 2.5339068758378014E+000, 0.0000000000000000E+000, 0.0000000000000000E+000, 5.8392498476339383E-001
108,cdiaghg,21,12,F, 2.3462075761337157E+001, 1.1618130814222942E+001, 4.0074300995061960E-003,-5.3875899440404762E+000, 1.1618130814222942E+001, 0.0000000000000000E+000, 0.0000000000000000E+000, 6.6608987058969724E+000, 2.5339068758378014E+000, 4.8054991183904541E-003, 1.0000000000000000E+000, 2.5339068758378014E+000, 0.0000000000000000E+000, 0.0000000000000000E+000, 5.8910538112711530E-001
109,cdiaghg,23,12,F, 2.5013883588111508E+001, 1.1618130814222942E+001, 4.0074300995061960E-003,-5.3875899440404762E+000, 1.1618130814222942E+001, 0.0000000000000000E+000, 0.0000000000000000E+000, 7.0681399450350044E+000, 2.5339068758378014E+000, 4.8054991183904541E-003, 1.0000000000000000E+000, 2.5339068758378014E+000, 0.0000000000000000E+000, 0.0000000000000000E+000, 6.1161483714509080E-001
110,cdiaghg,14,12,F, 1.1386657422425410E+001, 5.3877402301817501E+000, 1.0700451827202655E-002,-5.3877402301817501E+000, 4.4457766311483189E+000, 0.0000000000000000E+000, 0.0000000000000000E+000, 3.8831041010017251E+000, 1.0883549949188818E+000, 9.6664576189304952E-003, 1.0000000000000000E+000, 1.0883549949188818E+000, 0.0000000000000000E+000, 0.0000000000000000E+000, 2.3522562586180479E-001
111,cdiaghg,15,12,F, 1.2017500470313976E+001, 5.3877402301817501E+000, 7.0500700546795138E-003,-5.3877402301817501E+000, 4.4457766311483189E+000, 0.0000000000000000E+000, 0.0000000000000000E+000, 4.1281097915632703E+000, 1.1139174210364922E+000, 4.8859829366594198E-003, 1.0000000000000000E+000, 1.1139174210364922E+000, 0.0000000000000000E+000, 0.0000000000000000E+000, 3.0345710471927045E-001
112,cdiaghg,24,12,F, 2.4796376502220610E+001, 7.8886112155910855E+000, 1.1014732784253053E-017,-5.3765838779704929E+000, 7.8886112155910855E+000, 0.0000000000000000E+000, 0.0000000000000000E+000, 7.2142881953523785E+000, 1.6450871596974865E+000, 2.4491732638300404E-017, 9.9999999999996159E-001, 1.6450871596974865E+000, 0.0000000000000000E+000, 0.0000000000000000E+000, 6.4633697780258781E-001
113,cdiaghg,17,12,F, 2.6733609951972571E+001, 1.6703677447052421E+001, 7.2408045983283695E-003,-5.3854483530442288E+000, 1.6703677447052421E+001, 0.0000000000000000E+000, 0.0000000000000000E+000, 7.1318775411735240E+000, 3.5847109593611313E+000, 7.0634066077181938E-003, 1.0000000000000000E+000, 3.5847109593611313E+000, 0.0000000000000000E+000, 0.0000000000000000E+000, 6.8049539755582400E-001
114,cdiaghg,19,12,F, 2.7324654142321084E+001, 1.6703677447052421E+001, 5.3584265879252468E-004,-5.3854483530442288E+000, 1.6703677447052421E+001, 0.0000000000000000E+000, 0.0000000000000000E+000, 7.3987590763852813E+000, 3.5847109593611313E+000, 2.3832789204882503E-003, 1.0000000000000000E+000, 3.5847109593611313E+000, 0.0000000000000000E+000, 0.0000000000000000E+000, 6.7861609854269700E-001
115,cdiaghg,21,12,F, 2.7980180117611699E+001, 1.6703677447052421E+001, 5.3584265879252468E-004,-5.3854483530442288E+000, 1.6703677447052421E+001, 0.0000000000000000E+000, 0.0000000000000000E+000, 7.6316734486783888E+000, 3.5847109593611313E+000, 2.3832789204882503E-003, 1.0000000000000000E+000, 3.5847109593611313E+000, 0.0000000000000000E+000, 0.0000000000000000E+000, 6.7360949756746380E-001
116,cdiaghg,24,12,F, 2.3858991449337999E+001, 1.0078307986170907E+001, 4.0810943676697708E-017,-5.3765852219289840E+000, 1.0078307986170907E+001, 0.0000000000000000E+000, 0.0000000000000000E+000, 7.5086289704003875E+000, 1.9452285476076354E+000, 7.1468132363265380E-018, 9.9999999999999778E-001, 1.9452285476076354E+000, 0.0000000000000000E+000, 0.0000000000000000E+000, 6.5656632967390138E-001
117,cdiaghg,18,12,F, 2.8307104687621560E+001, 1.6778398845244730E+001, 6.3753833383465878E-003,-5.3845365602406634E+000, 1.6778398845244730E+001, 0.0000000000000000E+000, 0.0000000000000000E+000, 7.0866777145205946E+000, 3.3842929068783860E+000, 5.2545715618791799E-003, 1.0000000000000000E+000, 3.3842929068783860E+000, 0.0000000000000000E+000, 0.0000000000000000E+000, 6.7241992178684173E-001
118,cdiaghg,20,12,F, 2.8945839497074058E+001, 1.6778398845244730E+001, 6.3753833383465878E-003,-5.3845365602406634E+000, 1.6778398845244730E+001, 0.0000000000000000E+000, 0.0000000000000000E+000, 7.4211128350063200E+000, 3.3842929068783860E+000, 5.2545715618791799E-003, 1.0000000000000000E+000, 3.3842929068783860E+000, 0.0000000000000000E+000, 0.0000000000000000E+000, 6.7515946820006101E-001
119,cdiaghg,21,12,F, 2.9426193487409041E+001, 1.6778398845244730E+001, 6.3753833383465878E-003,-5.3845365602406634E+000, 1.6778398845244730E+001, 0.0000000000000000E+000, 0.0000000000000000E+000, 7.6106392716153257E+000, 3.3842929068783860E+000, 5.2545715618791799E-003, 1.0000000000000000E+000, 3.3842929068783860E+000, 0.0000000000000000E+000, 0.0000000000000000E+000, 6.7780027326955306E-001
120,cdiaghg,24,12,F, 2.4145177178315734E+001, 1.0302073061585640E+001, 2.7364396200584637E-017,-5.3784673687935758E+000, 1.0302073061585640E+001, 0.0000000000000000E+000, 0.0000000000000000E+000, 7.5744244395411471E+000, 2.0097733956708703E+000, 1.3226910908694115E-017, 9.9999999999999756E-001, 2.0097733956708703E+000, 0.0000000000000000E+000, 0.0000000000000000E+000, 6.6780882714559975E-001
121,cdiaghg,18,12,F, 2.7350723317347530E+001, 1.6386001181560371E+001, 8.9670723365675511E-003,-5.3837556622171974E+000, 1.6386001181560371E+001, 0.0000000000000000E+000, 0.0000000000000000E+000, 7.0029724557253070E+000, 3.2991415004946800E+000, 9.5300993790460205E-003, 1.0000000000000000E+000, 3.2991415004946800E+000, 0.0000000000000000E+000, 0.0000000000000000E+000, 6.6068348900128815E-001
122,cdiaghg,20,12,F, 2.8303443128820579E+001, 1.6386001181560371E+001, 5.2315981480075590E-003,-5.3837556622171974E+000, 1.6386001181560371E+001, 0.0000000000000000E+000, 0.0000000000000000E+000, 7.3951937513339594E+000, 3.2991415004946800E+000, 6.5787312832858609E-003, 1.0000000000000000E+000, 3.2991415004946800E+000, 0.0000000000000000E+000, 0.0000000000000000E+000, 6.6791337252746386E-001
123,cdiaghg,21,12,F, 2.8926618839374605E+001, 1.6386001181560371E+001, 3.5861216231205502E-003,-5.3837556622171974E+000, 1.6386001181560371E+001, 0.0000000000000000E+000, 0.0000000000000000E+000, 7.5999500120511660E+000, 3.2991415004946800E+000, 4.0451442668153342E-003, 1.0000000000000000E+000, 3.2991415004946800E+000, 0.0000000000000000E+000, 0.0000000000000000E+000, 6.7209756472553095E-001
124,cdiaghg,24,12,F, 2.3782026031946771E+001, 8.0890540993981670E+000, 7.8824537068019239E-017,-5.3779654796897862E+000, 8.0890540993981670E+000, 0.0000000000000000E+000, 0.0000000000000000E+000, 7.5217471639623614E+000, 1.6156678214190978E+000, 2.1152673377022923E-017, 9.9999999999999911E-001, 1.6156678214190978E+000, 0.0000000000000000E+000, 0.0000000000000000E+000, 6.6876790561491328E-001
125,cdiaghg,17,12,F, 2.2375213261112201E+001, 1.3554809866658005E+001, 4.3984168754741685E-003,-5.3846973264765197E+000, 1.3554809866658005E+001, 0.0000000000000000E+000, 0.0000000000000000E+000, 6.1169053157911515E+000, 2.6618948073082489E+000, 2.9702426606220017E-003, 1.0000000000000000E+000, 2.6618948073082489E+000, 0.0000000000000000E+000, 0.0000000000000000E+000, 5.8962674548130389E-001
126,cdiaghg,19,12,F, 2.2961811838451705E+001, 1.3554809866658005E+001, 2.8363959970863842E-003,-5.3846973264765197E+000, 1.3554809866658005E+001, 0.0000000000000000E+000, 0.0000000000000000E+000, 6.4370165231303611E+000, 2.6618948073082489E+000, 5.3310460433983551E-004, 1.0000000000000000E+000, 2.6618948073082489E+000, 0.0000000000000000E+000, 0.0000000000000000E+000, 5.9401687457209906E-001
127,cdiaghg,24,12,F, 2.3381176380934164E+001, 9.2326071546581261E+000, 4.5251083469605552E-017,-5.3778213890543771E+000, 9.2326071546581261E+000, 0.0000000000000000E+000, 0.0000000000000000E+000, 7.8375004489437909E+000, 1.8214360304125077E+000, 2.9637656976869396E-018, 9.9999999999999822E-001, 1.8214360304125077E+000, 0.0000000000000000E+000, 0.0000000000000000E+000, 6.9682292402117607E-001
128,cdiaghg,18,12,F, 2.6685472669703234E+001, 1.2301519142391557E+001, 1.2841769250632889E-002,-5.3834717470282580E+000, 1.2301519142391557E+001, 0.0000000000000000E+000, 0.0000000000000000E+000, 6.5182150245494377E+000, 2.2508097988125852E+000, 4.9452697698416526E-003, 1.0000000000000000E+000, 2.2508097988125852E+000, 0.0000000000000000E+000, 0.0000000000000000E+000, 6.3021038365153370E-001
129,cdiaghg,20,12,F, 2.7394471449036761E+001, 1.2301519142391557E+001, 1.1800259219844133E-002,-5.3834717470282580E+000, 1.2301519142391557E+001, 0.0000000000000000E+000, 0.0000000000000000E+000, 6.9867291149864448E+000, 2.2508097988125852E+000, 4.9452697698416526E-003, 1.0000000000000000E+000, 2.2508097988125852E+000, 0.0000000000000000E+000, 0.0000000000000000E+000, 6.4834837155912239E-001
130,cdiaghg,24,12,F, 2.5369671366119423E+001, 9.3398020056432607E+000, 8.5154676649661966E-017,-5.3810415071877671E+000, 9.3398020056432607E+000, 0.0000000000000000E+000, 0.0000000000000000E+000, 7.2497848870430834E+000, 1.7783025362961411E+000, 2.2218031787518639E-017, 9.9999999999996447E-001, 1.7783025362961411E+000, 0.0000000000000000E+000, 0.0000000000000000E+000, 6.3515083892057511E-001
131,cdiaghg,17,12,F, 2.1400476618808373E+001, 1.3238919118253197E+001, 5.4177914632869669E-003,-5.3860091624918809E+000, 1.3238919118253197E+001, 0.0000000000000000E+000, 0.0000000000000000E+000, 6.4897025296610540E+000, 2.6560922049725835E+000, 6.5164406803444276E-003, 1.0000000000000000E+000, 2.6560922049725835E+000, 0.0000000000000000E+000, 0.0000000000000000E+000, 6.2764016606461337E-001
132,cdiaghg,19,12,F, 2.2329466189760666E+001, 1.3238919118253197E+001, 5.4177914632869669E-003,-5.3860091624918809E+000, 1.3238919118253197E+001, 0.0000000000000000E+000, 0.0000000000000000E+000, 6.8644236711389430E+000, 2.6560922049725835E+000, 6.5164406803444276E-003, 1.0000000000000000E+000, 2.6560922049725835E+000, 0.0000000000000000E+000, 0.0000000000000000E+000, 6.3672140249414599E-001
133,cdiaghg,20,12,F, 2.3016380797157026E+001, 1.3238919118253197E+001, 5.4177914632869669E-003,-5.3860091624918809E+000, 1.3238919118253197E+001, 0.0000000000000000E+000, 0.0000000000000000E+000, 7.0204841703178147E+000, 2.6560922049725835E+000, 6.5164406803444276E-003, 1.0000000000000000E+000, 2.6560922049725835E+000, 0.0000000000000000E+000, 0.0000000000000000E+000, 6.3742869505162059E-001
134,cdiaghg,21,12,F, 2.3921931777523582E+001, 1.3238919118253197E+001, 5.4177914632869669E-003,-5.3860091624918809E+000, 1.3238919118253197E+001, 0.0000000000000000E+000, 0.0000000000000000E+000, 7.1981224721970660E+000, 2.6560922049725835E+000, 6.5164406803444276E-003, 1.0000000000000000E+000, 2.6560922049725835E+000, 0.0000000000000000E+000, 0.0000000000000000E+000, 6.3880352026609855E-001
135,cdiaghg,24,12,F, 2.4050955949634520E+001, 8.6782621079182505E+000, 3.3465023508432641E-017,-5.3774660195057367E+000, 8.6782621079182505E+000, 0.0000000000000000E+000, 0.0000000000000000E+000, 8.1098801388598147E+000, 1.7422301682892909E+000, 2.6781822636539770E-017, 9.9999999999999845E-001, 1.7422301682892909E+000, 0.0000000000000000E+000, 0.0000000000000000E+000, 7.0722506673868712E-001
136,cdiaghg,18,12,F, 2.8123741223632639E+001, 1.2160691428028587E+001, 4.9009318838521467E-003,-5.3830395846905983E+000, 1.2160691428028587E+001, 0.0000000000000000E+000, 0.0000000000000000E+000, 6.7832133718144503E+000, 2.8972534326610218E+000, 4.1799686388578729E-003, 1.0000000000000000E+000, 2.8972534326610218E+000, 0.0000000000000000E+000, 0.0000000000000000E+000, 6.2452294586107959E-001
137,cdiaghg,20,12,F, 2.9342890559053707E+001, 1.2160691428028587E+001, 4.9009318838521467E-003,-5.3830395846905983E+000, 1.2160691428028587E+001, 0.0000000000000000E+000, 0.0000000000000000E+000, 7.3680173136619187E+000, 2.8972534326610218E+000, 4.1799686388578729E-003, 1.0000000000000000E+000, 2.8972534326610218E+000, 0.0000000000000000E+000, 0.0000000000000000E+000, 6.4345783442562376E-001
138,cdiaghg,24,12,F, 2.3596532638373318E+001, 7.9322137015460283E+000, 4.7784579033329444E-017,-5.3798699813017326E+000, 7.9322137015460283E+000, 0.0000000000000000E+000, 0.0000000000000000E+000, 7.8639831483583862E+000, 1.5955169660719655E+000, 1.0831473361273719E-017, 9.9999999999999756E-001, 1.5955169660719655E+000, 0.0000000000000000E+000, 0.0000000000000000E+000, 6.9543558518564730E-001
139,cdiaghg,18,12,F, 2.3482931924560823E+001, 1.1774951901501899E+001, 1.1083877620669041E-002,-5.3843879356490412E+000, 1.1774951901501899E+001, 0.0000000000000000E+000, 0.0000000000000000E+000, 6.2184993577007903E+000, 2.4890323655923181E+000, 8.5319351488291201E-003, 1.0000000000000000E+000, 2.4890323655923181E+000, 0.0000000000000000E+000, 0.0000000000000000E+000, 6.0117803775397716E-001
140,cdiaghg,20,12,F, 2.4653287959791722E+001, 1.1774951901501899E+001, 9.6660429818825611E-003,-5.3843879356490412E+000, 1.1774951901501899E+001, 0.0000000000000000E+000, 0.0000000000000000E+000, 6.7202384455910789E+000, 2.4890323655923181E+000, 7.2680964305619801E-003, 1.0000000000000000E+000, 2.4890323655923181E+000, 0.0000000000000000E+000, 0.0000000000000000E+000, 6.2167925449282180E-001
141,cdiaghg,24,12,F, 2.3442605456000425E+001, 8.5142085131264977E+000, 1.5503110545577000E-017,-5.3768023668251193E+000, 8.5142085131264977E+000, 0.0000000000000000E+000, 0.0000000000000000E+000, 7.9446195244077691E+000, 1.6030727296962526E+000, 1.4071365269830530E-017, 9.9999999999999800E-001, 1.6030727296962526E+000, 0.0000000000000000E+000, 0.0000000000000000E+000, 6.9873311814967243E-001
142,cdiaghg,18,12,F, 2.7433012362398269E+001, 1.3460567400648749E+001, 4.6520408056132390E-003,-5.3836565895254100E+000, 1.3460567400648749E+001, 0.0000000000000000E+000, 0.0000000000000000E+000, 6.3208608241599489E+000, 2.5039085171264572E+000, 6.8607087158945729E-004, 1.0000000000000000E+000, 2.5039085171264572E+000, 0.0000000000000000E+000, 0.0000000000000000E+000, 6.1914716421060334E-001
143,cdiaghg,19,12,F, 2.7758129369189700E+001, 1.3460567400648749E+001, 4.6520408056132390E-003,-5.3836565895254100E+000, 1.3460567400648749E+001, 0.0000000000000000E+000, 0.0000000000000000E+000, 6.5226621398919358E+000, 2.5039085171264572E+000, 6.8607087158945729E-004, 1.0000000000000000E+000, 2.5039085171264572E+000, 0.0000000000000000E+000, 0.0000000000000000E+000, 6.2378220608476731E-001
144,cdiaghg,24,12,F, 2.3766132954666048E+001, 9.0288823968663863E+000, 7.9743718936283659E-017,-5.3788263274365500E+000, 9.0288823968663863E+000, 0.0000000000000000E+000, 0.0000000000000000E+000, 7.9135057222979412E+000, 1.8162747112367195E+000, 2.6192598835760062E-017, 9.9999999999999778E-001, 1.8162747112367195E+000, 0.0000000000000000E+000, 0.0000000000000000E+000, 6.9707411551522624E-001
145,cdiaghg,18,12,F, 2.6344152329985832E+001, 1.0771014472869638E+001, 6.0541553724774563E-003,-5.3845548971300179E+000, 1.0771014472869638E+001, 0.0000000000000000E+000, 0.0000000000000000E+000, 6.1203516188689413E+000, 2.0965510399569478E+000, 5.7942058055100078E-003, 1.0000000000000000E+000, 2.0965510399569478E+000, 0.0000000000000000E+000, 0.0000000000000000E+000, 6.0450894425593960E-001
146,cdiaghg,20,12,F, 2.7309197264056369E+001, 1.0771014472869638E+001, 6.0541553724774563E-003,-5.3845548971300179E+000, 1.0771014472869638E+001, 0.0000000000000000E+000, 0.0000000000000000E+000, 6.6880443427777605E+000, 2.0965510399569478E+000, 5.7942058055100078E-003, 1.0000000000000000E+000, 2.0965510399569478E+000, 0.0000000000000000E+000, 0.0000000000000000E+000, 6.3268350052319833E-001
147,cdiaghg,21,12,F, 2.8096369442473236E+001, 1.0771014472869638E+001, 6.0541553724774563E-003,-5.3845548971300179E+000, 1.0771014472869638E+001, 0.0000000000000000E+000, 0.0000000000000000E+000, 6.8901990541913394E+000, 2.0965510399569478E+000, 5.7942058055100078E-003, 1.0000000000000000E+000, 2.0965510399569478E+000, 0.0000000000000000E+000, 0.0000000000000000E+000, 6.3883654431215842E-001
148,cdiaghg,24,12,F, 2.4979181302107527E+001, 8.9563270809036908E+000, 6.3836582319879753E-018,-5.3792717852329623E+000, 8.9563270809036908E+000, 0.0000000000000000E+000, 0.0000000000000000E+000, 6.8132668507824796E+000, 1.6072211015226838E+000, 6.5604329736614723E-018, 9.9999999999999822E-001, 1.6072211015226838E+000, 0.0000000000000000E+000, 0.0000000000000000E+000, 5.9346240917112414E-001
149,cdiaghg,17,12,F, 2.2571038379283660E+001, 1.3022309036879975E+001, 8.0106897031353170E-003,-5.3855683720809058E+000, 1.3022309036879975E+001, 0.0000000000000000E+000, 0.0000000000000000E+000, 6.0076034975577599E+000, 2.9595501184717641E+000, 6.6532194318115554E-003, 1.0000000000000000E+000, 2.9595501184717641E+000, 0.0000000000000000E+000, 0.0000000000000000E+000, 5.8285387951776990E-001
150,cdiaghg,19,12,F, 2.3250015573553423E+001, 1.3022309036879975E+001, 4.9397839727664860E-003,-5.3855683720809058E+000, 1.3022309036879975E+001, 0.0000000000000000E+000, 0.0000000000000000E+000, 6.3764633330163303E+000, 2.9595501184717641E+000, 5.2152825564193324E-003, 1.0000000000000000E+000, 2.9595501184717641E+000, 0.0000000000000000E+000, 0.0000000000000000E+000, 5.9392286054491794E-001
151,cdiaghg,24,12,F, 2.3141072110743377E+001, 9.0017671003115503E+000, 2.1959053415175888E-017,-5.3783537468489531E+000, 9.0017671003115503E+000, 0.0000000000000000E+000, 0.0000000000000000E+000, 7.5223816842012532E+000, 1.6828758755010580E+000, 1.8562548417521512E-017, 9.9999999999999811E-001, 1.6828758755010580E+000, 0.0000000000000000E+000, 0.0000000000000000E+000, 6.7362220865083777E-001
152,cdiaghg,18,12,F, 2.4539507972452519E+001, 1.1374096214346775E+001, 6.6126161319184518E-003,-5.3832219929646179E+000, 1.1374096214346775E+001, 0.0000000000000000E+000, 0.0000000000000000E+000, 6.0775629967975435E+000, 2.1853909390535686E+000, 3.7991219967733556E-003, 1.0000000000000000E+000, 2.1853909390535686E+000, 0.0000000000000000E+000, 0.0000000000000000E+000, 5.8448288060935027E-001
153,cdiaghg,20,12,F, 2.5171491052333135E+001, 1.1374096214346775E+001, 6.6126161319184518E-003,-5.3832219929646179E+000, 1.1374096214346775E+001, 0.0000000000000000E+000, 0.0000000000000000E+000, 6.4286170712318018E+000, 2.1853909390535686E+000, 3.7991219967733556E-003, 1.0000000000000000E+000, 2.1853909390535686E+000, 0.0000000000000000E+000, 0.0000000000000000E+000, 5.9461326273489989E-001
154,cdiaghg,24,12,F, 2.3197500209339079E+001, 9.9324728943125642E+000, 5.8206063257018744E-018,-5.3761804600231322E+000, 9.9324728943125642E+000, 0.0000000000000000E+000, 0.0000000000000000E+000, 7.9303017634310553E+000, 1.9592979882311230E+000, 1.1542395735688736E-017, 9.9999999999999845E-001, 1.9592979882311230E+000, 0.0000000000000000E+000, 0.0000000000000000E+000, 6.9716627048411628E-001
155,cdiaghg,18,12,F, 2.9052353928842031E+001, 1.3511564662186426E+001, 4.3177532581430604E-003,-5.3826458746882428E+000, 1.3511564662186426E+001, 0.0000000000000000E+000, 0.0000000000000000E+000, 6.7396737462334126E+000, 2.9519421000392772E+000, 5.7098931603002711E-003, 1.0000000000000000E+000, 2.9519421000392772E+000, 0.0000000000000000E+000, 0.0000000000000000E+000, 6.2539665311785742E-001
156,cdiaghg,20,12,F, 2.9826152257120771E+001, 1.3511564662186426E+001, 4.3177532581430604E-003,-5.3826458746882428E+000, 1.3511564662186426E+001, 0.0000000000000000E+000, 0.0000000000000000E+000, 7.1197736771272631E+000, 2.9519421000392772E+000, 5.7098931603002711E-003, 1.0000000000000000E+000, 2.9519421000392772E+000, 0.0000000000000000E+000, 0.0000000000000000E+000, 6.3518103878791832E-001
157,cdiaghg,24,12,F, 2.3413462368748313E+001, 9.8804413527819470E+000, 2.7891326478873906E-017,-5.3761041210344986E+000, 9.8804413527819470E+000, 0.0000000000000000E+000, 0.0000000000000000E+000, 7.9660855602599172E+000, 1.9148393942891415E+000, 2.0577797627158929E-017, 9.9999999999999867E-001, 1.9148393942891415E+000, 0.0000000000000000E+000, 0.0000000000000000E+000, 6.9214205910503201E-001
158,cdiaghg,18,12,F, 2.7373893136443986E+001, 1.3764035069761745E+001, 8.0152303949627985E-003,-5.3821615232062499E+000, 1.3764035069761745E+001, 0.0000000000000000E+000, 0.0000000000000000E+000, 6.4724305198855498E+000, 2.6012796356368830E+000, 2.4046770147258035E-003, 1.0000000000000000E+000, 2.6012796356368830E+000, 0.0000000000000000E+000, 0.0000000000000000E+000, 5.9939854239327472E-001
159,cdiaghg,20,12,F, 2.8362535700452025E+001, 1.3764035069761745E+001, 8.0152303949627985E-003,-5.3821615232062499E+000, 1.3764035069761745E+001, 0.0000000000000000E+000, 0.0000000000000000E+000, 6.9092287275612305E+000, 2.6012796356368830E+000, 2.4046770147258035E-003, 1.0000000000000000E+000, 2.6012796356368830E+000, 0.0000000000000000E+000, 0.0000000000000000E+000, 6.1433214937458214E-001
160,cdiaghg,24,12,F, 2.2732152607912703E+001, 8.6967178821687074E+000, 1.4829730556900930E-017,-5.3785651481050198E+000, 8.6967178821687074E+000, 0.0000000000000000E+000, 0.0000000000000000E+000, 7.8491072996368993E+000, 1.7407543637078886E+000, 3.7755123266397418E-017, 9.9999999999999722E-001, 1.7407543637078886E+000, 0.0000000000000000E+000, 0.0000000000000000E+000, 6.9565050894429292E-001
161,cdiaghg,18,12,F, 2.7254094571554372E+001, 1.2881742504005182E+001, 5.2893438418285801E-003,-5.3835789993928334E+000, 1.2881742504005182E+001, 0.0000000000000000E+000, 0.0000000000000000E+000, 6.3298036616167694E+000, 2.8850719516349832E+000, 4.5185426928403376E-003, 1.0000000000000000E+000, 2.8850719516349832E+000, 0.0000000000000000E+000, 0.0000000000000000E+000, 5.9712172825816845E-001
162,cdiaghg,19,12,F, 2.7858026439065302E+001, 1.2881742504005182E+001, 5.2893438418285801E-003,-5.3835789993928334E+000, 1.2881742504005182E+001, 0.0000000000000000E+000, 0.0000000000000000E+000, 6.7266053501302130E+000, 2.8850719516349832E+000, 4.5185426928403376E-003, 1.0000000000000000E+000, 2.8850719516349832E+000, 0.0000000000000000E+000, 0.0000000000000000E+000, 6.2216724579076399E-001
163,cdiaghg,24,12,F, 2.3582677679042952E+001, 9.8585365037668549E+000, 2.7901768737884467E-018,-5.3756164928560430E+000, 9.8585365037668549E+000, 0.0000000000000000E+000, 0.0000000000000000E+000, 7.6534428352560049E+000, 1.8879930771543940E+000, 2.2582843332715746E-017, 9.9999999999999700E-001, 1.8879930771543940E+000, 0.0000000000000000E+000, 0.0000000000000000E+000, 6.6629054717947633E-001
164,cdiaghg,18,12,F, 2.6655719310991085E+001, 9.7842710366640944E+000, 4.8362896458661537E-003,-5.3822737882968461E+000, 9.7842710366640944E+000, 0.0000000000000000E+000, 0.0000000000000000E+000, 5.5970603418116704E+000, 2.3798089677021133E+000, 1.8574161992399190E-003, 1.0000000000000000E+000, 2.3798089677021133E+000, 0.0000000000000000E+000, 0.0000000000000000E+000, 5.2802340981605078E-001
165,cdiaghg,21,12,F, 2.8543577951616623E+001, 9.7842710366640944E+000, 3.9405284864879649E-003,-5.3822737882968461E+000, 9.7842710366640944E+000, 0.0000000000000000E+000, 0.0000000000000000E+000, 6.4450643304005819E+000, 2.3798089677021133E+000, 1.8574161992399190E-003, 1.0000000000000000E+000, 2.3798089677021133E+000, 0.0000000000000000E+000, 0.0000000000000000E+000, 5.9113927254014897E-001
166,cdiaghg,24,12,F, 2.4330118414929292E+001, 1.0729357002645264E+001, 3.0589602408694957E-017,-5.3766700130919691E+000, 1.0729357002645264E+001, 0.0000000000000000E+000, 0.0000000000000000E+000, 7.5357686079383708E+000, 2.0915922916356915E+000, 1.2789720855127027E-017, 9.9999999999999800E-001, 2.0915922916356915E+000, 0.0000000000000000E+000, 0.0000000000000000E+000, 6.4577382528495986E-001
167,cdiaghg,18,12,F, 2.5565047304788894E+001, 1.0488373862034987E+001, 6.7775717842756301E-003,-5.3823811356802764E+000, 1.0488373862034987E+001, 0.0000000000000000E+000, 0.0000000000000000E+000, 5.4663673894327873E+000, 1.7688190440900142E+000, 6.9277980518741549E-003, 1.0000000000000000E+000, 1.7688190440900142E+000, 0.0000000000000000E+000, 0.0000000000000000E+000, 5.1199886778980952E-001
168,cdiaghg,20,12,F, 2.6626023931342914E+001, 1.0488373862034987E+001, 6.7775717842756301E-003,-5.3823811356802764E+000, 1.0488373862034987E+001, 0.0000000000000000E+000, 0.0000000000000000E+000, 5.9842250437485509E+000, 1.7688190440900142E+000, 2.3485278850867812E-003, 1.0000000000000000E+000, 1.7688190440900142E+000, 0.0000000000000000E+000, 0.0000000000000000E+000, 5.5150837905782379E-001
169,cdiaghg,24,12,F, 2.6740073522494356E+001, 1.1571344886278109E+001, 1.0301847950956770E-017,-5.3761920811744508E+000, 1.1571344886278109E+001, 0.0000000000000000E+000, 0.0000000000000000E+000, 7.7454838388019178E+000, 2.1765350882739152E+000, 1.1901945726946583E-017, 9.9999999999999778E-001, 2.1765350882739152E+000, 0.0000000000000000E+000, 0.0000000000000000E+000, 6.3921732584868995E-001
170,cdiaghg,18,12,F, 2.9351964073770532E+001, 1.1178320732156216E+001, 7.1820217667949871E-003,-5.3825092340171299E+000, 1.1178320732156216E+001, 0.0000000000000000E+000, 0.0000000000000000E+000, 5.1760612721884662E+000, 1.6783196148715158E+000, 3.4729505445222804E-003, 1.0000000000000000E+000, 1.6783196148715158E+000, 0.0000000000000000E+000, 0.0000000000000000E+000, 4.9874147373992944E-001
171,cdiaghg,24,12,F, 3.0061477088469797E+001, 9.8183239011383314E+000, 2.6685813940298504E-017,-4.5385535991601200E+000, 9.8183239011383314E+000, 0.0000000000000000E+000, 0.0000000000000000E+000, 6.2362105379276311E+000, 1.4745211845572856E+000, 1.2306018433578343E-017, 9.9999999999999534E-001, 1.4745211845572856E+000, 0.0000000000000000E+000, 0.0000000000000000E+000, 5.2465212691239294E-001
172,cdiaghg,22,12,F, 3.6979156641055383E+001, 1.2460360411291150E+001, 3.8676331450703603E-003,-4.5461203774605075E+000, 1.2460360411291150E+001, 0.0000000000000000E+000, 0.0000000000000000E+000, 6.5632281081202795E+000, 1.6505813491403345E+000, 1.7589185317988751E-003, 1.0000000000000000E+000, 1.6505813491403345E+000, 0.0000000000000000E+000, 0.0000000000000000E+000, 5.5395097802021798E-001
173,cdiaghg,24,12,F, 3.7612569143929932E+001, 1.2460360411291150E+001, 3.8676331450703603E-003,-4.5461203774605075E+000, 1.2460360411291150E+001, 0.0000000000000000E+000, 0.0000000000000000E+000, 6.8078722084279768E+000, 1.6505813491403345E+000, 1.7589185317988751E-003, 1.0000000000000000E+000, 1.6505813491403345E+000, 0.0000000000000000E+000, 0.0000000000000000E+000, 5.5353896129739633E-001
174,cdiaghg,13,12,F, 9.8204318854060446E+000, 4.6353731666891562E+000, 5.5750345467710377E-003,-4.5462803759067993E+000, 4.6353731666891562E+000, 0.0000000000000000E+000, 0.0000000000000000E+000, 3.6341390966376808E+000, 1.0055358064050002E+000, 3.5002624657984854E-003, 1.0000000000000000E+000, 1.0055358064050002E+000, 0.0000000000000000E+000, 0.0000000000000000E+000, 1.2178969132998405E-001
175,cdiaghg,14,12,F, 1.0684165003943201E+001, 4.6353731666891562E+000, 2.5691947979950077E-003,-4.5462803759067993E+000, 4.6353731666891562E+000, 0.0000000000000000E+000, 0.0000000000000000E+000, 3.8359883180015562E+000, 1.0393215767782471E+000, 1.6020496815890599E-003, 1.0000000000000000E+000, 1.0393215767782471E+000, 0.0000000000000000E+000, 0.0000000000000000E+000, 2.0610786225025254E-001
176,cdiaghg,15,12,F, 1.2618232409332794E+001, 6.3552006615264647E+000, 2.5691947979950077E-003,-4.5462803759067993E+000, 6.3552006615264647E+000, 0.0000000000000000E+000, 0.0000000000000000E+000, 4.0186179777664339E+000, 1.0806477543520585E+000, 1.6020496815890599E-003, 1.0000000000000000E+000, 1.0806477543520585E+000, 0.0000000000000000E+000, 0.0000000000000000E+000, 2.3584636387453214E-001
177,cdiaghg,16,12,F, 1.4582907816993639E+001, 6.7727709292307825E+000, 2.5691947979950077E-003,-4.5462803759067993E+000, 6.7727709292307825E+000, 0.0000000000000000E+000, 0.0000000000000000E+000, 4.2965791862546201E+000, 1.2624151072936334E+000, 1.6020496815890599E-003, 1.0000000000000000E+000, 1.2624151072936334E+000, 0.0000000000000000E+000, 0.0000000000000000E+000, 3.0209615492598546E-001
178,cdiaghg,24,12,F, 2.7426202684700968E+001, 9.6896904096152277E+000, 2.8400366407222455E-017,-4.5374443590021034E+000, 9.6896904096152277E+000, 0.0000000000000000E+000, 0.0000000000000000E+000, 6.4654140899923025E+000, 1.4159021892267019E+000, 2.6561687504798510E-017, 9.9999999999989286E-001, 1.4159021892267019E+000, 0.0000000000000000E+000, 0.0000000000000000E+000, 5.5423912421377042E-001
179,cdiaghg,22,12,F, 2.4350137247870105E+001, 8.7354653004677196E+000, 1.4526850316972581E-003,-4.5447805083879498E+000, 8.7354653004677196E+000, 0.0000000000000000E+000, 0.0000000000000000E+000, 6.8961797982978226E+000, 1.6490269315924457E+000, 2.9362007392354971E-004, 1.0000000000000000E+000, 1.6490269315924457E+000, 0.0000000000000000E+000, 0.0000000000000000E+000, 6.6096926718767768E-001
180,cdiaghg,24,12,F, 2.5498660751149671E+001, 8.7354653004677196E+000, 1.4526850316972581E-003,-4.5447805083879498E+000, 8.7354653004677196E+000, 0.0000000000000000E+000, 0.0000000000000000E+000, 7.2071509349263980E+000, 1.6490269315924457E+000, 2.9362007392354971E-004, 1.0000000000000000E+000, 1.6490269315924457E+000, 0.0000000000000000E+000, 0.0000000000000000E+000, 6.6522391190261621E-001
181,cdiaghg,14,12,F, 1.0238689140848729E+001, 4.5746853837939252E+000, 1.7860670526380958E-002,-4.5450274954188323E+000, 4.5746853837939252E+000, 0.0000000000000000E+000, 0.0000000000000000E+000, 4.0582905508365616E+000, 1.1836754329952794E+000, 5.0651258882237447E-003, 1.0000000000000000E+000, 1.1836754329952794E+000, 0.0000000000000000E+000, 0.0000000000000000E+000, 3.3384024122457179E-001
182,cdiaghg,24,12,F, 2.5868277040679160E+001, 1.0477278294399710E+001, 1.3979957922187719E-017,-4.5359803215582533E+000, 1.0477278294399710E+001, 0.0000000000000000E+000, 0.0000000000000000E+000, 6.9363723732798990E+000, 1.4511420693603225E+000, 3.7626906596530014E-017, 9.9999999999999845E-001, 1.4511420693603225E+000, 0.0000000000000000E+000, 0.0000000000000000E+000, 6.1658794121991922E-001
183,cdiaghg,22,12,F, 3.2123994025048368E+001, 1.4335865287062722E+001, 2.3243518096447572E-003,-4.5423453806728435E+000, 1.4335865287062722E+001, 0.0000000000000000E+000, 0.0000000000000000E+000, 7.2152164295147037E+000, 2.0399459718546122E+000, 1.3569398754543056E-003, 1.0000000000000000E+000, 2.0399459718546122E+000, 0.0000000000000000E+000, 0.0000000000000000E+000, 6.6014054933470068E-001
184,cdiaghg,24,12,F, 3.2824947797042910E+001, 1.4335865287062722E+001, 2.3243518096447572E-003,-4.5423453806728435E+000, 1.4335865287062722E+001, 0.0000000000000000E+000, 0.0000000000000000E+000, 7.4717410131026432E+000, 2.0399459718546122E+000, 1.3569398754543056E-003, 1.0000000000000000E+000, 2.0399459718546122E+000, 0.0000000000000000E+000, 0.0000000000000000E+000, 6.5354947769188187E-001
185,cdiaghg,13,12,F, 9.3630798524558845E+000, 4.7197850931217902E+000, 1.5027155841984620E-002,-4.5424997976136794E+000, 4.7197850931217902E+000, 0.0000000000000000E+000, 0.0000000000000000E+000, 3.6863914263105340E+000, 1.2234308178111060E+000, 9.8091388104433550E-003, 1.0000000000000000E+000, 1.2234308178111060E+000, 0.0000000000000000E+000, 0.0000000000000000E+000, 1.0244456903207740E-001
186,cdiaghg,14,12,F, 1.0242087316405156E+001, 4.7197850931217902E+000, 1.5027155841984620E-002,-4.5424997976136794E+000, 4.7197850931217902E+000, 0.0000000000000000E+000, 0.0000000000000000E+000, 3.9223904935787979E+000, 1.2234308178111060E+000, 5.8692355487697141E-003, 1.0000000000000000E+000, 1.2234308178111060E+000, 0.0000000000000000E+000, 0.0000000000000000E+000, 2.2145898425169969E-001
187,cdiaghg,15,12,F, 1.1512176254258117E+001, 5.2182362407166956E+000, 3.1407626232245371E-003,-4.5424997976136794E+000, 5.2182362407166956E+000, 0.0000000000000000E+000, 0.0000000000000000E+000, 4.0736891811648732E+000, 1.2234308178111060E+000, 1.8988134581678653E-003, 1.0000000000000000E+000, 1.2234308178111060E+000, 0.0000000000000000E+000, 0.0000000000000000E+000, 2.2476750399154422E-001
188,cdiaghg,24,12,F, 2.4058737367171890E+001, 7.4630130463930264E+000, 2.5836634880626280E-017,-4.5339398692448389E+000, 7.4630130463930264E+000, 0.0000000000000000E+000, 0.0000000000000000E+000, 7.1445604038379056E+000, 1.4333206662454174E+000, 3.3694951573447122E-017, 9.9999999999988842E-001, 1.4333206662454174E+000, 0.0000000000000000E+000, 0.0000000000000000E+000, 6.4956700720003091E-001
189,cdiaghg,22,12,F, 3.2724487176226326E+001, 1.1795382995048973E+001, 1.4516207113058179E-003,-4.5398078452510751E+000, 1.1795382995048973E+001, 0.0000000000000000E+000, 0.0000000000000000E+000, 6.8878961557612834E+000, 2.1288243137448597E+000, 1.5832623705418138E-003, 1.0000000000000000E+000, 2.1288243137448597E+000, 0.0000000000000000E+000, 0.0000000000000000E+000, 6.3544986299322537E-001
190,cdiaghg,24,12,F, 3.3588846607009273E+001, 1.1795382995048973E+001, 1.4516207113058179E-003,-4.5398078452510751E+000, 1.1795382995048973E+001, 0.0000000000000000E+000, 0.0000000000000000E+000, 7.2463065599903969E+000, 2.1288243137448597E+000, 1.5832623705418138E-003, 1.0000000000000000E+000, 2.1288243137448597E+000, 0.0000000000000000E+000, 0.0000000000000000E+000, 6.4123801376870815E-001
191,cdiaghg,13,12,F, 9.3195561865785450E+000, 4.6649616189774781E+000, 1.2606240312147528E-002,-4.5400253551557261E+000, 4.6649616189774781E+000, 0.0000000000000000E+000, 0.0000000000000000E+000, 3.6647316012131617E+000, 1.0736737911827448E+000, 7.4023338653890292E-003, 1.0000000000000000E+000, 1.0736737911827448E+000, 0.0000000000000000E+000, 0.0000000000000000E+000, 1.4513831385399018E-001
192,cdiaghg,14,12,F, 1.0048609552623690E+001, 4.6649616189774781E+000, 4.0860962464607268E-003,-4.5400253551557261E+000, 4.6649616189774781E+000, 0.0000000000000000E+000, 0.0000000000000000E+000, 3.9649709199524894E+000, 1.2492530426281747E+000, 2.3712453491694743E-003, 1.0000000000000000E+000, 1.2492530426281747E+000, 0.0000000000000000E+000, 0.0000000000000000E+000, 2.6151261930096437E-001
193,cdiaghg,15,12,F, 1.1620788099530957E+001, 5.7906848809350882E+000, 4.0860962464607268E-003,-4.5400253551557261E+000, 5.7906848809350882E+000, 0.0000000000000000E+000, 0.0000000000000000E+000, 4.1507227653423966E+000, 1.2492530426281747E+000, 2.3712453491694743E-003, 1.0000000000000000E+000, 1.2492530426281747E+000, 0.0000000000000000E+000, 0.0000000000000000E+000, 2.6643379319324118E-001
194,cdiaghg,16,12,F, 1.3261404455661470E+001, 5.7916435722702850E+000, 4.0860962464607268E-003,-4.5400253551557261E+000, 5.7916435722702850E+000, 0.0000000000000000E+000, 0.0000000000000000E+000, 4.3587711718888968E+000, 1.2492530426281747E+000, 2.3712453491694743E-003, 1.0000000000000000E+000, 1.2492530426281747E+000, 0.0000000000000000E+000, 0.0000000000000000E+000, 3.0595031550557916E-001
195,cdiaghg,24,12,F, 2.3411868430815353E+001, 8.0867541791769213E+000, 6.8492153593033972E-017,-4.5300874628849801E+000, 8.0867541791769213E+000, 0.0000000000000000E+000, 0.0000000000000000E+000, 6.9234919797498398E+000, 1.4255149219735193E+000, 4.7953774575162196E-018, 9.9999999999999722E-001, 1.4255149219735193E+000, 0.0000000000000000E+000, 0.0000000000000000E+000, 6.1486979645187145E-001
196,cdiaghg,21,12,F, 3.2043533018980526E+001, 1.1801933094934160E+001, 7.5292398346265528E-003,-4.5382564408784845E+000, 1.1801933094934160E+001, 0.0000000000000000E+000, 0.0000000000000000E+000, 6.1848256456106716E+000, 1.6190924322865468E+000, 5.9545889423543051E-003, 1.0000000000000000E+000, 1.6190924322865468E+000, 0.0000000000000000E+000, 0.0000000000000000E+000, 5.7881507241576013E-001
197,cdiaghg,22,12,F, 3.2304469454756983E+001, 1.1801933094934160E+001, 7.5292398346265528E-003,-4.5382564408784845E+000, 1.1801933094934160E+001, 0.0000000000000000E+000, 0.0000000000000000E+000, 6.2888557985431417E+000, 1.6190924322865468E+000, 5.9545889423543051E-003, 1.0000000000000000E+000, 1.6190924322865468E+000, 0.0000000000000000E+000, 0.0000000000000000E+000, 5.7522515459389589E-001
198,cdiaghg,23,12,F, 3.2606677221621936E+001, 1.1801933094934160E+001, 7.5292398346265528E-003,-4.5382564408784845E+000, 1.1801933094934160E+001, 0.0000000000000000E+000, 0.0000000000000000E+000, 6.4668575607753889E+000, 1.6190924322865468E+000, 5.9545889423543051E-003, 1.0000000000000000E+000, 1.6190924322865468E+000, 0.0000000000000000E+000, 0.0000000000000000E+000, 5.8503243111540548E-001
199,cdiaghg,24,12,F, 3.3182690053492927E+001, 1.1801933094934160E+001, 7.5292398346265528E-003,-4.5382564408784845E+000, 1.1801933094934160E+001, 0.0000000000000000E+000, 0.0000000000000000E+000, 6.6808111321582677E+000, 1.6190924322865468E+000, 5.9545889423543051E-003, 1.0000000000000000E+000, 1.6190924322865468E+000, 0.0000000000000000E+000, 0.0000000000000000E+000, 5.9601018610372369E-001
200,cdiaghg,13,12,F, 9.1407902584861578E+000, 4.5384433592444484E+000, 1.7723899681667571E-002,-4.5384433592444484E+000, 3.4368385142497679E+000, 0.0000000000000000E+000, 0.0000000000000000E+000, 3.7896899934328294E+000, 1.2385823801274376E+000, 1.2787516828714922E-002, 1.0000000000000000E+000, 1.2385823801274376E+000, 0.0000000000000000E+000, 0.0000000000000000E+000, 2.4817967967558541E-001
201,cdiaghg,24,12,F, 2.4463426399617155E+001, 7.1036786854207694E+000, 6.7699859755958529E-017,-4.5357179255903430E+000, 7.1036786854207694E+000, 0.0000000000000000E+000, 0.0000000000000000E+000, 6.7841036413774614E+000, 1.3582699366498845E+000, 3.9536970438588582E-017, 9.9999999999997580E-001, 1.3582699366498845E+000, 0.0000000000000000E+000, 0.0000000000000000E+000, 6.1496451141692199E-001
202,cdiaghg,22,12,F, 3.1578173507282361E+001, 1.2543217239668506E+001, 3.0308104142724797E-003,-4.5427761945766907E+000, 1.2543217239668506E+001, 0.0000000000000000E+000, 0.0000000000000000E+000, 7.3448438757778813E+000, 1.6829622368721728E+000, 2.6870853741470546E-003, 1.0000000000000000E+000, 1.6829622368721728E+000, 0.0000000000000000E+000, 0.0000000000000000E+000, 6.9656775977464025E-001
203,cdiaghg,24,12,F, 3.2338393315434104E+001, 1.2543217239668506E+001, 3.0308104142724797E-003,-4.5427761945766907E+000, 1.2543217239668506E+001, 0.0000000000000000E+000, 0.0000000000000000E+000, 7.6257877643517658E+000, 1.6829622368721728E+000, 2.6870853741470546E-003, 1.0000000000000000E+000, 1.6829622368721728E+000, 0.0000000000000000E+000, 0.0000000000000000E+000, 6.9037489234149330E-001
204,cdiaghg,24,12,F, 2.4162805421246318E+001, 7.2990378113162038E+000, 2.3174606144490940E-017,-4.5319773842516842E+000, 7.2990378113162038E+000, 0.0000000000000000E+000, 0.0000000000000000E+000, 7.8376154912493199E+000, 1.5657633890842626E+000, 4.0348463103352835E-017, 9.9999999999995215E-001, 1.5657633890842626E+000, 0.0000000000000000E+000, 0.0000000000000000E+000, 7.0602709673633834E-001
205,cdiaghg,22,12,F, 3.5882242035914352E+001, 1.3494014602902865E+001, 2.0020624782974210E-003,-4.5404352951340092E+000, 1.3494014602902865E+001, 0.0000000000000000E+000, 0.0000000000000000E+000, 7.3050247993312043E+000, 1.9386828747976328E+000, 5.8925471621959161E-003, 1.0000000000000000E+000, 1.9386828747976328E+000, 0.0000000000000000E+000, 0.0000000000000000E+000, 6.9031051535775922E-001
206,cdiaghg,24,12,F, 3.6775577970255284E+001, 1.3494014602902865E+001, 2.0020624782974210E-003,-4.5404352951340092E+000, 1.3494014602902865E+001, 0.0000000000000000E+000, 0.0000000000000000E+000, 7.7494197174966777E+000, 1.9386828747976328E+000, 5.8925471621959161E-003, 1.0000000000000000E+000, 1.9386828747976328E+000, 0.0000000000000000E+000, 0.0000000000000000E+000, 6.9733516253180905E-001
207,cdiaghg,13,12,F, 9.5815057597578459E+000, 5.1374527313020009E+000, 2.9246640746459229E-002,-4.5407336844866011E+000, 5.1374527313020009E+000, 0.0000000000000000E+000, 0.0000000000000000E+000, 3.7127705478306940E+000, 1.1594997048992197E+000, 1.9568240691322011E-002, 1.0000000000000000E+000, 1.1594997048992197E+000, 0.0000000000000000E+000, 0.0000000000000000E+000, 1.8379725844926603E-001
208,cdiaghg,24,12,F, 2.3446718549395591E+001, 8.0327995859799604E+000, 3.3770967779096335E-017,-4.5330831238104468E+000, 8.0327995859799604E+000, 0.0000000000000000E+000, 0.0000000000000000E+000, 8.0127396155463746E+000, 1.5642508006222284E+000, 3.7232851180749304E-017, 9.9999999999999756E-001, 1.5642508006222284E+000, 0.0000000000000000E+000, 0.0000000000000000E+000, 7.1690886260683606E-001
209,cdiaghg,22,12,F, 3.5938353925154267E+001, 1.1790904031691936E+001, 4.6180213089084569E-003,-4.5389224631669229E+000, 1.1790904031691936E+001, 0.0000000000000000E+000, 0.0000000000000000E+000, 7.1423761563122685E+000, 1.6221126886346298E+000, 3.0850546429599173E-003, 1.0000000000000000E+000, 1.6221126886346298E+000, 0.0000000000000000E+000, 0.0000000000000000E+000, 7.0027286499608332E-001
210,cdiaghg,23,12,F, 3.6195751063821795E+001, 1.1790904031691936E+001, 4.6180213089084569E-003,-4.5389224631669229E+000, 1.1790904031691936E+001, 0.0000000000000000E+000, 0.0000000000000000E+000, 7.3728803136874088E+000, 1.6221126886346298E+000, 3.0850546429599173E-003, 1.0000000000000000E+000, 1.6221126886346298E+000, 0.0000000000000000E+000, 0.0000000000000000E+000, 7.0546591244384116E-001
211,cdiaghg,24,12,F, 3.6553314824410194E+001, 1.1790904031691936E+001, 4.6180213089084569E-003,-4.5389224631669229E+000, 1.1790904031691936E+001, 0.0000000000000000E+000, 0.0000000000000000E+000, 7.5203540830905906E+000, 1.6221126886346298E+000, 3.0850546429599173E-003, 1.0000000000000000E+000, 1.6221126886346298E+000, 0.0000000000000000E+000, 0.0000000000000000E+000, 7.0236482340679984E-001
212,cdiaghg,24,12,F, 2.2366182940672275E+001, 7.2108068662667701E+000, 3.9241830741171522E-017,-4.5303841438530998E+000, 7.2108068662667701E+000, 0.0000000000000000E+000, 0.0000000000000000E+000, 8.0096113349750606E+000, 1.5573695440954187E+000, 1.7598749840537742E-017, 9.9999999999999867E-001, 1.5573695440954187E+000, 0.0000000000000000E+000, 0.0000000000000000E+000, 7.1601156770268193E-001
213,cdiaghg,22,12,F, 3.9762201621272908E+001, 1.0855292713693895E+001, 2.3210063120215011E-003,-4.5391036949418062E+000, 1.0855292713693895E+001, 0.0000000000000000E+000, 0.0000000000000000E+000, 6.8134427468717149E+000, 1.7966983998642703E+000, 4.0000834079714689E-003, 1.0000000000000000E+000, 1.7966983998642703E+000, 0.0000000000000000E+000, 0.0000000000000000E+000, 6.6177280554079132E-001
214,cdiaghg,24,12,F, 4.0550942640647015E+001, 1.0855292713693895E+001, 2.3210063120215011E-003,-4.5391036949418062E+000, 1.0855292713693895E+001, 0.0000000000000000E+000, 0.0000000000000000E+000, 7.3465519022534087E+000, 1.7966983998642703E+000, 4.0000834079714689E-003, 1.0000000000000000E+000, 1.7966983998642703E+000, 0.0000000000000000E+000, 0.0000000000000000E+000, 6.7332168064572984E-001
215,cdiaghg,24,12,F, 2.1169214306577995E+001, 7.0588534321237626E+000, 7.2102349221652675E-017,-4.5321546504967216E+000, 7.0588534321237626E+000, 0.0000000000000000E+000, 0.0000000000000000E+000, 8.0343259970332408E+000, 1.4364536194432052E+000, 1.5953749914242289E-017, 9.9999999999999767E-001, 1.4364536194432052E+000, 0.0000000000000000E+000, 0.0000000000000000E+000, 7.2162329472253472E-001
216,cdiaghg,23,12,F, 4.0329060095404628E+001, 1.1142660442921478E+001, 6.0725149448448631E-003,-4.5381234316398267E+000, 1.1142660442921478E+001, 0.0000000000000000E+000, 0.0000000000000000E+000, 7.4670865613507909E+000, 1.5282769476039846E+000, 3.3811176690675938E-003, 1.0000000000000000E+000, 1.5282769476039846E+000, 0.0000000000000000E+000, 0.0000000000000000E+000, 7.2357208932372685E-001
217,cdiaghg,24,12,F, 4.0631051938705198E+001, 1.1142660442921478E+001, 6.0725149448448631E-003,-4.5381234316398267E+000, 1.1142660442921478E+001, 0.0000000000000000E+000, 0.0000000000000000E+000, 7.6739702762675419E+000, 1.5282769476039846E+000, 3.3811176690675938E-003, 1.0000000000000000E+000, 1.5282769476039846E+000, 0.0000000000000000E+000, 0.0000000000000000E+000, 7.2067484196665488E-001
218,cdiaghg,24,12,F, 2.5797667494294590E+001, 8.8094519127112179E+000, 7.1907406193246144E-018,-4.5376640776578627E+000, 8.8094519127112179E+000, 0.0000000000000000E+000, 0.0000000000000000E+000, 6.3126146660359206E+000, 1.4030732992963582E+000, 6.5343273270519197E-018, 9.9999999999980305E-001, 1.4030732992963582E+000, 0.0000000000000000E+000, 0.0000000000000000E+000, 5.3700049351125434E-001
219,cdiaghg,22,12,F, 3.0092249757370190E+001, 1.2227372237202820E+001, 6.3616975012581326E-003,-4.5437366891086288E+000, 1.2227372237202820E+001, 0.0000000000000000E+000, 0.0000000000000000E+000, 6.3387578555784838E+000, 1.4369161194548943E+000, 3.9166160273707961E-003, 1.0000000000000000E+000, 1.4369161194548943E+000, 0.0000000000000000E+000, 0.0000000000000000E+000, 5.8034183143679907E-001
220,cdiaghg,24,12,F, 3.0949700183116736E+001, 1.2227372237202820E+001, 6.3616975012581326E-003,-4.5437366891086288E+000, 1.2227372237202820E+001, 0.0000000000000000E+000, 0.0000000000000000E+000, 6.6560092230248831E+000, 1.4369161194548943E+000, 2.9519958578387902E-003, 1.0000000000000000E+000, 1.4369161194548943E+000, 0.0000000000000000E+000, 0.0000000000000000E+000, 5.9133749165973992E-001
221,cdiaghg,13,12,F, 8.8346712733302457E+000, 4.5439487476818581E+000, 8.9988881156769524E-003,-4.5439487476818581E+000, 3.1954894949464552E+000, 0.0000000000000000E+000, 0.0000000000000000E+000, 3.8161209655567312E+000, 1.2013985697483887E+000, 5.6607488334297880E-003, 1.0000000000000000E+000, 1.2013985697483887E+000, 0.0000000000000000E+000, 0.0000000000000000E+000, 2.8223021595606662E-001
222,cdiaghg,24,12,F, 2.4952268033110741E+001, 8.7174564121706641E+000, 2.9020475349403408E-017,-4.5342366858228313E+000, 8.7174564121706641E+000, 0.0000000000000000E+000, 0.0000000000000000E+000, 7.2669186846086316E+000, 1.4337663245985450E+000, 2.9195556974381052E-017, 9.9999999999998790E-001, 1.4337663245985450E+000, 0.0000000000000000E+000, 0.0000000000000000E+000, 6.5066777397057296E-001
223,cdiaghg,21,12,F, 3.2302118468467945E+001, 1.3153616905745661E+001, 4.1420279555731210E-003,-4.5413366893019571E+000, 1.3153616905745661E+001, 0.0000000000000000E+000, 0.0000000000000000E+000, 6.7505341332889390E+000, 1.9486837263887855E+000, 1.4457318989797756E-003, 1.0000000000000000E+000, 1.9486837263887855E+000, 0.0000000000000000E+000, 0.0000000000000000E+000, 6.4273292047680752E-001
224,cdiaghg,23,12,F, 3.2980558097475516E+001, 1.3153616905745661E+001, 4.1420279555731210E-003,-4.5413366893019571E+000, 1.3153616905745661E+001, 0.0000000000000000E+000, 0.0000000000000000E+000, 7.0591924741609944E+000, 1.9486837263887855E+000, 1.4457318989797756E-003, 1.0000000000000000E+000, 1.9486837263887855E+000, 0.0000000000000000E+000, 0.0000000000000000E+000, 6.4210398746360342E-001
225,cdiaghg,24,12,F, 2.4567942684263866E+001, 7.8221408672138626E+000, 5.8727690487460885E-017,-4.5332752284931743E+000, 7.8221408672138626E+000, 0.0000000000000000E+000, 0.0000000000000000E+000, 7.9701090349943104E+000, 1.5759730182041478E+000, 6.9437773175245313E-018, 9.9999999999999778E-001, 1.5759730182041478E+000, 0.0000000000000000E+000, 0.0000000000000000E+000, 7.1044456430897018E-001
226,cdiaghg,23,12,F, 4.3096075736966597E+001, 1.5468254671055620E+001, 4.7549898074617800E-003,-4.5395508405668288E+000, 1.5468254671055620E+001, 0.0000000000000000E+000, 0.0000000000000000E+000, 7.4116087485763718E+000, 2.0713817008142392E+000, 3.9156691277985956E-003, 1.0000000000000000E+000, 2.0713817008142392E+000, 0.0000000000000000E+000, 0.0000000000000000E+000, 6.7719455540057416E-001
227,cdiaghg,14,12,F, 1.0473084723435671E+001, 4.6430804169441977E+000, 1.8954259489165372E-002,-4.5397435677910192E+000, 4.6430804169441977E+000, 0.0000000000000000E+000, 0.0000000000000000E+000, 4.1336728305863426E+000, 1.2690324276256619E+000, 8.4788821528176059E-003, 1.0000000000000000E+000, 1.2690324276256619E+000, 0.0000000000000000E+000, 0.0000000000000000E+000, 3.5749824198824670E-001
228,cdiaghg,24,12,F, 2.2550092564161510E+001, 7.5574043607952923E+000, 1.6810949493055334E-017,-4.5309063420415381E+000, 7.5574043607952923E+000, 0.0000000000000000E+000, 0.0000000000000000E+000, 7.8353967294032589E+000, 1.4976472572510708E+000, 1.6840756877331274E-017, 9.9999999999999878E-001, 1.4976472572510708E+000, 0.0000000000000000E+000, 0.0000000000000000E+000, 7.0127276470908106E-001
229,cdiaghg,22,12,F, 4.2546653421980004E+001, 1.4375781903429919E+001, 7.1550819846987511E-003,-4.5385139094078646E+000, 1.4375781903429919E+001, 0.0000000000000000E+000, 0.0000000000000000E+000, 6.9218766671187568E+000, 1.6975135113827424E+000, 3.0893616918677832E-003, 1.0000000000000000E+000, 1.6975135113827424E+000, 0.0000000000000000E+000, 0.0000000000000000E+000, 6.6704142675259048E-001
230,cdiaghg,23,12,F, 4.3002119913366485E+001, 1.4375781903429919E+001, 7.1550819846987511E-003,-4.5385139094078646E+000, 1.4375781903429919E+001, 0.0000000000000000E+000, 0.0000000000000000E+000, 7.0942853405410959E+000, 1.6975135113827424E+000, 3.0893616918677832E-003, 1.0000000000000000E+000, 1.6975135113827424E+000, 0.0000000000000000E+000, 0.0000000000000000E+000, 6.6398046184975579E-001
231,cdiaghg,24,12,F, 2.3800557464377935E+001, 8.3734131474057261E+000, 2.2689453432582045E-017,-4.5344158243036627E+000, 8.3734131474057261E+000, 0.0000000000000000E+000, 0.0000000000000000E+000, 7.6662872774037760E+000, 1.5833321946037802E+000, 2.8584748239194028E-017, 9.9999999999999767E-001, 1.5833321946037802E+000, 0.0000000000000000E+000, 0.0000000000000000E+000, 6.8782263379372666E-001
232,cdiaghg,23,12,F, 4.1017975209058974E+001, 1.2216997542467567E+001, 3.3279996999866076E-003,-4.5397362571454893E+000, 1.2216997542467567E+001, 0.0000000000000000E+000, 0.0000000000000000E+000, 7.3574648283779762E+000, 1.5489073999925349E+000, 3.1272719688189470E-003, 1.0000000000000000E+000, 1.5489073999925349E+000, 0.0000000000000000E+000, 0.0000000000000000E+000, 6.9093222286040890E-001
233,cdiaghg,14,12,F, 9.9359396017671742E+000, 4.5398870686586008E+000, 1.0050561657271887E-002,-4.5398870686586008E+000, 3.0897371157665119E+000, 0.0000000000000000E+000, 0.0000000000000000E+000, 4.2089809724290035E+000, 1.3842326733356429E+000, 6.1839295173991803E-003, 1.0000000000000000E+000, 1.3842326733356429E+000, 0.0000000000000000E+000, 0.0000000000000000E+000, 3.9021550274190003E-001
234,cdiaghg,24,12,F, 2.1897791297676804E+001, 6.9555251837848751E+000, 3.6363919606029697E-017,-4.5313471911307799E+000, 6.9555251837848751E+000, 0.0000000000000000E+000, 0.0000000000000000E+000, 7.9464204954261897E+000, 1.5237926938491249E+000, 3.7254894016964768E-017, 9.9999999999999933E-001, 1.5237926938491249E+000, 0.0000000000000000E+000, 0.0000000000000000E+000, 7.1499373386428544E-001
235,cdiaghg,23,12,F, 4.4660113862392336E+001, 1.0507726789758848E+001, 8.6208193346129693E-003,-4.5380986189697250E+000, 1.0507726789758848E+001, 0.0000000000000000E+000, 0.0000000000000000E+000, 7.4031759121001262E+000, 1.6218894293867618E+000, 3.7437698603366258E-003, 1.0000000000000000E+000, 1.6218894293867618E+000, 0.0000000000000000E+000, 0.0000000000000000E+000, 7.1295040535449750E-001
236,cdiaghg,14,12,F, 1.0075740043432543E+001, 4.5382118276694730E+000, 3.5526491431465870E-002,-4.5382118276694730E+000, 3.2817941030951507E+000, 0.0000000000000000E+000, 0.0000000000000000E+000, 4.2670513049852170E+000, 1.3735992580056275E+000, 2.1178846753397103E-002, 1.0000000000000000E+000, 1.3735992580056275E+000, 0.0000000000000000E+000, 0.0000000000000000E+000, 4.0776729862547628E-001
237,cdiaghg,24,12,F, 2.3069593155640955E+001, 6.5694941223023928E+000, 1.3869509273799286E-016,-4.5346897597320623E+000, 6.5694941223023928E+000, 0.0000000000000000E+000, 0.0000000000000000E+000, 7.1878401856504954E+000, 1.3630299525898515E+000, 2.9381072224413551E-017, 9.9999999999999734E-001, 1.3630299525898515E+000, 0.0000000000000000E+000, 0.0000000000000000E+000, 6.5226630807369235E-001
238,cdiaghg,22,12,F, 3.2103407429509602E+001, 1.1915957823207908E+001, 5.2296067813071868E-003,-4.5413315419329994E+000, 1.1915957823207908E+001, 0.0000000000000000E+000, 0.0000000000000000E+000, 6.9023959232455470E+000, 1.9009536184506204E+000, 2.3449157315345967E-003, 1.0000000000000000E+000, 1.9009536184506204E+000, 0.0000000000000000E+000, 0.0000000000000000E+000, 6.5594220035854511E-001
239,cdiaghg,24,12,F, 3.2913684489685195E+001, 1.1915957823207908E+001, 5.2296067813071868E-003,-4.5413315419329994E+000, 1.1915957823207908E+001, 0.0000000000000000E+000, 0.0000000000000000E+000, 7.2470583354978118E+000, 1.9009536184506204E+000, 2.3449157315345967E-003, 1.0000000000000000E+000, 1.9009536184506204E+000, 0.0000000000000000E+000, 0.0000000000000000E+000, 6.5238019602220054E-001
240,cdiaghg,13,12,F, 9.7803795095329136E+000, 5.1918093171050330E+000, 4.4572984392215159E-002,-4.5415462141373064E+000, 5.1918093171050330E+000, 0.0000000000000000E+000, 0.0000000000000000E+000, 3.8928194973388779E+000, 1.4420548013400034E+000, 1.6086120351212433E-002, 1.0000000000000000E+000, 1.4420548013400034E+000, 0.0000000000000000E+000, 0.0000000000000000E+000, 2.8948516637799598E-001
241,cdiaghg,14,12,F, 1.0790994619604044E+001, 5.1918093171050330E+000, 4.4572984392215159E-002,-4.5415462141373064E+000, 5.1918093171050330E+000, 0.0000000000000000E+000, 0.0000000000000000E+000, 4.2081447900653055E+000, 1.4420548013400034E+000, 1.6086120351212433E-002, 1.0000000000000000E+000, 1.4420548013400034E+000, 0.0000000000000000E+000, 0.0000000000000000E+000, 3.6999826440784167E-001
242,cdiaghg,15,12,F, 1.1624627688059762E+001, 5.1918093171050330E+000, 5.6274494112188806E-003,-4.5415462141373064E+000, 5.1918093171050330E+000, 0.0000000000000000E+000, 0.0000000000000000E+000, 4.4229848474704792E+000, 1.4420548013400034E+000, 3.3883377604724840E-003, 1.0000000000000000E+000, 1.4420548013400034E+000, 0.0000000000000000E+000, 0.0000000000000000E+000, 3.9816081345376253E-001
243,cdiaghg,24,12,F, 2.2395127466026356E+001, 8.7943991464170868E+000, 9.6472034151624195E-017,-4.5304433785923868E+000, 8.7943991464170868E+000, 0.0000000000000000E+000, 0.0000000000000000E+000, 8.1104469807040385E+000, 1.6700183084666196E+000, 6.7936533703107679E-018, 9.9999999999999811E-001, 1.6700183084666196E+000, 0.0000000000000000E+000, 0.0000000000000000E+000, 7.2178396809686418E-001
244,cdiaghg,23,12,F, 4.4695133099360078E+001, 1.1703794629333267E+001, 1.7761814913952556E-003,-4.5375082099394648E+000, 1.1703794629333267E+001, 0.0000000000000000E+000, 0.0000000000000000E+000, 7.1497362118412315E+000, 1.5772982348492759E+000, 2.3957657391601283E-003, 1.0000000000000000E+000, 1.5772982348492759E+000, 0.0000000000000000E+000, 0.0000000000000000E+000, 6.8950440456490059E-001
245,cdiaghg,24,12,F, 4.5009023586074669E+001, 1.1703794629333267E+001, 1.7761814913952556E-003,-4.5375082099394648E+000, 1.1703794629333267E+001, 0.0000000000000000E+000, 0.0000000000000000E+000, 7.4069053408351975E+000, 1.5772982348492759E+000, 2.3957657391601283E-003, 1.0000000000000000E+000, 1.5772982348492759E+000, 0.0000000000000000E+000, 0.0000000000000000E+000, 6.9863766955126960E-001
246,cdiaghg,24,12,F, 2.2503185669887156E+001, 7.4727772279175406E+000, 8.7506366877421964E-018,-4.5328768870913105E+000, 7.4727772279175406E+000, 0.0000000000000000E+000, 0.0000000000000000E+000, 7.9148915348084437E+000, 1.5083631259183075E+000, 2.7434110659717096E-017, 9.9999999999999700E-001, 1.5083631259183075E+000, 0.0000000000000000E+000, 0.0000000000000000E+000, 7.0779276591916207E-001
247,cdiaghg,23,12,F, 3.6956744534793209E+001, 1.0334237399604193E+001, 6.2424702361510423E-003,-4.5394805625062791E+000, 1.0334237399604193E+001, 0.0000000000000000E+000, 0.0000000000000000E+000, 7.1730799997976371E+000, 2.0943217588710450E+000, 4.1142232021979990E-003, 1.0000000000000000E+000, 2.0943217588710450E+000, 0.0000000000000000E+000, 0.0000000000000000E+000, 6.7172105293396156E-001
248,cdiaghg,14,12,F, 1.0409662598199482E+001, 4.5396385378719124E+000, 3.2793363813714477E-002,-4.5396385378719124E+000, 4.4306329432117337E+000, 0.0000000000000000E+000, 0.0000000000000000E+000, 4.1759808599993189E+000, 1.2456929070532108E+000, 1.7559800749483875E-002, 1.0000000000000000E+000, 1.2456929070532108E+000, 0.0000000000000000E+000, 0.0000000000000000E+000, 3.7596381945204771E-001
249,cdiaghg,24,12,F, 2.1904332895556909E+001, 6.8800357005707760E+000, 2.4359066380486171E-017,-4.5311530615021489E+000, 6.8800357005707760E+000, 0.0000000000000000E+000, 0.0000000000000000E+000, 8.1375870590968766E+000, 1.4810236335971507E+000, 1.8858716701287488E-017, 9.9999999999999889E-001, 1.4810236335971507E+000, 0.0000000000000000E+000, 0.0000000000000000E+000, 7.2833785944440355E-001
250,cdiaghg,22,12,F, 3.4951047604963435E+001, 9.4872858647219118E+000, 8.9924778960044725E-003,-4.5383927325886830E+000, 9.4872858647219118E+000, 0.0000000000000000E+000, 0.0000000000000000E+000, 6.7210967758165863E+000, 1.9432855457094500E+000, 3.6361550731745279E-003, 1.0000000000000000E+000, 1.9432855457094500E+000, 0.0000000000000000E+000, 0.0000000000000000E+000, 6.4590800731066444E-001
251,cdiaghg,23,12,F, 3.5346070038107094E+001, 9.4872858647219118E+000, 8.9924778960044725E-003,-4.5383927325886830E+000, 9.4872858647219118E+000, 0.0000000000000000E+000, 0.0000000000000000E+000, 6.9414581763448346E+000, 1.9432855457094500E+000, 3.6361550731745279E-003, 1.0000000000000000E+000, 1.9432855457094500E+000, 0.0000000000000000E+000, 0.0000000000000000E+000, 6.4911664834215721E-001
252,cdiaghg,24,12,F, 2.2159054633526644E+001, 6.2053998069585878E+000, 8.2574111248712422E-018,-4.5312157222728366E+000, 6.2053998069585878E+000, 0.0000000000000000E+000, 0.0000000000000000E+000, 8.0545829474172539E+000, 1.4683030661159013E+000, 9.7398192499779472E-018, 9.9999999999999856E-001, 1.4683030661159013E+000, 0.0000000000000000E+000, 0.0000000000000000E+000, 7.1861475771357619E-001
253,cdiaghg,21,12,F, 3.4068739530121697E+001, 9.6190086889726771E+000, 6.1051757559936618E-003,-4.5391908182480343E+000, 9.6190086889726771E+000, 0.0000000000000000E+000, 0.0000000000000000E+000, 6.5794113790520923E+000, 2.0320791350464691E+000, 1.5153285460528232E-003, 1.0000000000000000E+000, 2.0320791350464691E+000, 0.0000000000000000E+000, 0.0000000000000000E+000, 6.5394634957927322E-001
254,cdiaghg,23,12,F, 3.5004238005401781E+001, 9.6190086889726771E+000, 6.1051757559936618E-003,-4.5391908182480343E+000, 9.6190086889726771E+000, 0.0000000000000000E+000, 0.0000000000000000E+000, 7.1070633374059256E+000, 2.0320791350464691E+000, 1.5153285460528232E-003, 1.0000000000000000E+000, 2.0320791350464691E+000, 0.0000000000000000E+000, 0.0000000000000000E+000, 6.6896168036673953E-001
255,cdiaghg,24,12,F, 2.4350347440736371E+001, 7.6853065960089157E+000, 1.6601500087659076E-017,-4.5340156479615050E+000, 7.6853065960089157E+000, 0.0000000000000000E+000, 0.0000000000000000E+000, 7.2348885139765065E+000, 1.4708505736258997E+000, 1.4020662944973343E-017, 9.9999999999999789E-001, 1.4708505736258997E+000, 0.0000000000000000E+000, 0.0000000000000000E+000, 6.4798148139214851E-001
256,cdiaghg,22,12,F, 3.5264523652847444E+001, 1.1805066047955481E+001, 9.1879607567438401E-004,-4.5406242881136034E+000, 1.1805066047955481E+001, 0.0000000000000000E+000, 0.0000000000000000E+000, 6.9215523116075746E+000, 1.5636278012007363E+000, 2.2256115741067038E-003, 1.0000000000000000E+000, 1.5636278012007363E+000, 0.0000000000000000E+000, 0.0000000000000000E+000, 6.3801513803325227E-001
257,cdiaghg,24,12,F, 3.6257341025203324E+001, 1.1805066047955481E+001, 9.1879607567438401E-004,-4.5406242881136034E+000, 1.1805066047955481E+001, 0.0000000000000000E+000, 0.0000000000000000E+000, 7.2542578410241463E+000, 1.5636278012007363E+000, 2.2256115741067038E-003, 1.0000000000000000E+000, 1.5636278012007363E+000, 0.0000000000000000E+000, 0.0000000000000000E+000, 6.3628709252945559E-001
258,cdiaghg,24,12,F, 2.1497572923593395E+001, 6.7449254431419288E+000, 3.9624121343502741E-017,-4.5322319349616516E+000, 6.7449254431419288E+000, 0.0000000000000000E+000, 0.0000000000000000E+000, 7.4289048217583566E+000, 1.4387881586277786E+000, 1.1268737858842785E-017, 9.9999999999999845E-001, 1.4387881586277786E+000, 0.0000000000000000E+000, 0.0000000000000000E+000, 6.7664069377605296E-001
259,cdiaghg,23,12,F, 4.0394988886918469E+001, 1.0652549013684656E+001, 6.3828266596967108E-003,-4.5379727953209459E+000, 1.0652549013684656E+001, 0.0000000000000000E+000, 0.0000000000000000E+000, 7.0276847022761233E+000, 1.3885147747080544E+000, 9.4351649288608854E-004, 1.0000000000000000E+000, 1.3885147747080544E+000, 0.0000000000000000E+000, 0.0000000000000000E+000, 6.7131108932419004E-001
260,cdiaghg,14,12,F, 1.0410653526366673E+001, 4.5380295837502374E+000, 1.5458286576352205E-002,-4.5380295837502374E+000, 3.8894471485349582E+000, 0.0000000000000000E+000, 0.0000000000000000E+000, 4.2600302984181795E+000, 1.3768451379992410E+000, 1.1856210546770551E-002, 1.0000000000000000E+000, 1.3768451379992410E+000, 0.0000000000000000E+000, 0.0000000000000000E+000, 4.0413974508551087E-001
261,cdiaghg,24,12,F, 2.1796999070585883E+001, 7.2035679318587240E+000, 1.5606899277999583E-017,-4.5305135290240948E+000, 7.2035679318587240E+000, 0.0000000000000000E+000, 0.0000000000000000E+000, 7.6088068066375341E+000, 1.5072118709221258E+000, 1.1453706826289355E-017, 9.9999999999999700E-001, 1.5072118709221258E+000, 0.0000000000000000E+000, 0.0000000000000000E+000, 6.8818894843931377E-001
262,cdiaghg,22,12,F, 4.0579438644684089E+001, 1.0968789104446138E+001, 3.4207800562221021E-003,-4.5370374968264242E+000, 1.0968789104446138E+001, 0.0000000000000000E+000, 0.0000000000000000E+000, 6.7873710183113305E+000, 1.7387877783510186E+000, 2.1636517988429696E-003, 1.0000000000000000E+000, 1.7387877783510186E+000, 0.0000000000000000E+000, 0.0000000000000000E+000, 6.5825344239210615E-001
263,cdiaghg,23,12,F, 4.1021663153259688E+001, 1.0968789104446138E+001, 3.4207800562221021E-003,-4.5370374968264242E+000, 1.0968789104446138E+001, 0.0000000000000000E+000, 0.0000000000000000E+000, 7.0900732047992827E+000, 1.7387877783510186E+000, 2.1636517988429696E-003, 1.0000000000000000E+000, 1.7387877783510186E+000, 0.0000000000000000E+000, 0.0000000000000000E+000, 6.6785991039068182E-001
264,cdiaghg,24,12,F, 2.2260231043090489E+001, 7.2424910074348006E+000, 5.0130811266495435E-017,-4.5282174086861895E+000, 7.2424910074348006E+000, 0.0000000000000000E+000, 0.0000000000000000E+000, 8.0197497143583085E+000, 1.7819697380841235E+000, 1.5983865481466118E-017, 9.9999999999999845E-001, 1.7819697380841235E+000, 0.0000000000000000E+000, 0.0000000000000000E+000, 7.1214294405400969E-001
265,cdiaghg,23,12,F, 4.1453919566922870E+001, 1.1604143775645575E+001, 1.3049475423974088E-002,-4.5363298358053026E+000, 1.1604143775645575E+001, 0.0000000000000000E+000, 0.0000000000000000E+000, 7.3975563279141090E+000, 1.5129978115276155E+000, 1.6419357086052560E-003, 1.0000000000000000E+000, 1.5129978115276155E+000, 0.0000000000000000E+000, 0.0000000000000000E+000, 7.0717307496979109E-001
266,cdiaghg,14,12,F, 1.0069730820417218E+001, 4.5365244083556240E+000, 4.1603158574139674E-003,-4.5365244083556240E+000, 3.4346488347771045E+000, 0.0000000000000000E+000, 0.0000000000000000E+000, 4.2704409342488985E+000, 1.4758529856801830E+000, 3.0613544100565365E-003, 1.0000000000000000E+000, 1.4758529856801830E+000, 0.0000000000000000E+000, 0.0000000000000000E+000, 4.0747673203798151E-001
267,cdiaghg,24,12,F, 2.1992427836909087E+001, 6.5458645583788044E+000, 5.5327288728932710E-017,-4.5312622785328207E+000, 6.5458645583788044E+000, 0.0000000000000000E+000, 0.0000000000000000E+000, 8.1482892654532932E+000, 1.4321794711737106E+000, 9.8381198671914882E-018, 9.9999999999999789E-001, 1.4321794711737106E+000, 0.0000000000000000E+000, 0.0000000000000000E+000, 7.2540069711892341E-001
268,cdiaghg,21,12,F, 3.1849598116282756E+001, 9.2256632403426426E+000, 1.5958054974068840E-003,-4.5383100681750657E+000, 9.2256632403426426E+000, 0.0000000000000000E+000, 0.0000000000000000E+000, 6.8813515311431495E+000, 2.9701855849981733E+000, 1.7463473189065011E-003, 1.0000000000000000E+000, 2.9701855849981733E+000, 0.0000000000000000E+000, 0.0000000000000000E+000, 6.5858639903573779E-001
269,cdiaghg,24,12,F, 3.3689105369913420E+001, 9.2256632403426426E+000, 1.5958054974068840E-003,-4.5383100681750657E+000, 9.2256632403426426E+000, 0.0000000000000000E+000, 0.0000000000000000E+000, 7.9511289538923631E+000, 2.9701855849981733E+000, 1.7463473189065011E-003, 1.0000000000000000E+000, 2.9701855849981733E+000, 0.0000000000000000E+000, 0.0000000000000000E+000, 7.0492230464498462E-001
270,cdiaghg,24,12,F, 2.1943881615049513E+001, 7.3069504389165836E+000, 1.8092730296484795E-017,-4.5293975486649005E+000, 7.3069504389165836E+000, 0.0000000000000000E+000, 0.0000000000000000E+000, 7.5528446069279074E+000, 1.5251340494652088E+000, 1.6040180002534187E-017, 9.9999999999999756E-001, 1.5251340494652088E+000, 0.0000000000000000E+000, 0.0000000000000000E+000, 6.8311089484618703E-001
271,cdiaghg,23,12,F, 3.8373310333816249E+001, 9.6154410773334202E+000, 4.3446207819189215E-003,-4.5365880023924152E+000, 9.6154410773334202E+000, 0.0000000000000000E+000, 0.0000000000000000E+000, 6.7219871129752820E+000, 1.5479601918040549E+000, 1.7658794040418002E-003, 1.0000000000000000E+000, 1.5479601918040549E+000, 0.0000000000000000E+000, 0.0000000000000000E+000, 6.3424750115131989E-001
272,cdiaghg,15,12,F, 1.1411200754867425E+001, 4.5367610732942936E+000, 2.9851676925532820E-003,-4.5367610732942936E+000, 4.0087484475802357E+000, 0.0000000000000000E+000, 0.0000000000000000E+000, 4.5598826119902389E+000, 1.2973850122619766E+000, 1.3510444448749399E-003, 1.0000000000000000E+000, 1.2973850122619766E+000, 0.0000000000000000E+000, 0.0000000000000000E+000, 4.5909570341334260E-001
273,cdiaghg,24,12,F, 2.1705736816856625E+001, 7.2407801068203383E+000, 5.5853591184393944E-017,-4.5309822207433150E+000, 7.2407801068203383E+000, 0.0000000000000000E+000, 0.0000000000000000E+000, 7.2791386819399762E+000, 1.4316251201844143E+000, 3.7559018393818930E-018, 9.9999999999999811E-001, 1.4316251201844143E+000, 0.0000000000000000E+000, 0.0000000000000000E+000, 6.5794912099905589E-001
274,cdiaghg,22,12,F, 3.6855801585993341E+001, 1.0539974310600758E+001, 2.9725933772532598E-003,-4.5363486303825269E+000, 1.0539974310600758E+001, 0.0000000000000000E+000, 0.0000000000000000E+000, 6.5956744136847725E+000, 1.4299864258943749E+000, 4.7496793408637305E-004, 1.0000000000000000E+000, 1.4299864258943749E+000, 0.0000000000000000E+000, 0.0000000000000000E+000, 6.4342647209606751E-001
275,cdiaghg,15,12,F, 1.1617954211960013E+001, 4.5364280710623071E+000, 6.9466457968140830E-003,-4.5364280710623071E+000, 4.1267561345161532E+000, 0.0000000000000000E+000, 0.0000000000000000E+000, 4.6937977884740008E+000, 1.4317112064443909E+000, 3.5741745561091755E-003, 1.0000000000000000E+000, 1.4317112064443909E+000, 0.0000000000000000E+000, 0.0000000000000000E+000, 4.8584403308336604E-001
276,cdiaghg,24,12,F, 2.2132142388825542E+001, 7.9410294784465032E+000, 2.2962011929040225E-017,-4.5307016096927084E+000, 7.9410294784465032E+000, 0.0000000000000000E+000, 0.0000000000000000E+000, 7.1189056404603717E+000, 1.7599738526502062E+000, 1.9138646800217356E-017, 9.9999999999999911E-001, 1.7599738526502062E+000, 0.0000000000000000E+000, 0.0000000000000000E+000, 6.2678837418333766E-001
277,cdiaghg,20,12,F, 2.9230047141122903E+001, 9.9074990216686896E+000, 3.0888582703178769E-003,-4.5361170115082885E+000, 9.9074990216686896E+000, 0.0000000000000000E+000, 0.0000000000000000E+000, 5.7320164354881511E+000, 1.5175302082552329E+000, 1.8743744932598061E-003, 1.0000000000000000E+000, 1.5175302082552329E+000, 0.0000000000000000E+000, 0.0000000000000000E+000, 5.3920228674886661E-001
278,cdiaghg,23,12,F, 3.1804099619225784E+001, 9.9074990216686896E+000, 1.0656865837122848E-003,-4.5361170115082885E+000, 9.9074990216686896E+000, 0.0000000000000000E+000, 0.0000000000000000E+000, 6.7912442006419838E+000, 1.5175302082552329E+000, 5.5965193432044728E-004, 1.0000000000000000E+000, 1.5175302082552329E+000, 0.0000000000000000E+000, 0.0000000000000000E+000, 6.1806689259096104E-001
279,cdiaghg,12,12,T, 8.8386986011433404E+000, 5.4404118480757493E+000, 6.2410929752104037E-006,-5.4404118480757493E+000, 3.0516562493460064E+000, 0.0000000000000000E+000, 0.0000000000000000E+000, 3.4641016151377539E+000, 1.0000000000000011E+000, 9.5196258131873786E-018, 9.9999999999999800E-001, 1.0000000000000011E+000, 0.0000000000000000E+000, 0.0000000000000000E+000, 1.3770576374660401E-015
280,cdiaghg,24,12,F, 2.9855626741251541E+001, 1.4626257866129700E+001, 6.2410929752104037E-006,-5.4404118480757493E+000, 1.4626257866129700E+001, 0.0000000000000000E+000, 0.0000000000000000E+000, 7.8788928227928290E+000, 2.6029488606464697E+000, 9.5196258131873786E-018, 9.9999999999999800E-001, 2.6029488606464697E+000, 0.0000000000000000E+000, 0.0000000000000000E+000, 6.3494089524599850E-001
281,cdiaghg,12,12,T, 8.7389355087240705E+000, 5.4391850307944232E+000, 1.1374355262005323E-006,-5.4391850307944232E+000, 2.9936669255763917E+000, 0.0000000000000000E+000, 0.0000000000000000E+000, 3.4641016151377548E+000, 1.0000000000000016E+000, 1.6231419324563621E-017, 9.9999999999999567E-001, 1.0000000000000016E+000, 0.0000000000000000E+000, 0.0000000000000000E+000, 2.1962113219406452E-015
282,cdiaghg,24,12,F, 2.9841451810457858E+001, 1.0802190657319166E+001, 1.1374355262005323E-006,-5.4391850307944232E+000, 1.0802190657319166E+001, 0.0000000000000000E+000, 0.0000000000000000E+000, 8.3283790608368147E+000, 2.2579211755871498E+000, 1.6231419324563621E-017, 9.9999999999999567E-001, 2.2579211755871498E+000, 0.0000000000000000E+000, 0.0000000000000000E+000, 6.7875117871314650E-001
283,cdiaghg,12,12,T, 8.5883521136831593E+000, 5.4373740130995065E+000, 3.0054336249717675E-006,-5.4373740130995065E+000, 2.8342308968640268E+000, 0.0000000000000000E+000, 0.0000000000000000E+000, 3.4641016151377553E+000, 1.0000000000000011E+000, 7.9240620675166013E-018, 9.9999999999999856E-001, 1.0000000000000011E+000, 0.0000000000000000E+000, 0.0000000000000000E+000, 1.6597388851531166E-015
284,cdiaghg,24,12,F, 3.1916239430601287E+001, 1.0694301486162091E+001, 3.0054336249717675E-006,-5.4373740130995065E+000, 1.0694301486162091E+001, 0.0000000000000000E+000, 0.0000000000000000E+000, 8.6516484898346100E+000, 2.4630556348806394E+000, 7.9240620675166013E-018, 9.9999999999999856E-001, 2.4630556348806394E+000, 0.0000000000000000E+000, 0.0000000000000000E+000, 6.9792088309691369E-001
285,cdiaghg,12,12,T, 8.4786611528060707E+000, 5.4355536613538344E+000, 2.1651575755442449E-007,-5.4355536613538344E+000, 2.7133460259711621E+000, 0.0000000000000000E+000, 0.0000000000000000E+000, 3.4641016151377562E+000, 1.0000000000000018E+000, 4.2312115255832736E-017, 9.9999999999999944E-001, 1.0000000000000018E+000, 0.0000000000000000E+000, 0.0000000000000000E+000, 1.7306084116348807E-015
286,cdiaghg,24,12,F, 3.3968703434761444E+001, 1.0232959517484968E+001, 2.1651575755442449E-007,-5.4355536613538344E+000, 1.0232959517484968E+001, 0.0000000000000000E+000, 0.0000000000000000E+000, 8.5069596795149316E+000, 2.3455757509004145E+000, 4.2312115255832736E-017, 9.9999999999999944E-001, 2.3455757509004145E+000, 0.0000000000000000E+000, 0.0000000000000000E+000, 6.8550852547693242E-001
287,cdiaghg,12,12,T, 8.5503702541733340E+000, 5.4342294690777777E+000, 2.6675768010831771E-006,-5.4342294690777777E+000, 3.0052534059269758E+000, 0.0000000000000000E+000, 0.0000000000000000E+000, 3.4641016151377535E+000, 1.0000000000000007E+000, 2.3610704714302760E-017, 9.9999999999999778E-001, 1.0000000000000007E+000, 0.0000000000000000E+000, 0.0000000000000000E+000, 2.9610058535514328E-015
288,cdiaghg,24,12,F, 3.3191974723986164E+001, 1.1310749871288486E+001, 2.6675768010831771E-006,-5.4342294690777777E+000, 1.1310749871288486E+001, 0.0000000000000000E+000, 0.0000000000000000E+000, 9.4150106074304283E+000, 3.0362201909207256E+000, 2.3610704714302760E-017, 9.9999999999999778E-001, 3.0362201909207256E+000, 0.0000000000000000E+000, 0.0000000000000000E+000, 7.2998337219806164E-001
289,cdiaghg,12,12,T, 8.5902759483558118E+000, 5.4376490868425966E+000, 1.2502066590180012E-006,-5.4376490868425966E+000, 2.7087163659775300E+000, 0.0000000000000000E+000, 0.0000000000000000E+000, 3.4641016151377548E+000, 1.0000000000000016E+000, 4.0094873932501922E-017, 9.9999999999999878E-001, 1.0000000000000016E+000, 0.0000000000000000E+000, 0.0000000000000000E+000, 1.6528129078564450E-015
290,cdiaghg,24,12,F, 3.2433334430819578E+001, 1.1439453269181966E+001, 1.2502066590180012E-006,-5.4376490868425966E+000, 1.1439453269181966E+001, 0.0000000000000000E+000, 0.0000000000000000E+000, 9.0327070061437791E+000, 2.9494007287878370E+000, 4.0094873932501922E-017, 9.9999999999999878E-001, 2.9494007287878370E+000, 0.0000000000000000E+000, 0.0000000000000000E+000, 7.2234968478177897E-001
291,cdiaghg,12,12,T, 8.4635605840515531E+000, 5.4360288128480949E+000, 2.6998985332267633E-005,-5.4360288128480949E+000, 2.5292614923237542E+000, 0.0000000000000000E+000, 0.0000000000000000E+000, 3.4641016151377571E+000, 1.0000000000000022E+000, 2.1912518558936478E-017, 9.9999999999999889E-001, 1.0000000000000022E+000, 0.0000000000000000E+000, 0.0000000000000000E+000, 2.2414760409537169E-015
292,cdiaghg,24,12,F, 3.4322618349818818E+001, 1.0650149931080058E+001, 2.6998985332267633E-005,-5.4360288128480949E+000, 1.0650149931080058E+001, 0.0000000000000000E+000, 0.0000000000000000E+000, 9.0700203745468251E+000, 2.3822202667971792E+000, 2.1912518558936478E-017, 9.9999999999999889E-001, 2.3822202667971792E+000, 0.0000000000000000E+000, 0.0000000000000000E+000, 7.2667471762493130E-001
293,cdiaghg,12,12,T, 8.3930375757423175E+000, 5.4349950395307580E+000, 7.3146431180040913E-006,-5.4349950395307580E+000, 2.4483150864005938E+000, 0.0000000000000000E+000, 0.0000000000000000E+000, 3.4641016151377544E+000, 1.0000000000000018E+000, 2.2028526670723844E-017, 9.9999999999999822E-001, 1.0000000000000018E+000, 0.0000000000000000E+000, 0.0000000000000000E+000, 1.9204270736432473E-015
294,cdiaghg,24,12,F, 3.7795331450275647E+001, 1.1833546036713244E+001, 7.3146431180040913E-006,-5.4349950395307580E+000, 1.1833546036713244E+001, 0.0000000000000000E+000, 0.0000000000000000E+000, 1.0360811294262335E+001, 3.1043954738721520E+000, 2.2028526670723844E-017, 9.9999999999999822E-001, 3.1043954738721520E+000, 0.0000000000000000E+000, 0.0000000000000000E+000, 7.7905459189548343E-001
295,cdiaghg,12,12,T, 8.3625567768253077E+000, 5.4352200402433892E+000, 3.9832065176202416E-006,-5.4352200402433892E+000, 2.1446951183774750E+000, 0.0000000000000000E+000, 0.0000000000000000E+000, 3.4641016151377557E+000, 1.0000000000000020E+000, 9.5540826229406987E-018, 9.9999999999999845E-001, 1.0000000000000020E+000, 0.0000000000000000E+000, 0.0000000000000000E+000, 4.4699251735952775E-015
296,cdiaghg,24,12,F, 3.5644000017043169E+001, 1.0491638169625659E+001, 3.9832065176202416E-006,-5.4352200402433892E+000, 1.0491638169625659E+001, 0.0000000000000000E+000, 0.0000000000000000E+000, 9.7585421940338790E+000, 2.7710733111966204E+000, 9.5540826229406987E-018, 9.9999999999999845E-001, 2.7710733111966204E+000, 0.0000000000000000E+000, 0.0000000000000000E+000, 7.5263612349183151E-001
297,cdiaghg,12,12,T, 8.3266129400099285E+000, 5.4343221432734161E+000, 3.7951659533465501E-006,-5.4343221432734161E+000, 2.0753174920549129E+000, 0.0000000000000000E+000, 0.0000000000000000E+000, 3.4641016151377557E+000, 1.0000000000000016E+000, 5.2187832777874460E-017, 9.9999999999999889E-001, 1.0000000000000016E+000, 0.0000000000000000E+000, 0.0000000000000000E+000, 2.1940012510902380E-015
298,cdiaghg,24,12,F, 3.9126061157035039E+001, 1.3405909899684577E+001, 3.7951659533465501E-006,-5.4343221432734161E+000, 1.3405909899684577E+001, 0.0000000000000000E+000, 0.0000000000000000E+000, 1.0338588881888798E+001, 3.2274967114436617E+000, 5.2187832777874460E-017, 9.9999999999999889E-001, 3.2274967114436617E+000, 0.0000000000000000E+000, 0.0000000000000000E+000, 7.7114628976738664E-001
299,cdiaghg,12,12,T, 8.6892314628921881E+000, 5.4383760672932748E+000, 4.3972481820513815E-006,-5.4383760672932748E+000, 2.9063546829880056E+000, 0.0000000000000000E+000, 0.0000000000000000E+000, 3.4641016151377535E+000, 1.0000000000000031E+000, 7.8855707498195194E-018, 9.9999999999999745E-001, 1.0000000000000031E+000, 0.0000000000000000E+000, 0.0000000000000000E+000, 2.3043725083387973E-015
300,cdiaghg,24,12,F, 2.9079242105305692E+001, 9.6454189138031978E+000, 4.3972481820513815E-006,-5.4383760672932748E+000, 9.6454189138031978E+000, 0.0000000000000000E+000, 0.0000000000000000E+000, 7.9727699102345753E+000, 2.3326809531706183E+000, 7.8855707498195194E-018, 9.9999999999999745E-001, 2.3326809531706183E+000, 0.0000000000000000E+000, 0.0000000000000000E+000, 6.5830861551387065E-001
301,cdiaghg,12,12,T, 8.5812400813770111E+000, 5.4365535057119621E+000, 4.0197840967294224E-006,-5.4365535057119621E+000, 2.7714842941044902E+000, 0.0000000000000000E+000, 0.0000000000000000E+000, 3.4641016151377557E+000, 1.0000000000000024E+000, 1.6944577809294032E-017, 9.9999999999999589E-001, 1.0000000000000024E+000, 0.0000000000000000E+000, 0.0000000000000000E+000, 2.2818524991674245E-015
302,cdiaghg,24,12,F, 3.3108605816339313E+001, 1.1534489307926126E+001, 4.0197840967294224E-006,-5.4365535057119621E+000, 1.1534489307926126E+001, 0.0000000000000000E+000, 0.0000000000000000E+000, 8.9840383258413503E+000, 2.6541928222688953E+000, 1.6944577809294032E-017, 9.9999999999999589E-001, 2.6541928222688953E+000, 0.0000000000000000E+000, 0.0000000000000000E+000, 7.2245038678665818E-001
303,cdiaghg,12,12,T, 8.4844724372677227E+000, 5.4355331502971449E+000, 4.7470974609836750E-006,-5.4355331502971449E+000, 2.6701347379855687E+000, 0.0000000000000000E+000, 0.0000000000000000E+000, 3.4641016151377562E+000, 1.0000000000000024E+000, 2.6679599114482357E-017, 9.9999999999999822E-001, 1.0000000000000024E+000, 0.0000000000000000E+000, 0.0000000000000000E+000, 1.6888113160285911E-015
304,cdiaghg,24,12,F, 3.3958114128505827E+001, 1.2000204062928569E+001, 4.7470974609836750E-006,-5.4355331502971449E+000, 1.2000204062928569E+001, 0.0000000000000000E+000, 0.0000000000000000E+000, 9.1575681548380974E+000, 2.6672200468467393E+000, 2.6679599114482357E-017, 9.9999999999999822E-001, 2.6672200468467393E+000, 0.0000000000000000E+000, 0.0000000000000000E+000, 7.2813346239916577E-001
305,cdiaghg,12,12,T, 8.4473567493760378E+000, 5.4349267743485958E+000, 1.0077836930298521E-006,-5.4349267743485958E+000, 2.6279498171813951E+000, 0.0000000000000000E+000, 0.0000000000000000E+000, 3.4641016151377553E+000, 1.0000000000000036E+000, 1.5799319148944720E-017, 9.9999999999999734E-001, 1.0000000000000036E+000, 0.0000000000000000E+000, 0.0000000000000000E+000, 6.5150845352954262E-015
306,cdiaghg,24,12,F, 3.5228459761248196E+001, 1.1467728723675741E+001, 1.0077836930298521E-006,-5.4349267743485958E+000, 1.1467728723675741E+001, 0.0000000000000000E+000, 0.0000000000000000E+000, 1.0100967431709705E+001, 2.9984025169425230E+000, 1.5799319148944720E-017, 9.9999999999999734E-001, 2.9984025169425230E+000, 0.0000000000000000E+000, 0.0000000000000000E+000, 7.6739791043360295E-001
307,cdiaghg,12,12,T, 8.4431856647114394E+000, 5.4356486329337015E+000, 3.2947955591948920E-006,-5.4356486329337015E+000, 2.3580224506164673E+000, 0.0000000000000000E+000, 0.0000000000000000E+000, 3.4641016151377531E+000, 1.0000000000000013E+000, 2.1563439535162716E-017, 9.9999999999999767E-001, 1.0000000000000013E+000, 0.0000000000000000E+000, 0.0000000000000000E+000, 2.4383854449613511E-015
308,cdiaghg,24,12,F, 3.3647151257779143E+001, 9.3107958403292397E+000, 3.2947955591948920E-006,-5.4356486329337015E+000, 9.3107958403292397E+000, 0.0000000000000000E+000, 0.0000000000000000E+000, 9.1418679250596320E+000, 2.5047421881547010E+000, 2.1563439535162716E-017, 9.9999999999999767E-001, 2.5047421881547010E+000, 0.0000000000000000E+000, 0.0000000000000000E+000, 7.2595588918096821E-001
309,cdiaghg,12,12,T, 8.3710382698529848E+000, 5.4344452330627391E+000, 2.1926053647636453E-005,-5.4344452330627391E+000, 2.2323369861603450E+000, 0.0000000000000000E+000, 0.0000000000000000E+000, 3.4641016151377553E+000, 1.0000000000000013E+000, 1.9354463153605610E-017, 9.9999999999999822E-001, 1.0000000000000013E+000, 0.0000000000000000E+000, 0.0000000000000000E+000, 2.4284053769233727E-015
310,cdiaghg,24,12,F, 3.4706137411084754E+001, 9.9879498389830559E+000, 2.1926053647636453E-005,-5.4344452330627391E+000, 9.9879498389830559E+000, 0.0000000000000000E+000, 0.0000000000000000E+000, 9.4145615529576911E+000, 2.5977738938996593E+000, 1.9354463153605610E-017, 9.9999999999999822E-001, 2.5977738938996593E+000, 0.0000000000000000E+000, 0.0000000000000000E+000, 7.3928589729842897E-001
311,cdiaghg,12,12,T, 8.4869642140657149E+000, 5.4368651206890668E+000, 3.6225375185792181E-006,-5.4368651206890668E+000, 2.4348942409065404E+000, 0.0000000000000000E+000, 0.0000000000000000E+000, 3.4641016151377553E+000, 1.0000000000000016E+000, 2.9333735197283506E-017, 9.9999999999999789E-001, 1.0000000000000016E+000, 0.0000000000000000E+000, 0.0000000000000000E+000, 3.1486731810580386E-015
312,cdiaghg,24,12,F, 3.1501847456583228E+001, 8.3892948871523565E+000, 3.6225375185792181E-006,-5.4368651206890668E+000, 8.3892948871523565E+000, 0.0000000000000000E+000, 0.0000000000000000E+000, 8.5565249505098162E+000, 2.0791439208052158E+000, 2.9333735197283506E-017, 9.9999999999999789E-001, 2.0791439208052158E+000, 0.0000000000000000E+000, 0.0000000000000000E+000, 6.9978550205475898E-001
313,cdiaghg,12,12,T, 8.3354026421147047E+000, 5.4341982160333284E+000, 4.2978967639466391E-006,-5.4341982160333284E+000, 1.9261839603984625E+000, 0.0000000000000000E+000, 0.0000000000000000E+000, 3.4641016151377553E+000, 1.0000000000000022E+000, 3.0029516471302113E-017, 9.9999999999999822E-001, 1.0000000000000022E+000, 0.0000000000000000E+000, 0.0000000000000000E+000, 3.3736303715548365E-015
314,cdiaghg,24,12,F, 3.1068353178771407E+001, 1.1208447845697641E+001, 4.2978967639466391E-006,-5.4341982160333284E+000, 1.1208447845697641E+001, 0.0000000000000000E+000, 0.0000000000000000E+000, 8.9305737928485769E+000, 2.7145151614385883E+000, 3.0029516471302113E-017, 9.9999999999999822E-001, 2.7145151614385883E+000, 0.0000000000000000E+000, 0.0000000000000000E+000, 7.2804194395567357E-001
315,cdiaghg,12,12,T, 8.4530527153104131E+000, 5.4354252962221405E+000, 6.3916855430885589E-006,-5.4354252962221405E+000, 2.5177985060349899E+000, 0.0000000000000000E+000, 0.0000000000000000E+000, 3.4641016151377562E+000, 1.0000000000000033E+000, 6.1268484812150250E-017, 9.9999999999999745E-001, 1.0000000000000033E+000, 0.0000000000000000E+000, 0.0000000000000000E+000, 5.0251631710683354E-015
316,cdiaghg,24,12,F, 3.9133713109210618E+001, 1.2254903436077189E+001, 6.3916855430885589E-006,-5.4354252962221405E+000, 1.2254903436077189E+001, 0.0000000000000000E+000, 0.0000000000000000E+000, 1.0234748461406056E+001, 3.2677209792036530E+000, 6.1268484812150250E-017, 9.9999999999999745E-001, 3.2677209792036530E+000, 0.0000000000000000E+000, 0.0000000000000000E+000, 7.6325604438344430E-001
317,cdiaghg,12,12,T, 8.4118139823371116E+000, 5.4346187415445044E+000, 4.4425764477413989E-006,-5.4346187415445044E+000, 2.4586638369086242E+000, 0.0000000000000000E+000, 0.0000000000000000E+000, 3.4641016151377562E+000, 1.0000000000000018E+000, 3.5571725419408361E-017, 9.9999999999999933E-001, 1.0000000000000018E+000, 0.0000000000000000E+000, 0.0000000000000000E+000, 2.2557837344316402E-015
318,cdiaghg,24,12,F, 4.1992863985445176E+001, 1.3570542340696161E+001, 4.4425764477413989E-006,-5.4346187415445044E+000, 1.3570542340696161E+001, 0.0000000000000000E+000, 0.0000000000000000E+000, 1.0751438979774509E+001, 3.2217879395384861E+000, 3.5571725419408361E-017, 9.9999999999999933E-001, 3.2217879395384861E+000, 0.0000000000000000E+000, 0.0000000000000000E+000, 7.7617203196178364E-001
319,cdiaghg,12,12,T, 8.3468553908743175E+000, 5.4356067715428038E+000, 5.6168837139343469E-006,-5.4356067715428038E+000, 2.0171244061713249E+000, 0.0000000000000000E+000, 0.0000000000000000E+000, 3.4641016151377539E+000, 1.0000000000000016E+000, 3.1893749713051558E-017, 9.9999999999999778E-001, 1.0000000000000016E+000, 0.0000000000000000E+000, 0.0000000000000000E+000, 2.3604499850105553E-015
320,cdiaghg,24,12,F, 3.9415681680170223E+001, 1.1958718436196616E+001, 5.6168837139343469E-006,-5.4356067715428038E+000, 1.1958718436196616E+001, 0.0000000000000000E+000, 0.0000000000000000E+000, 1.0423846184736783E+001, 2.9551193549422976E+000, 3.1893749713051558E-017, 9.9999999999999778E-001, 2.9551193549422976E+000, 0.0000000000000000E+000, 0.0000000000000000E+000, 7.7500702283586509E-001
321,cdiaghg,12,12,T, 8.5849735943144019E+000, 5.4369109274824172E+000, 4.8220399536846992E-006,-5.4369109274824172E+000, 2.5799537725419528E+000, 0.0000000000000000E+000, 0.0000000000000000E+000, 3.4641016151377566E+000, 1.0000000000000018E+000, 1.0217260746061813E-017, 9.9999999999999956E-001, 1.0000000000000018E+000, 0.0000000000000000E+000, 0.0000000000000000E+000, 1.5567035561873701E-015
322,cdiaghg,24,12,F, 3.1000808343771837E+001, 9.6652148408940750E+000, 4.8220399536846992E-006,-5.4369109274824172E+000, 9.6652148408940750E+000, 0.0000000000000000E+000, 0.0000000000000000E+000, 9.3786365768947011E+000, 2.2766790809175843E+000, 1.0217260746061813E-017, 9.9999999999999956E-001, 2.2766790809175843E+000, 0.0000000000000000E+000, 0.0000000000000000E+000, 7.4140937259700757E-001
323,cdiaghg,12,12,T, 8.4739781778010332E+000, 5.4344989430717012E+000, 1.0020120011225674E-005,-5.4344989430717012E+000, 2.4523076303597326E+000, 0.0000000000000000E+000, 0.0000000000000000E+000, 3.4641016151377557E+000, 1.0000000000000022E+000, 9.6228533537084832E-018, 9.9999999999999878E-001, 1.0000000000000022E+000, 0.0000000000000000E+000, 0.0000000000000000E+000, 2.0412449975702002E-015
324,cdiaghg,24,12,F, 3.5831892195811079E+001, 1.1548631713110696E+001, 1.0020120011225674E-005,-5.4344989430717012E+000, 1.1548631713110696E+001, 0.0000000000000000E+000, 0.0000000000000000E+000, 1.0726154123926888E+001, 3.1874154211586849E+000, 9.6228533537084832E-018, 9.9999999999999878E-001, 3.1874154211586849E+000, 0.0000000000000000E+000, 0.0000000000000000E+000, 7.8823624854789476E-001
325,cdiaghg,12,12,T, 8.4351014168899763E+000, 5.4338494119664347E+000, 5.5918745776607537E-006,-5.4338494119664347E+000, 2.3988591681247682E+000, 0.0000000000000000E+000, 0.0000000000000000E+000, 3.4641016151377522E+000, 1.0000000000000013E+000, 2.9432483519661571E-017, 9.9999999999999645E-001, 1.0000000000000013E+000, 0.0000000000000000E+000, 0.0000000000000000E+000, 2.0257892925162129E-015
326,cdiaghg,24,12,F, 3.2596552203309059E+001, 1.0179836016786583E+001, 5.5918745776607537E-006,-5.4338494119664347E+000, 1.0179836016786583E+001, 0.0000000000000000E+000, 0.0000000000000000E+000, 9.4057782797086968E+000, 2.9418557921766024E+000, 2.9432483519661571E-017, 9.9999999999999645E-001, 2.9418557921766024E+000, 0.0000000000000000E+000, 0.0000000000000000E+000, 7.3533407636088799E-001
327,cdiaghg,12,12,T, 8.4070234137905828E+000, 5.4334914370804208E+000, 1.3385481257347574E-006,-5.4334914370804208E+000, 2.0943192638636701E+000, 0.0000000000000000E+000, 0.0000000000000000E+000, 3.4641016151377535E+000, 1.0000000000000018E+000, 2.9499999550122393E-017, 9.9999999999999800E-001, 1.0000000000000018E+000, 0.0000000000000000E+000, 0.0000000000000000E+000, 2.4930649043611716E-015
328,cdiaghg,24,12,F, 2.7915277374226079E+001, 8.9266345387868817E+000, 1.3385481257347574E-006,-5.4334914370804208E+000, 8.9266345387868817E+000, 0.0000000000000000E+000, 0.0000000000000000E+000, 8.1897523566973973E+000, 1.8097010594707648E+000, 2.9499999550122393E-017, 9.9999999999999800E-001, 1.8097010594707648E+000, 0.0000000000000000E+000, 0.0000000000000000E+000, 6.8644768038918424E-001
329,cdiaghg,12,12,T, 8.4051876649970865E+000, 5.4344737216513970E+000, 1.6058035846357925E-006,-5.4344737216513970E+000, 2.0590374955666140E+000, 0.0000000000000000E+000, 0.0000000000000000E+000, 3.4641016151377553E+000, 1.0000000000000029E+000, 3.9145177005813203E-017, 9.9999999999999822E-001, 1.0000000000000029E+000, 0.0000000000000000E+000, 0.0000000000000000E+000, 1.9915014813748176E-015
330,cdiaghg,24,12,F, 3.5436972681714131E+001, 1.0934900649806952E+001, 1.6058035846357925E-006,-5.4344737216513970E+000, 1.0934900649806952E+001, 0.0000000000000000E+000, 0.0000000000000000E+000, 8.9595701362486615E+000, 3.2225512919467976E+000, 3.9145177005813203E-017, 9.9999999999999822E-001, 3.2225512919467976E+000, 0.0000000000000000E+000, 0.0000000000000000E+000, 7.0411337359665893E-001
331,cdiaghg,12,12,T, 8.5090848674514028E+000, 5.4338975429407919E+000, 3.1291639758390208E-006,-5.4338975429407919E+000, 2.2737548051599488E+000, 0.0000000000000000E+000, 0.0000000000000000E+000, 3.4641016151377579E+000, 1.0000000000000044E+000, 2.1715893113169137E-017, 9.9999999999999833E-001, 1.0000000000000044E+000, 0.0000000000000000E+000, 0.0000000000000000E+000, 2.1784080141503382E-015
332,cdiaghg,24,12,F, 3.2648899491552356E+001, 8.8517468144069404E+000, 3.1291639758390208E-006,-5.4338975429407919E+000, 8.8517468144069404E+000, 0.0000000000000000E+000, 0.0000000000000000E+000, 8.7204243679932141E+000, 2.9375927290523771E+000, 2.1715893113169137E-017, 9.9999999999999833E-001, 2.9375927290523771E+000, 0.0000000000000000E+000, 0.0000000000000000E+000, 6.9371456379187857E-001
333,cdiaghg,12,12,T, 8.4835826100994502E+000, 5.4339845294894031E+000, 3.8151845184319236E-006,-5.4339845294894031E+000, 2.2089261852430395E+000, 0.0000000000000000E+000, 0.0000000000000000E+000, 3.4641016151377562E+000, 1.0000000000000020E+000, 7.7263654178198234E-018, 9.9999999999999867E-001, 1.0000000000000020E+000, 0.0000000000000000E+000, 0.0000000000000000E+000, 1.6088850967999040E-015
334,cdiaghg,24,12,F, 3.1803117937306155E+001, 1.0739077150937311E+001, 3.8151845184319236E-006,-5.4339845294894031E+000, 1.0739077150937311E+001, 0.0000000000000000E+000, 0.0000000000000000E+000, 1.0056315735836421E+001, 3.2841491013749158E+000, 7.7263654178198234E-018, 9.9999999999999867E-001, 3.2841491013749158E+000, 0.0000000000000000E+000, 0.0000000000000000E+000, 7.6670250994932043E-001
335,cdiaghg,12,12,T, 8.5611660293740481E+000, 5.4342151012560294E+000, 1.9405892873050262E-006,-5.4342151012560294E+000, 2.1414085216793000E+000, 0.0000000000000000E+000, 0.0000000000000000E+000, 3.4641016151377553E+000, 1.0000000000000018E+000, 3.0178490171708930E-017, 9.9999999999999911E-001, 1.0000000000000018E+000, 0.0000000000000000E+000, 0.0000000000000000E+000, 1.4327569493570740E-015
336,cdiaghg,24,12,F, 3.5615925142749923E+001, 1.1778683129732316E+001, 1.9405892873050262E-006,-5.4342151012560294E+000, 1.1778683129732316E+001, 0.0000000000000000E+000, 0.0000000000000000E+000, 9.6388558552862005E+000, 3.6534004819664312E+000, 3.0178490171708930E-017, 9.9999999999999911E-001, 3.6534004819664312E+000, 0.0000000000000000E+000, 0.0000000000000000E+000, 7.1933561935129198E-001
337,cdiaghg,12,12,T, 8.6140018792909547E+000, 4.9780277927387893E+000, 3.0213925234225975E-006,-4.9780277927387893E+000, 3.4884695675414674E+000, 0.0000000000000000E+000, 0.0000000000000000E+000, 3.4641016151377557E+000, 1.0000000000000022E+000, 3.0899035499790187E-017, 9.9999999999999900E-001, 1.0000000000000022E+000, 0.0000000000000000E+000, 0.0000000000000000E+000, 2.1843126038146692E-015
338,cdiaghg,24,12,F, 2.4956687390151465E+001, 1.1954122351024612E+001, 3.0213925234225975E-006,-4.9780277927387893E+000, 1.1954122351024612E+001, 0.0000000000000000E+000, 0.0000000000000000E+000, 6.9258626571573698E+000, 2.1836858105220394E+000, 3.0899035499790187E-017, 9.9999999999999900E-001, 2.1836858105220394E+000, 0.0000000000000000E+000, 0.0000000000000000E+000, 5.4140379936321714E-001
339,cdiaghg,12,12,T, 8.3784681977736835E+000, 4.9761466210957321E+000, 4.4332779797930992E-006,-4.9761466210957321E+000, 3.0617043473312053E+000, 0.0000000000000000E+000, 0.0000000000000000E+000, 3.4641016151377539E+000, 1.0000000000000018E+000, 1.1990836074735350E-017, 9.9999999999999767E-001, 1.0000000000000018E+000, 0.0000000000000000E+000, 0.0000000000000000E+000, 2.3844750824149704E-015
340,cdiaghg,24,12,F, 2.4760580576855169E+001, 7.0109415951424428E+000, 4.4332779797930992E-006,-4.9761466210957321E+000, 7.0109415951424428E+000, 0.0000000000000000E+000, 0.0000000000000000E+000, 7.0631243428545467E+000, 1.7396243142922967E+000, 1.1990836074735350E-017, 9.9999999999999767E-001, 1.7396243142922967E+000, 0.0000000000000000E+000, 0.0000000000000000E+000, 5.7400104681181041E-001
341,cdiaghg,12,12,T, 8.2354375873349284E+000, 4.9739036830015335E+000, 1.0413086261735988E-005,-4.9739036830015335E+000, 2.9184648280267398E+000, 0.0000000000000000E+000, 0.0000000000000000E+000, 3.4641016151377531E+000, 1.0000000000000027E+000, 1.7683872432443007E-017, 9.9999999999999700E-001, 1.0000000000000027E+000, 0.0000000000000000E+000, 0.0000000000000000E+000, 3.0145990821385383E-015
342,cdiaghg,24,12,F, 2.9536127285572636E+001, 8.6362707096293043E+000, 1.0413086261735988E-005,-4.9739036830015335E+000, 8.6362707096293043E+000, 0.0000000000000000E+000, 0.0000000000000000E+000, 8.2221334238461861E+000, 1.8543398014744068E+000, 1.7683872432443007E-017, 9.9999999999999700E-001, 1.8543398014744068E+000, 0.0000000000000000E+000, 0.0000000000000000E+000, 6.8890616327435028E-001
343,cdiaghg,13,12,F, 1.0371047870804748E+001, 6.2203882770683121E+000, 8.8466572648422653E-003,-4.9759425158508348E+000, 6.2203882770683121E+000, 0.0000000000000000E+000, 0.0000000000000000E+000, 3.7387654686660743E+000, 1.1581854407532479E+000, 3.2863415543247601E-003, 1.0000000000000000E+000, 1.1581854407532479E+000, 0.0000000000000000E+000, 0.0000000000000000E+000, 2.1762038484306864E-001
344,cdiaghg,12,12,T, 8.1215223958372924E+000, 4.9718028524767393E+000, 5.0702396235473794E-006,-4.9718028524767393E+000, 2.7907170632555029E+000, 0.0000000000000000E+000, 0.0000000000000000E+000, 3.4641016151377544E+000, 1.0000000000000018E+000, 1.8161489188289167E-017, 9.9999999999999833E-001, 1.0000000000000018E+000, 0.0000000000000000E+000, 0.0000000000000000E+000, 2.0088505151295122E-015
345,cdiaghg,24,12,F, 3.1847644132136097E+001, 8.6249218966199415E+000, 5.0702396235473794E-006,-4.9718028524767393E+000, 8.6249218966199415E+000, 0.0000000000000000E+000, 0.0000000000000000E+000, 9.0340886767527540E+000, 1.8919471120868252E+000, 1.8161489188289167E-017, 9.9999999999999833E-001, 1.8919471120868252E+000, 0.0000000000000000E+000, 0.0000000000000000E+000, 7.3116984909561367E-001
346,cdiaghg,13,12,F, 1.0631868686259818E+001, 6.7768422902709293E+000, 2.4602371446818122E-003,-4.9737772132449098E+000, 6.7768422902709293E+000, 0.0000000000000000E+000, 0.0000000000000000E+000, 3.7619036086745972E+000, 1.1770633295180857E+000, 1.6805758602707740E-003, 1.0000000000000000E+000, 1.1770633295180857E+000, 0.0000000000000000E+000, 0.0000000000000000E+000, 2.3743088037161891E-001
347,cdiaghg,12,12,T, 8.0794008953109167E+000, 4.9705431096713468E+000, 6.0424088046489891E-006,-4.9705431096713468E+000, 2.7435742323615071E+000, 0.0000000000000000E+000, 0.0000000000000000E+000, 3.4641016151377557E+000, 1.0000000000000029E+000, 2.4967957284660029E-017, 9.9999999999999756E-001, 1.0000000000000029E+000, 0.0000000000000000E+000, 0.0000000000000000E+000, 2.6581723186555589E-015
348,cdiaghg,24,12,F, 3.0003248430415912E+001, 1.2681709875729910E+001, 6.0424088046489891E-006,-4.9705431096713468E+000, 1.2681709875729910E+001, 0.0000000000000000E+000, 0.0000000000000000E+000, 8.5204913448492885E+000, 2.3749048322859281E+000, 2.4967957284660029E-017, 9.9999999999999756E-001, 2.3749048322859281E+000, 0.0000000000000000E+000, 0.0000000000000000E+000, 6.9142677451332435E-001
349,cdiaghg,13,12,F, 1.0872086390798421E+001, 7.1888038554788052E+000, 2.9922934781643289E-003,-4.9722909943952178E+000, 7.1888038554788052E+000, 0.0000000000000000E+000, 0.0000000000000000E+000, 3.7715641881366246E+000, 1.1829120041437478E+000, 2.1244737651571607E-003, 1.0000000000000000E+000, 1.1829120041437478E+000, 0.0000000000000000E+000, 0.0000000000000000E+000, 2.4572131133757846E-001
350,cdiaghg,12,12,T, 8.2493049482572083E+000, 4.9744071998096135E+000, 8.3028389960506762E-006,-4.9744071998096135E+000, 2.8376332576185508E+000, 0.0000000000000000E+000, 0.0000000000000000E+000, 3.4641016151377571E+000, 1.0000000000000027E+000, 3.3630869682684689E-017, 9.9999999999999845E-001, 1.0000000000000027E+000, 0.0000000000000000E+000, 0.0000000000000000E+000, 1.9689875263395159E-015
351,cdiaghg,24,12,F, 2.6059755194357141E+001, 7.2919819995248059E+000, 8.3028389960506762E-006,-4.9744071998096135E+000, 7.2919819995248059E+000, 0.0000000000000000E+000, 0.0000000000000000E+000, 7.7159711981802497E+000, 1.7096054659059841E+000, 3.3630869682684689E-017, 9.9999999999999845E-001, 1.7096054659059841E+000, 0.0000000000000000E+000, 0.0000000000000000E+000, 6.4792888703750284E-001
352,cdiaghg,13,12,F, 1.0781449879251619E+001, 6.7137615670649264E+000, 1.3880327266097467E-002,-4.9763051962379823E+000, 6.7137615670649264E+000, 0.0000000000000000E+000, 0.0000000000000000E+000, 3.7639095778330183E+000, 1.1829579267567798E+000, 5.1987886685840165E-003, 1.0000000000000000E+000, 1.1829579267567798E+000, 0.0000000000000000E+000, 0.0000000000000000E+000, 2.3779572181137143E-001
353,cdiaghg,12,12,T, 8.1219538996054137E+000, 4.9725584079189078E+000, 4.4294795505382528E-005,-4.9725584079189078E+000, 2.6617740655271440E+000, 0.0000000000000000E+000, 0.0000000000000000E+000, 3.4641016151377531E+000, 1.0000000000000022E+000, 4.7931698763886398E-017, 9.9999999999999645E-001, 1.0000000000000022E+000, 0.0000000000000000E+000, 0.0000000000000000E+000, 3.8381297359784218E-015
354,cdiaghg,24,12,F, 3.1172835037723498E+001, 8.2741682934702006E+000, 4.4294795505382528E-005,-4.9725584079189078E+000, 8.2741682934702006E+000, 0.0000000000000000E+000, 0.0000000000000000E+000, 9.0097917099677005E+000, 1.7541106830695887E+000, 4.7931698763886398E-017, 9.9999999999999645E-001, 1.7541106830695887E+000, 0.0000000000000000E+000, 0.0000000000000000E+000, 7.3267624200882442E-001
355,cdiaghg,13,12,F, 1.0388489344917893E+001, 6.3091809722085834E+000, 2.4052039802474067E-002,-4.9744857184114561E+000, 6.3091809722085834E+000, 0.0000000000000000E+000, 0.0000000000000000E+000, 3.7425858472008637E+000, 1.1555659788356296E+000, 1.8664642458472779E-002, 1.0000000000000000E+000, 1.1555659788356296E+000, 0.0000000000000000E+000, 0.0000000000000000E+000, 2.2288236365917902E-001
356,cdiaghg,12,12,T, 8.0495737781908243E+000, 4.9713331734085919E+000, 2.4610622786780751E-005,-4.9713331734085919E+000, 2.5814906277995253E+000, 0.0000000000000000E+000, 0.0000000000000000E+000, 3.4641016151377544E+000, 1.0000000000000020E+000, 3.9784611449858013E-017, 9.9999999999999856E-001, 1.0000000000000020E+000, 0.0000000000000000E+000, 0.0000000000000000E+000, 5.1002524020000901E-015
357,cdiaghg,24,12,F, 3.1506113058935671E+001, 9.2214340953413227E+000, 2.4610622786780751E-005,-4.9713331734085919E+000, 9.2214340953413227E+000, 0.0000000000000000E+000, 0.0000000000000000E+000, 9.0320708925169786E+000, 1.9318494037696190E+000, 3.9784611449858013E-017, 9.9999999999999856E-001, 1.9318494037696190E+000, 0.0000000000000000E+000, 0.0000000000000000E+000, 7.2887834330584034E-001
358,cdiaghg,13,12,F, 1.0505104700031657E+001, 6.5722508243234525E+000, 1.7642831986088361E-002,-4.9731097713287777E+000, 6.5722508243234525E+000, 0.0000000000000000E+000, 0.0000000000000000E+000, 3.7426582032203886E+000, 1.1517227384037858E+000, 1.0617857455308724E-002, 1.0000000000000000E+000, 1.1517227384037858E+000, 0.0000000000000000E+000, 0.0000000000000000E+000, 2.2419195622088564E-001
359,cdiaghg,12,12,T, 8.0199333863263789E+000, 4.9715284554245533E+000, 2.7074915608778939E-005,-4.9715284554245533E+000, 2.3015741146234365E+000, 0.0000000000000000E+000, 0.0000000000000000E+000, 3.4641016151377539E+000, 1.0000000000000020E+000, 1.9866045220373748E-017, 9.9999999999999711E-001, 1.0000000000000020E+000, 0.0000000000000000E+000, 0.0000000000000000E+000, 5.0377987213210180E-015
360,cdiaghg,24,12,F, 3.2352116926250027E+001, 8.5808295790817315E+000, 2.7074915608778939E-005,-4.9715284554245533E+000, 8.5808295790817315E+000, 0.0000000000000000E+000, 0.0000000000000000E+000, 9.3536900746619054E+000, 1.9101702109050800E+000, 1.9866045220373748E-017, 9.9999999999999711E-001, 1.9101702109050800E+000, 0.0000000000000000E+000, 0.0000000000000000E+000, 7.4504303894556256E-001
361,cdiaghg,12,12,T, 7.9831021051396220E+000, 4.9706841256392629E+000, 7.8746969378665617E-006,-4.9706841256392629E+000, 2.2330908838700356E+000, 0.0000000000000000E+000, 0.0000000000000000E+000, 3.4641016151377571E+000, 1.0000000000000018E+000, 3.7096805855546310E-017, 9.9999999999999989E-001, 1.0000000000000018E+000, 0.0000000000000000E+000, 0.0000000000000000E+000, 2.2206599458704911E-015
362,cdiaghg,24,12,F, 3.2710843843544737E+001, 9.0910247018669281E+000, 7.8746969378665617E-006,-4.9706841256392629E+000, 9.0910247018669281E+000, 0.0000000000000000E+000, 0.0000000000000000E+000, 9.3311037902634055E+000, 1.9519848535818864E+000, 3.7096805855546310E-017, 9.9999999999999989E-001, 1.9519848535818864E+000, 0.0000000000000000E+000, 0.0000000000000000E+000, 7.4356159172817304E-001
363,cdiaghg,12,12,T, 8.3468023494315684E+000, 4.9752581784117975E+000, 3.3988146605625995E-006,-4.9752581784117975E+000, 3.0324032053747350E+000, 0.0000000000000000E+000, 0.0000000000000000E+000, 3.4641016151377575E+000, 1.0000000000000044E+000, 1.6575008493610676E-017, 9.9999999999999756E-001, 1.0000000000000044E+000, 0.0000000000000000E+000, 0.0000000000000000E+000, 2.6036544344033151E-015
364,cdiaghg,24,12,F, 2.6002334520985620E+001, 8.3719689734462843E+000, 3.3988146605625995E-006,-4.9752581784117975E+000, 8.3719689734462843E+000, 0.0000000000000000E+000, 0.0000000000000000E+000, 7.3268527928487419E+000, 1.7711281723333978E+000, 1.6575008493610676E-017, 9.9999999999999756E-001, 1.7711281723333978E+000, 0.0000000000000000E+000, 0.0000000000000000E+000, 6.1003982642180732E-001
365,cdiaghg,12,12,T, 8.2515954275415329E+000, 4.9731116675489240E+000, 6.6771657426222268E-006,-4.9731116675489240E+000, 2.9186643942536157E+000, 0.0000000000000000E+000, 0.0000000000000000E+000, 3.4641016151377513E+000, 1.0000000000000009E+000, 3.0628114942347517E-017, 9.9999999999999689E-001, 1.0000000000000009E+000, 0.0000000000000000E+000, 0.0000000000000000E+000, 2.1167460093803520E-015
366,cdiaghg,24,12,F, 2.8911068579730159E+001, 7.6304238368968829E+000, 6.6771657426222268E-006,-4.9731116675489240E+000, 7.6304238368968829E+000, 0.0000000000000000E+000, 0.0000000000000000E+000, 8.5037808504845049E+000, 1.8316235784674171E+000, 3.0628114942347517E-017, 9.9999999999999689E-001, 1.8316235784674171E+000, 0.0000000000000000E+000, 0.0000000000000000E+000, 7.0343199178254001E-001
367,cdiaghg,12,12,T, 8.1543751567577161E+000, 4.9718780768053206E+000, 4.3551430799631765E-006,-4.9718780768053206E+000, 2.8237380818545215E+000, 0.0000000000000000E+000, 0.0000000000000000E+000, 3.4641016151377553E+000, 1.0000000000000016E+000, 2.8096818323698164E-017, 9.9999999999999911E-001, 1.0000000000000016E+000, 0.0000000000000000E+000, 0.0000000000000000E+000, 6.9011985706286027E-015
368,cdiaghg,24,12,F, 3.0556451558432055E+001, 9.1946948137564561E+000, 4.3551430799631765E-006,-4.9718780768053206E+000, 9.1946948137564561E+000, 0.0000000000000000E+000, 0.0000000000000000E+000, 9.2800110553255362E+000, 1.9633807365215983E+000, 2.8096818323698164E-017, 9.9999999999999911E-001, 1.9633807365215983E+000, 0.0000000000000000E+000, 0.0000000000000000E+000, 7.4502206333586141E-001
369,cdiaghg,12,12,T, 8.1155286108307454E+000, 4.9711200298701481E+000, 6.5271773971933209E-006,-4.9711200298701481E+000, 2.7809284062547737E+000, 0.0000000000000000E+000, 0.0000000000000000E+000, 3.4641016151377544E+000, 1.0000000000000024E+000, 1.6404674436725033E-017, 9.9999999999999833E-001, 1.0000000000000024E+000, 0.0000000000000000E+000, 0.0000000000000000E+000, 2.9512180673919144E-015
370,cdiaghg,24,12,F, 3.1747928133773161E+001, 1.2242771007075579E+001, 6.5271773971933209E-006,-4.9711200298701481E+000, 1.2242771007075579E+001, 0.0000000000000000E+000, 0.0000000000000000E+000, 9.4074175991009135E+000, 2.3321768635452820E+000, 1.6404674436725033E-017, 9.9999999999999833E-001, 2.3321768635452820E+000, 0.0000000000000000E+000, 0.0000000000000000E+000, 7.4191823628380327E-001
371,cdiaghg,13,12,F, 1.1081339276140399E+001, 7.2899661413051051E+000, 7.4887542078563569E-004,-4.9728378083761875E+000, 7.2899661413051051E+000, 0.0000000000000000E+000, 0.0000000000000000E+000, 3.8126097014576366E+000, 1.2077221108777521E+000, 5.2019679114140174E-004, 1.0000000000000000E+000, 1.2077221108777521E+000, 0.0000000000000000E+000, 0.0000000000000000E+000, 2.7764699878814625E-001
372,cdiaghg,12,12,T, 8.1024396182905303E+000, 4.9720969649678768E+000, 1.0323387382205826E-005,-4.9720969649678768E+000, 2.5024765890607283E+000, 0.0000000000000000E+000, 0.0000000000000000E+000, 3.4641016151377544E+000, 1.0000000000000040E+000, 2.0977882918451508E-017, 9.9999999999999800E-001, 1.0000000000000040E+000, 0.0000000000000000E+000, 0.0000000000000000E+000, 3.6655762794114748E-015
373,cdiaghg,24,12,F, 3.0439539768468872E+001, 8.0609417160575134E+000, 1.0323387382205826E-005,-4.9720969649678768E+000, 8.0609417160575134E+000, 0.0000000000000000E+000, 0.0000000000000000E+000, 8.8862111249654419E+000, 1.8965232183167429E+000, 2.0977882918451508E-017, 9.9999999999999800E-001, 1.8965232183167429E+000, 0.0000000000000000E+000, 0.0000000000000000E+000, 7.2341218639230986E-001
374,cdiaghg,12,12,T, 8.0285048206391423E+000, 4.9706693881486741E+000, 7.0479254612355316E-005,-4.9706693881486741E+000, 2.3824131672833482E+000, 0.0000000000000000E+000, 0.0000000000000000E+000, 3.4641016151377526E+000, 1.0000000000000020E+000, 3.1935636059795083E-017, 9.9999999999999700E-001, 1.0000000000000020E+000, 0.0000000000000000E+000, 0.0000000000000000E+000, 4.0267255389011395E-015
375,cdiaghg,24,12,F, 2.8893948925180677E+001, 8.1306791188455225E+000, 7.0479254612355316E-005,-4.9706693881486741E+000, 8.1306791188455225E+000, 0.0000000000000000E+000, 0.0000000000000000E+000, 8.7546009504824571E+000, 1.8250875454876394E+000, 3.1935636059795083E-017, 9.9999999999999700E-001, 1.8250875454876394E+000, 0.0000000000000000E+000, 0.0000000000000000E+000, 7.2010399351373877E-001
376,cdiaghg,12,12,T, 8.1464126752931012E+000, 4.9732999769982911E+000, 1.4855561739442909E-006,-4.9732999769982911E+000, 2.5795485842706940E+000, 0.0000000000000000E+000, 0.0000000000000000E+000, 3.4641016151377553E+000, 1.0000000000000020E+000, 1.7100201636879372E-017, 9.9999999999999745E-001, 1.0000000000000020E+000, 0.0000000000000000E+000, 0.0000000000000000E+000, 1.0968032501453131E-014
377,cdiaghg,24,12,F, 2.8897903715816692E+001, 7.3758434432155227E+000, 1.4855561739442909E-006,-4.9732999769982911E+000, 7.3758434432155227E+000, 0.0000000000000000E+000, 0.0000000000000000E+000, 8.2552389762132634E+000, 1.8476183410125773E+000, 1.7100201636879372E-017, 9.9999999999999745E-001, 1.8476183410125773E+000, 0.0000000000000000E+000, 0.0000000000000000E+000, 6.9014150832965138E-001
378,cdiaghg,12,12,T, 7.9917113559362107E+000, 4.9701467959559071E+000, 6.6927733056736823E-006,-4.9701467959559071E+000, 2.1019763930664377E+000, 0.0000000000000000E+000, 0.0000000000000000E+000, 3.4641016151377535E+000, 1.0000000000000018E+000, 2.0012219469408123E-017, 9.9999999999999734E-001, 1.0000000000000018E+000, 0.0000000000000000E+000, 0.0000000000000000E+000, 4.6806452707205165E-015
379,cdiaghg,24,12,F, 2.8243421294634945E+001, 6.5162712650405119E+000, 6.6927733056736823E-006,-4.9701467959559071E+000, 6.5162712650405119E+000, 0.0000000000000000E+000, 0.0000000000000000E+000, 8.6933211194092230E+000, 1.6880598049726703E+000, 2.0012219469408123E-017, 9.9999999999999734E-001, 1.6880598049726703E+000, 0.0000000000000000E+000, 0.0000000000000000E+000, 7.1882182374920334E-001
380,cdiaghg,12,12,T, 8.1158830352795643E+000, 4.9716766394628458E+000, 1.3862609493359673E-005,-4.9716766394628458E+000, 2.6565299320631111E+000, 0.0000000000000000E+000, 0.0000000000000000E+000, 3.4641016151377535E+000, 1.0000000000000013E+000, 5.9836701560183622E-018, 9.9999999999999867E-001, 1.0000000000000013E+000, 0.0000000000000000E+000, 0.0000000000000000E+000, 3.4816897128200523E-015
381,cdiaghg,24,12,F, 3.4869069052665424E+001, 1.0082194152338525E+001, 1.3862609493359673E-005,-4.9716766394628458E+000, 1.0082194152338525E+001, 0.0000000000000000E+000, 0.0000000000000000E+000, 9.3249995986986089E+000, 2.6080630474833288E+000, 5.9836701560183622E-018, 9.9999999999999867E-001, 2.6080630474833288E+000, 0.0000000000000000E+000, 0.0000000000000000E+000, 7.3201321388262064E-001
382,cdiaghg,13,12,F, 8.9310715181321267E+000, 4.9735836335835977E+000, 2.0402162925717941E-002,-4.9735836335835977E+000, 2.9244702591185607E+000, 0.0000000000000000E+000, 0.0000000000000000E+000, 3.7815716704818798E+000, 1.1585428538721283E+000, 8.8913355163354538E-003, 1.0000000000000000E+000, 1.1585428538721283E+000, 0.0000000000000000E+000, 0.0000000000000000E+000, 2.6220941886940147E-001
383,cdiaghg,12,12,T, 8.0719914390975909E+000, 4.9710677303179045E+000, 1.1905962035823802E-005,-4.9710677303179045E+000, 2.5934525405470765E+000, 0.0000000000000000E+000, 0.0000000000000000E+000, 3.4641016151377562E+000, 1.0000000000000038E+000, 6.3422859432744148E-018, 9.9999999999999822E-001, 1.0000000000000038E+000, 0.0000000000000000E+000, 0.0000000000000000E+000, 3.6225649074976837E-015
384,cdiaghg,24,12,F, 3.8298136513660644E+001, 1.0843060981356743E+001, 1.1905962035823802E-005,-4.9710677303179045E+000, 1.0843060981356743E+001, 0.0000000000000000E+000, 0.0000000000000000E+000, 9.9465494660951652E+000, 2.3967167697390299E+000, 6.3422859432744148E-018, 9.9999999999999822E-001, 2.3967167697390299E+000, 0.0000000000000000E+000, 0.0000000000000000E+000, 7.5171172419226040E-001
385,cdiaghg,13,12,F, 8.6880522725198013E+000, 4.9727873881181672E+000, 8.8125664736820580E-003,-4.9727873881181672E+000, 2.5915953892871570E+000, 0.0000000000000000E+000, 0.0000000000000000E+000, 3.7457396392842508E+000, 1.1256191882956137E+000, 6.7353213054590477E-003, 1.0000000000000000E+000, 1.1256191882956137E+000, 0.0000000000000000E+000, 0.0000000000000000E+000, 2.3567976344357319E-001
386,cdiaghg,12,12,T, 8.0061639148739747E+000, 4.9717932328612520E+000, 8.8471360956064999E-006,-4.9717932328612520E+000, 2.1926626867878660E+000, 0.0000000000000000E+000, 0.0000000000000000E+000, 3.4641016151377557E+000, 1.0000000000000022E+000, 4.7994062791423789E-018, 9.9999999999999822E-001, 1.0000000000000022E+000, 0.0000000000000000E+000, 0.0000000000000000E+000, 3.0240432180822045E-015
387,cdiaghg,24,12,F, 3.5940818982175671E+001, 8.9990184909555833E+000, 8.8471360956064999E-006,-4.9717932328612520E+000, 8.9990184909555833E+000, 0.0000000000000000E+000, 0.0000000000000000E+000, 1.0453746104217288E+001, 2.2815579635691328E+000, 4.7994062791423789E-018, 9.9999999999999822E-001, 2.2815579635691328E+000, 0.0000000000000000E+000, 0.0000000000000000E+000, 7.8243135083883097E-001
388,cdiaghg,13,12,F, 8.6750284457307387E+000, 4.9736023630611159E+000, 2.6175754810509161E-003,-4.9736023630611159E+000, 2.3689609468339370E+000, 0.0000000000000000E+000, 0.0000000000000000E+000, 3.7479956858030938E+000, 1.1239202026259234E+000, 1.9074328485933166E-003, 1.0000000000000000E+000, 1.1239202026259234E+000, 0.0000000000000000E+000, 0.0000000000000000E+000, 2.3858646268251363E-001
389,cdiaghg,12,12,T, 8.2195352387946237E+000, 4.9730029254620352E+000, 2.9610595460746997E-006,-4.9730029254620352E+000, 2.7237730507319089E+000, 0.0000000000000000E+000, 0.0000000000000000E+000, 3.4641016151377562E+000, 1.0000000000000089E+000, 1.6990359151024957E-017, 9.9999999999999822E-001, 1.0000000000000089E+000, 0.0000000000000000E+000, 0.0000000000000000E+000, 3.1578327691805224E-015
390,cdiaghg,24,12,F, 3.4047371326560572E+001, 1.0573003274506000E+001, 2.9610595460746997E-006,-4.9730029254620352E+000, 1.0573003274506000E+001, 0.0000000000000000E+000, 0.0000000000000000E+000, 9.1919802366990702E+000, 2.1253194767543064E+000, 1.6990359151024957E-017, 9.9999999999999822E-001, 2.1253194767543064E+000, 0.0000000000000000E+000, 0.0000000000000000E+000, 7.3115187836712014E-001
391,cdiaghg,12,12,T, 8.1362568219945732E+000, 4.9705504941704115E+000, 9.3395913991539730E-006,-4.9705504941704115E+000, 2.5906836067667398E+000, 0.0000000000000000E+000, 0.0000000000000000E+000, 3.4641016151377553E+000, 1.0000000000000036E+000, 4.6928450074947870E-017, 9.9999999999999800E-001, 1.0000000000000036E+000, 0.0000000000000000E+000, 0.0000000000000000E+000, 2.9822121296108892E-015
392,cdiaghg,24,12,F, 2.8529209188695944E+001, 8.5092116107618079E+000, 9.3395913991539730E-006,-4.9705504941704115E+000, 8.5092116107618079E+000, 0.0000000000000000E+000, 0.0000000000000000E+000, 8.9229796402403245E+000, 1.8492067276081496E+000, 4.6928450074947870E-017, 9.9999999999999800E-001, 1.8492067276081496E+000, 0.0000000000000000E+000, 0.0000000000000000E+000, 7.2478011572781686E-001
393,cdiaghg,13,12,F, 1.0194895680017396E+001, 5.8570762800163925E+000, 2.5706322722479453E-003,-4.9722757638401749E+000, 5.8570762800163925E+000, 0.0000000000000000E+000, 0.0000000000000000E+000, 3.7429089765783021E+000, 1.1409680676578227E+000, 6.0953933228361336E-004, 1.0000000000000000E+000, 1.1409680676578227E+000, 0.0000000000000000E+000, 0.0000000000000000E+000, 2.2786980335709439E-001
394,cdiaghg,12,12,T, 8.0942266059640762E+000, 4.9698299011338163E+000, 1.0530507322860917E-005,-4.9698299011338163E+000, 2.5336057052156602E+000, 0.0000000000000000E+000, 0.0000000000000000E+000, 3.4641016151377531E+000, 1.0000000000000009E+000, 7.4731048732526674E-018, 9.9999999999999722E-001, 1.0000000000000009E+000, 0.0000000000000000E+000, 0.0000000000000000E+000, 1.9396194019126420E-015
395,cdiaghg,24,12,F, 2.9009209492469356E+001, 1.1023473610023538E+001, 1.0530507322860917E-005,-4.9698299011338163E+000, 1.1023473610023538E+001, 0.0000000000000000E+000, 0.0000000000000000E+000, 8.9937925919122250E+000, 2.1540616752727080E+000, 7.4731048732526674E-018, 9.9999999999999722E-001, 2.1540616752727080E+000, 0.0000000000000000E+000, 0.0000000000000000E+000, 7.2288312297281232E-001
396,cdiaghg,13,12,F, 9.2993781029904170E+000, 4.9715638493490664E+000, 1.2440039204990282E-002,-4.9715638493490664E+000, 4.0157096235589940E+000, 0.0000000000000000E+000, 0.0000000000000000E+000, 3.7282349046007877E+000, 1.1166768780963872E+000, 6.9439864597758373E-003, 1.0000000000000000E+000, 1.1166768780963872E+000, 0.0000000000000000E+000, 0.0000000000000000E+000, 2.1895671990713581E-001
397,cdiaghg,12,12,T, 8.0667467334123852E+000, 4.9693138586436785E+000, 6.9022480540777972E-006,-4.9693138586436785E+000, 2.2422601236725059E+000, 0.0000000000000000E+000, 0.0000000000000000E+000, 3.4641016151377562E+000, 1.0000000000000027E+000, 1.9269765299465170E-017, 9.9999999999999889E-001, 1.0000000000000027E+000, 0.0000000000000000E+000, 0.0000000000000000E+000, 5.6512887408323695E-015
398,cdiaghg,24,12,F, 2.7583051576192837E+001, 8.7705634758962283E+000, 6.9022480540777972E-006,-4.9693138586436785E+000, 8.7705634758962283E+000, 0.0000000000000000E+000, 0.0000000000000000E+000, 8.7984218734923907E+000, 1.9096255627555880E+000, 1.9269765299465170E-017, 9.9999999999999889E-001, 1.9096255627555880E+000, 0.0000000000000000E+000, 0.0000000000000000E+000, 7.1744295017203952E-001
399,cdiaghg,14,12,F, 1.2507670097122295E+001, 7.7500961328858633E+000, 1.4110747707614228E-002,-4.9711042685686824E+000, 7.7500961328858633E+000, 0.0000000000000000E+000, 0.0000000000000000E+000, 4.0074644090247542E+000, 1.1723911721770579E+000, 6.3945718453307801E-003, 1.0000000000000000E+000, 1.1723911721770579E+000, 0.0000000000000000E+000, 0.0000000000000000E+000, 2.9874446112923991E-001
400,cdiaghg,12,12,T, 8.0658496315081507E+000, 4.9705707328862410E+000, 2.9607329621202870E-006,-4.9705707328862410E+000, 2.2169981769014910E+000, 0.0000000000000000E+000, 0.0000000000000000E+000, 3.4641016151377539E+000, 1.0000000000000011E+000, 1.6889906688329893E-017, 9.9999999999999811E-001, 1.0000000000000011E+000, 0.0000000000000000E+000, 0.0000000000000000E+000, 1.3789568768659229E-015
401,cdiaghg,24,12,F, 3.3527509248919920E+001, 1.1863697114523681E+001, 2.9607329621202870E-006,-4.9705707328862410E+000, 1.1863697114523681E+001, 0.0000000000000000E+000, 0.0000000000000000E+000, 9.6267675304355471E+000, 3.9641658631430481E+000, 1.6889906688329893E-017, 9.9999999999999811E-001, 3.9641658631430481E+000, 0.0000000000000000E+000, 0.0000000000000000E+000, 7.3614773236560760E-001
402,cdiaghg,13,12,F, 8.7502640159859837E+000, 4.9724906366141308E+000, 1.5636550623539939E-003,-4.9724906366141308E+000, 2.7408381996056637E+000, 0.0000000000000000E+000, 0.0000000000000000E+000, 3.7352597131580074E+000, 1.1057205970158139E+000, 1.1364923918028688E-003, 1.0000000000000000E+000, 1.1057205970158139E+000, 0.0000000000000000E+000, 0.0000000000000000E+000, 2.3041321517513047E-001
403,cdiaghg,12,12,T, 8.1590083117942171E+000, 4.9696886772793656E+000, 1.0068585068604894E-005,-4.9696886772793656E+000, 2.3973919134254489E+000, 0.0000000000000000E+000, 0.0000000000000000E+000, 3.4641016151377557E+000, 1.0000000000000027E+000, 1.5414112047857602E-017, 9.9999999999999756E-001, 1.0000000000000027E+000, 0.0000000000000000E+000, 0.0000000000000000E+000, 1.9308372512283733E-015
404,cdiaghg,24,12,F, 3.2577565642698637E+001, 9.5279055492468796E+000, 1.0068585068604894E-005,-4.9696886772793656E+000, 9.5279055492468796E+000, 0.0000000000000000E+000, 0.0000000000000000E+000, 8.6889140460346503E+000, 2.1816745968989504E+000, 1.5414112047857602E-017, 9.9999999999999756E-001, 2.1816745968989504E+000, 0.0000000000000000E+000, 0.0000000000000000E+000, 6.9374007478387123E-001
405,cdiaghg,14,12,F, 1.1439842451150906E+001, 5.7847230187977070E+000, 1.3491236003105071E-003,-4.9714469333631879E+000, 5.7847230187977070E+000, 0.0000000000000000E+000, 0.0000000000000000E+000, 4.0244925508305824E+000, 1.1542928374824604E+000, 1.1814965290119221E-003, 1.0000000000000000E+000, 1.1542928374824604E+000, 0.0000000000000000E+000, 0.0000000000000000E+000, 3.2257095403013619E-001
406,cdiaghg,12,12,T, 8.1351074736194775E+000, 4.9696802957717416E+000, 6.3332163533146373E-006,-4.9696802957717416E+000, 2.3240044298854490E+000, 0.0000000000000000E+000, 0.0000000000000000E+000, 3.4641016151377544E+000, 1.0000000000000027E+000, 1.6748388075954152E-017, 9.9999999999999634E-001, 1.0000000000000027E+000, 0.0000000000000000E+000, 0.0000000000000000E+000, 2.6788011249647887E-015
407,cdiaghg,24,12,F, 2.9442567016614646E+001, 1.0457875996191380E+001, 6.3332163533146373E-006,-4.9696802957717416E+000, 1.0457875996191380E+001, 0.0000000000000000E+000, 0.0000000000000000E+000, 8.7935059495339623E+000, 2.0891216394619865E+000, 1.6748388075954152E-017, 9.9999999999999634E-001, 2.0891216394619865E+000, 0.0000000000000000E+000, 0.0000000000000000E+000, 6.9823041234658312E-001
408,cdiaghg,14,12,F, 1.2631519470830495E+001, 7.2588240233522372E+000, 7.9824455662433225E-003,-4.9714005927389966E+000, 7.2588240233522372E+000, 0.0000000000000000E+000, 0.0000000000000000E+000, 4.0143775263090440E+000, 1.1686808303371119E+000, 4.0974105333549142E-003, 1.0000000000000000E+000, 1.1686808303371119E+000, 0.0000000000000000E+000, 0.0000000000000000E+000, 3.1070645329819085E-001
409,cdiaghg,12,12,T, 8.1932992208569271E+000, 4.9703118881834554E+000, 2.0215040300626275E-006,-4.9703118881834554E+000, 2.2480472708056549E+000, 0.0000000000000000E+000, 0.0000000000000000E+000, 3.4641016151377531E+000, 1.0000000000000009E+000, 4.5338896622531343E-017, 9.9999999999999822E-001, 1.0000000000000009E+000, 0.0000000000000000E+000, 0.0000000000000000E+000, 1.5525165526765960E-015
410,cdiaghg,24,12,F, 2.7819145143486317E+001, 1.0246977862515322E+001, 2.0215040300626275E-006,-4.9703118881834554E+000, 1.0246977862515322E+001, 0.0000000000000000E+000, 0.0000000000000000E+000, 7.4703105797129341E+000, 2.3083628163152974E+000, 4.5338896622531343E-017, 9.9999999999999822E-001, 2.3083628163152974E+000, 0.0000000000000000E+000, 0.0000000000000000E+000, 5.7368322657639170E-001
411,cdiaghg,14,12,F, 1.1769479586436358E+001, 5.9077237831799270E+000, 9.2791276504201176E-004,-4.9715308078099669E+000, 5.9077237831799270E+000, 0.0000000000000000E+000, 0.0000000000000000E+000, 3.9800967531266003E+000, 1.0980838626233713E+000, 4.5535137192754887E-004, 1.0000000000000000E+000, 1.0980838626233713E+000, 0.0000000000000000E+000, 0.0000000000000000E+000, 3.0304174240337095E-001
412,cdiaghg,12,12,T, 8.4491888622164115E+000, 5.0239372297803584E+000, 5.9098266065799545E-007,-5.0239372297803584E+000, 3.0607026009686034E+000, 0.0000000000000000E+000, 0.0000000000000000E+000, 3.4641016151377562E+000, 1.0000000000000020E+000, 1.6863831884545391E-017, 9.9999999999999911E-001, 1.0000000000000020E+000, 0.0000000000000000E+000, 0.0000000000000000E+000, 1.2596300584562417E-015
413,cdiaghg,24,12,F, 1.9432440961538749E+001, 6.5882106266902491E+000, 5.9098266065799545E-007,-5.0239372297803584E+000, 6.5882106266902491E+000, 0.0000000000000000E+000, 0.0000000000000000E+000, 6.0476243775042100E+000, 1.3622941168195406E+000, 1.6863831884545391E-017, 9.9999999999999911E-001, 1.3622941168195406E+000, 0.0000000000000000E+000, 0.0000000000000000E+000, 4.7275602886817858E-001
414,cdiaghg,17,12,F, 2.6822274234892735E+001, 1.1900383376464044E+001, 2.1686612554265485E-003,-5.0256704595930763E+000, 1.1900383376464044E+001, 0.0000000000000000E+000, 0.0000000000000000E+000, 4.7466337658277604E+000, 1.3397053997208768E+000, 1.7598460003349998E-003, 1.0000000000000000E+000, 1.3397053997208768E+000, 0.0000000000000000E+000, 0.0000000000000000E+000, 3.9685837734171781E-001
415,cdiaghg,12,12,T, 8.3761327230158003E+000, 5.0226429189895594E+000, 4.9526130432213856E-007,-5.0226429189895594E+000, 3.0384915476874443E+000, 0.0000000000000000E+000, 0.0000000000000000E+000, 3.4641016151377562E+000, 1.0000000000000036E+000, 2.0205127404780753E-017, 9.9999999999999811E-001, 1.0000000000000036E+000, 0.0000000000000000E+000, 0.0000000000000000E+000, 1.9323919585139760E-015
416,cdiaghg,24,12,F, 2.0909126770743516E+001, 5.4344840765542939E+000, 4.9526130432213856E-007,-5.0226429189895594E+000, 5.4344840765542939E+000, 0.0000000000000000E+000, 0.0000000000000000E+000, 6.4878196210410124E+000, 1.3509672931351049E+000, 2.0205127404780753E-017, 9.9999999999999811E-001, 1.3509672931351049E+000, 0.0000000000000000E+000, 0.0000000000000000E+000, 5.6096123652397467E-001
417,cdiaghg,17,12,F, 2.1209151535924967E+001, 9.9754130639441883E+000, 6.7691602642674167E-003,-5.0243359105423684E+000, 9.9754130639441883E+000, 0.0000000000000000E+000, 0.0000000000000000E+000, 4.6137233219266101E+000, 1.2578938898656540E+000, 1.7804165655309148E-003, 1.0000000000000000E+000, 1.2578938898656540E+000, 0.0000000000000000E+000, 0.0000000000000000E+000, 3.7510315528545812E-001
418,cdiaghg,12,12,T, 8.2213347277842157E+000, 5.0205789665448961E+000, 7.1365033476643827E-007,-5.0205789665448961E+000, 2.8584968536539099E+000, 0.0000000000000000E+000, 0.0000000000000000E+000, 3.4641016151377535E+000, 1.0000000000000016E+000, 7.0605995957107605E-018, 9.9999999999999822E-001, 1.0000000000000016E+000, 0.0000000000000000E+000, 0.0000000000000000E+000, 1.7351054667749522E-015
419,cdiaghg,24,12,F, 2.3802304011826521E+001, 7.0346732363746618E+000, 7.1365033476643827E-007,-5.0205789665448961E+000, 7.0346732363746618E+000, 0.0000000000000000E+000, 0.0000000000000000E+000, 7.0239572005809814E+000, 1.4949046731490869E+000, 7.0605995957107605E-018, 9.9999999999999822E-001, 1.4949046731490869E+000, 0.0000000000000000E+000, 0.0000000000000000E+000, 6.1960247669271684E-001
420,cdiaghg,17,12,F, 1.9055405442269880E+001, 8.6980589048925818E+000, 4.9894333436244264E-003,-5.0221760411729086E+000, 8.6980589048925818E+000, 0.0000000000000000E+000, 0.0000000000000000E+000, 4.6761612179927958E+000, 1.1990985581004281E+000, 3.3943889233119173E-003, 1.0000000000000000E+000, 1.1990985581004281E+000, 0.0000000000000000E+000, 0.0000000000000000E+000, 3.8161532507465834E-001
421,cdiaghg,12,12,T, 8.1079824016260122E+000, 5.0184951844672847E+000, 1.7340593386989795E-007,-5.0184951844672847E+000, 2.7288922564833165E+000, 0.0000000000000000E+000, 0.0000000000000000E+000, 3.4641016151377557E+000, 1.0000000000000020E+000, 1.4718407210823112E-017, 9.9999999999999922E-001, 1.0000000000000020E+000, 0.0000000000000000E+000, 0.0000000000000000E+000, 2.5206193962557029E-015
422,cdiaghg,24,12,F, 2.3975057790955049E+001, 6.9516593292526894E+000, 1.7340593386989795E-007,-5.0184951844672847E+000, 6.9516593292526894E+000, 0.0000000000000000E+000, 0.0000000000000000E+000, 7.4354636770849583E+000, 1.5092664044386128E+000, 1.4718407210823112E-017, 9.9999999999999922E-001, 1.5092664044386128E+000, 0.0000000000000000E+000, 0.0000000000000000E+000, 6.5153256537821125E-001
423,cdiaghg,18,12,F, 2.1184380391461644E+001, 9.3559741855864615E+000, 4.9494959021703514E-003,-5.0200344865233202E+000, 9.3559741855864615E+000, 0.0000000000000000E+000, 0.0000000000000000E+000, 4.9767819342535713E+000, 1.2780919733126856E+000, 3.5594227463017977E-003, 1.0000000000000000E+000, 1.2780919733126856E+000, 0.0000000000000000E+000, 0.0000000000000000E+000, 4.4847457808942109E-001
424,cdiaghg,12,12,T, 8.2124126430115005E+000, 5.0171455855175875E+000, 4.2472349686754495E-007,-5.0171455855175875E+000, 3.0874343729930076E+000, 0.0000000000000000E+000, 0.0000000000000000E+000, 3.4641016151377553E+000, 1.0000000000000020E+000, 4.0124948824083415E-018, 9.9999999999999900E-001, 1.0000000000000020E+000, 0.0000000000000000E+000, 0.0000000000000000E+000, 3.6646447257335707E-015
425,cdiaghg,24,12,F, 2.5509025749270464E+001, 1.0672256106098381E+001, 4.2472349686754495E-007,-5.0171455855175875E+000, 1.0672256106098381E+001, 0.0000000000000000E+000, 0.0000000000000000E+000, 7.6183089193713567E+000, 1.8768390067327672E+000, 4.0124948824083415E-018, 9.9999999999999900E-001, 1.8768390067327672E+000, 0.0000000000000000E+000, 0.0000000000000000E+000, 6.4481100012282977E-001
426,cdiaghg,18,12,F, 2.4773490006138676E+001, 1.4554622772995003E+001, 5.2784152499188322E-004,-5.0186750737720951E+000, 1.4554622772995003E+001, 0.0000000000000000E+000, 0.0000000000000000E+000, 4.6586659440168177E+000, 1.1497205192741771E+000, 3.0127950382809231E-004, 1.0000000000000000E+000, 1.1497205192741771E+000, 0.0000000000000000E+000, 0.0000000000000000E+000, 3.5764958848898271E-001
427,cdiaghg,19,12,F, 2.5012548143884853E+001, 1.4554622772995003E+001, 1.6266134064279650E-004,-5.0186750737720951E+000, 1.4554622772995003E+001, 0.0000000000000000E+000, 0.0000000000000000E+000, 4.8495388675564826E+000, 1.1497205192741771E+000, 1.2653964083785609E-004, 1.0000000000000000E+000, 1.1497205192741771E+000, 0.0000000000000000E+000, 0.0000000000000000E+000, 3.8452707382875900E-001
428,cdiaghg,20,12,F, 2.5354929450217952E+001, 1.4554622772995003E+001, 1.6266134064279650E-004,-5.0186750737720951E+000, 1.4554622772995003E+001, 0.0000000000000000E+000, 0.0000000000000000E+000, 5.0920006892399723E+000, 1.1807776421554768E+000, 1.2653964083785609E-004, 1.0000000000000000E+000, 1.1807776421554768E+000, 0.0000000000000000E+000, 0.0000000000000000E+000, 4.1781371824113495E-001
429,cdiaghg,21,12,F, 2.5796317584518309E+001, 1.4554622772995003E+001, 1.6266134064279650E-004,-5.0186750737720951E+000, 1.4554622772995003E+001, 0.0000000000000000E+000, 0.0000000000000000E+000, 5.4024717624753205E+000, 1.3137968469243260E+000, 1.2653964083785609E-004, 1.0000000000000000E+000, 1.3137968469243260E+000, 0.0000000000000000E+000, 0.0000000000000000E+000, 4.5929259967867825E-001
430,cdiaghg,22,12,F, 2.6249563370535476E+001, 1.4554622772995003E+001, 1.6266134064279650E-004,-5.0186750737720951E+000, 1.4554622772995003E+001, 0.0000000000000000E+000, 0.0000000000000000E+000, 5.5758865269177535E+000, 1.3137968469243260E+000, 1.2653964083785609E-004, 1.0000000000000000E+000, 1.3137968469243260E+000, 0.0000000000000000E+000, 0.0000000000000000E+000, 4.6908653875311140E-001
431,cdiaghg,12,12,T, 8.2367154607919204E+000, 5.0209172852117288E+000, 1.2947051822895129E-006,-5.0209172852117288E+000, 2.7791071823907574E+000, 0.0000000000000000E+000, 0.0000000000000000E+000, 3.4641016151377522E+000, 1.0000000000000013E+000, 1.4209493127466792E-017, 9.9999999999999778E-001, 1.0000000000000013E+000, 0.0000000000000000E+000, 0.0000000000000000E+000, 1.5751955219394061E-015
432,cdiaghg,24,12,F, 2.2144333410217634E+001, 5.9883184639301330E+000, 1.2947051822895129E-006,-5.0209172852117288E+000, 5.9883184639301330E+000, 0.0000000000000000E+000, 0.0000000000000000E+000, 6.8149247937097277E+000, 1.3944259535379031E+000, 1.4209493127466792E-017, 9.9999999999999778E-001, 1.3944259535379031E+000, 0.0000000000000000E+000, 0.0000000000000000E+000, 6.0189810824182843E-001
433,cdiaghg,17,12,F, 2.0071452856868589E+001, 9.0345685784836416E+000, 3.1702884204504980E-003,-5.0225683553243483E+000, 9.0345685784836416E+000, 0.0000000000000000E+000, 0.0000000000000000E+000, 4.8104339123932185E+000, 1.2038216078903090E+000, 2.1094841020211316E-003, 1.0000000000000000E+000, 1.2038216078903090E+000, 0.0000000000000000E+000, 0.0000000000000000E+000, 4.4182276840013379E-001
434,cdiaghg,12,12,T, 8.1107712355252239E+000, 5.0191271580100167E+000, 4.4877633757722074E-005,-5.0191271580100167E+000, 2.6044143485685587E+000, 0.0000000000000000E+000, 0.0000000000000000E+000, 3.4641016151377544E+000, 1.0000000000000016E+000, 1.0845051977244352E-017, 9.9999999999999811E-001, 1.0000000000000016E+000, 0.0000000000000000E+000, 0.0000000000000000E+000, 1.6875651096080710E-015
435,cdiaghg,24,12,F, 2.3419634727966368E+001, 6.4639037906982475E+000, 4.4877633757722074E-005,-5.0191271580100167E+000, 6.4639037906982475E+000, 0.0000000000000000E+000, 0.0000000000000000E+000, 7.3337271030119373E+000, 1.4693340342744068E+000, 1.0845051977244352E-017, 9.9999999999999811E-001, 1.4693340342744068E+000, 0.0000000000000000E+000, 0.0000000000000000E+000, 6.4953099967777539E-001
436,cdiaghg,18,12,F, 2.2581227031087799E+001, 8.2526845969392326E+000, 1.6201554422409697E-002,-5.0206972248457458E+000, 8.2526845969392326E+000, 0.0000000000000000E+000, 0.0000000000000000E+000, 5.1277147334379309E+000, 1.1729107724098027E+000, 7.2384722035262845E-003, 1.0000000000000000E+000, 1.1729107724098027E+000, 0.0000000000000000E+000, 0.0000000000000000E+000, 5.0116206040980593E-001
437,cdiaghg,12,12,T, 8.0380428927901235E+000, 5.0177901680256856E+000, 6.0937373941432401E-005,-5.0177901680256856E+000, 2.5212836375514929E+000, 0.0000000000000000E+000, 0.0000000000000000E+000, 3.4641016151377548E+000, 1.0000000000000020E+000, 2.6314563931428219E-017, 9.9999999999999867E-001, 1.0000000000000020E+000, 0.0000000000000000E+000, 0.0000000000000000E+000, 2.7290169640770273E-015
438,cdiaghg,24,12,F, 2.5628416258464085E+001, 8.8320933908792192E+000, 6.0937373941432401E-005,-5.0177901680256856E+000, 8.8320933908792192E+000, 0.0000000000000000E+000, 0.0000000000000000E+000, 7.4847711571648903E+000, 1.6628041240231362E+000, 2.6314563931428219E-017, 9.9999999999999867E-001, 1.6628041240231362E+000, 0.0000000000000000E+000, 0.0000000000000000E+000, 6.4530937353759821E-001
439,cdiaghg,17,12,F, 2.1123904819220922E+001, 9.6243874809901513E+000, 8.8877869871549862E-003,-5.0193005684876626E+000, 9.6243874809901513E+000, 0.0000000000000000E+000, 0.0000000000000000E+000, 4.7881310671606112E+000, 1.1687478613823505E+000, 6.3993653242281467E-003, 1.0000000000000000E+000, 1.1687478613823505E+000, 0.0000000000000000E+000, 0.0000000000000000E+000, 4.4816934342695719E-001
440,cdiaghg,12,12,T, 8.0088669723967048E+000, 5.0179889749320736E+000, 1.4033147910128791E-006,-5.0179889749320736E+000, 2.2337664532793493E+000, 0.0000000000000000E+000, 0.0000000000000000E+000, 3.4641016151377544E+000, 1.0000000000000016E+000, 4.7889890946390231E-018, 9.9999999999999800E-001, 1.0000000000000016E+000, 0.0000000000000000E+000, 0.0000000000000000E+000, 1.8097663213275323E-015
441,cdiaghg,24,12,F, 2.6125504225054474E+001, 8.9560547620049018E+000, 1.4033147910128791E-006,-5.0179889749320736E+000, 8.9560547620049018E+000, 0.0000000000000000E+000, 0.0000000000000000E+000, 7.6107062612389953E+000, 1.6543451771877773E+000, 4.7889890946390231E-018, 9.9999999999999800E-001, 1.6543451771877773E+000, 0.0000000000000000E+000, 0.0000000000000000E+000, 6.5683246504801973E-001
442,cdiaghg,17,12,F, 2.0057999673135576E+001, 8.3536280263326557E+000, 1.3608066425118814E-003,-5.0195185178882982E+000, 8.3536280263326557E+000, 0.0000000000000000E+000, 0.0000000000000000E+000, 4.7001369579937640E+000, 1.2206259147461480E+000, 1.3700365004061417E-003, 1.0000000000000000E+000, 1.2206259147461480E+000, 0.0000000000000000E+000, 0.0000000000000000E+000, 4.1272829402788247E-001
443,cdiaghg,12,12,T, 7.9724254321397598E+000, 5.0170940882373438E+000, 7.8035404777331994E-007,-5.0170940882373438E+000, 2.1718312401797637E+000, 0.0000000000000000E+000, 0.0000000000000000E+000, 3.4641016151377553E+000, 1.0000000000000031E+000, 3.4181902044383497E-017, 9.9999999999999889E-001, 1.0000000000000031E+000, 0.0000000000000000E+000, 0.0000000000000000E+000, 2.2664457867460848E-015
444,cdiaghg,24,12,F, 2.5973244538487382E+001, 7.9332012014171340E+000, 7.8035404777331994E-007,-5.0170940882373438E+000, 7.9332012014171340E+000, 0.0000000000000000E+000, 0.0000000000000000E+000, 7.6308804265095080E+000, 1.6753851610336454E+000, 3.4181902044383497E-017, 9.9999999999999889E-001, 1.6753851610336454E+000, 0.0000000000000000E+000, 0.0000000000000000E+000, 6.5883251191519321E-001
445,cdiaghg,17,12,F, 2.1727624543670764E+001, 1.0267441041098360E+001, 4.4466803899116114E-003,-5.0185920198326786E+000, 1.0267441041098360E+001, 0.0000000000000000E+000, 0.0000000000000000E+000, 4.6507177108322795E+000, 1.1869220188676795E+000, 3.8412974570717737E-003, 1.0000000000000000E+000, 1.1869220188676795E+000, 0.0000000000000000E+000, 0.0000000000000000E+000, 4.0415474865962581E-001
446,cdiaghg,12,12,T, 8.3338794479405234E+000, 5.0217402366113610E+000, 3.9282389904681048E-007,-5.0217402366113610E+000, 2.9799656853192564E+000, 0.0000000000000000E+000, 0.0000000000000000E+000, 3.4641016151377566E+000, 1.0000000000000029E+000, 1.7596485859287458E-017, 9.9999999999999878E-001, 1.0000000000000029E+000, 0.0000000000000000E+000, 0.0000000000000000E+000, 1.8342128148184071E-015
447,cdiaghg,24,12,F, 2.2762232740974405E+001, 6.9857147872246887E+000, 3.9282389904681048E-007,-5.0217402366113610E+000, 6.9857147872246887E+000, 0.0000000000000000E+000, 0.0000000000000000E+000, 6.5780519401879607E+000, 1.4531403952209212E+000, 1.7596485859287458E-017, 9.9999999999999878E-001, 1.4531403952209212E+000, 0.0000000000000000E+000, 0.0000000000000000E+000, 5.6740808144455657E-001
448,cdiaghg,17,12,F, 2.1692432260301207E+001, 1.0794681483402972E+001, 2.0615596127459661E-003,-5.0233944894231728E+000, 1.0794681483402972E+001, 0.0000000000000000E+000, 0.0000000000000000E+000, 4.5444826745139668E+000, 1.2317026541005476E+000, 1.5889265423242632E-003, 1.0000000000000000E+000, 1.2317026541005476E+000, 0.0000000000000000E+000, 0.0000000000000000E+000, 3.4463096154397349E-001
449,cdiaghg,12,12,T, 8.2349127807883704E+000, 5.0196493324829898E+000, 4.7506464216793302E-006,-5.0196493324829898E+000, 2.8531091028975029E+000, 0.0000000000000000E+000, 0.0000000000000000E+000, 3.4641016151377548E+000, 1.0000000000000013E+000, 1.7571838547534735E-017, 9.9999999999999878E-001, 1.0000000000000013E+000, 0.0000000000000000E+000, 0.0000000000000000E+000, 1.7256384769270165E-015
450,cdiaghg,24,12,F, 2.3231521255409309E+001, 6.7999665830677651E+000, 4.7506464216793302E-006,-5.0196493324829898E+000, 6.7999665830677651E+000, 0.0000000000000000E+000, 0.0000000000000000E+000, 7.0651643511312461E+000, 1.4916879898672919E+000, 1.7571838547534735E-017, 9.9999999999999878E-001, 1.4916879898672919E+000, 0.0000000000000000E+000, 0.0000000000000000E+000, 6.2267512318564988E-001
451,cdiaghg,18,12,F, 2.1818663894702734E+001, 8.7646476788258809E+000, 3.1942310751573188E-003,-5.0212571425090573E+000, 8.7646476788258809E+000, 0.0000000000000000E+000, 0.0000000000000000E+000, 5.5122355918204367E+000, 1.2282341717537799E+000, 3.6706637988814786E-003, 1.0000000000000000E+000, 1.2282341717537799E+000, 0.0000000000000000E+000, 0.0000000000000000E+000, 6.0096864270939576E-001
452,cdiaghg,12,12,T, 8.1398718124303500E+000, 5.0183515325052097E+000, 1.3991421673431638E-006,-5.0183515325052097E+000, 2.7619974819306945E+000, 0.0000000000000000E+000, 0.0000000000000000E+000, 3.4641016151377539E+000, 1.0000000000000029E+000, 6.5739064526954035E-018, 9.9999999999999700E-001, 1.0000000000000029E+000, 0.0000000000000000E+000, 0.0000000000000000E+000, 1.9208918492932059E-015
453,cdiaghg,24,12,F, 2.4130484013295384E+001, 7.4122053489769693E+000, 1.3991421673431638E-006,-5.0183515325052097E+000, 7.4122053489769693E+000, 0.0000000000000000E+000, 0.0000000000000000E+000, 7.4971833440362747E+000, 1.5552824148960287E+000, 6.5739064526954035E-018, 9.9999999999999700E-001, 1.5552824148960287E+000, 0.0000000000000000E+000, 0.0000000000000000E+000, 6.5430656010693444E-001
454,cdiaghg,18,12,F, 2.1072338809691011E+001, 9.1254462586799701E+000, 1.4118856568163430E-002,-5.0198700942438252E+000, 9.1254462586799701E+000, 0.0000000000000000E+000, 0.0000000000000000E+000, 5.2961552461849370E+000, 1.1686112717579298E+000, 9.8090954997782729E-003, 1.0000000000000000E+000, 1.1686112717579298E+000, 0.0000000000000000E+000, 0.0000000000000000E+000, 5.5996485362198511E-001
455,cdiaghg,12,12,T, 8.1017378096952068E+000, 5.0174008691161491E+000, 1.4597619827681739E-006,-5.0174008691161491E+000, 2.7190409773636897E+000, 0.0000000000000000E+000, 0.0000000000000000E+000, 3.4641016151377526E+000, 1.0000000000000016E+000, 1.1652568998399774E-017, 9.9999999999999711E-001, 1.0000000000000016E+000, 0.0000000000000000E+000, 0.0000000000000000E+000, 1.8327717747485329E-015
456,cdiaghg,24,12,F, 2.5925818729669217E+001, 1.0265571602472836E+001, 1.4597619827681739E-006,-5.0174008691161491E+000, 1.0265571602472836E+001, 0.0000000000000000E+000, 0.0000000000000000E+000, 7.6386491981414331E+000, 1.8414432842670196E+000, 1.1652568998399774E-017, 9.9999999999999711E-001, 1.8414432842670196E+000, 0.0000000000000000E+000, 0.0000000000000000E+000, 6.5429124438341923E-001
457,cdiaghg,17,12,F, 2.0303931460598463E+001, 1.2658181746515796E+001, 2.7457939864522743E-003,-5.0189237540223104E+000, 1.2658181746515796E+001, 0.0000000000000000E+000, 0.0000000000000000E+000, 4.7235461496277740E+000, 1.1470898098344475E+000, 1.8196986836138717E-003, 1.0000000000000000E+000, 1.1470898098344475E+000, 0.0000000000000000E+000, 0.0000000000000000E+000, 4.4352717344623505E-001
458,cdiaghg,12,12,T, 8.0907511849109781E+000, 5.0185388012220304E+000, 6.7994964058540068E-007,-5.0185388012220304E+000, 2.4397433530099435E+000, 0.0000000000000000E+000, 0.0000000000000000E+000, 3.4641016151377553E+000, 1.0000000000000013E+000, 1.8823775855515339E-017, 9.9999999999999856E-001, 1.0000000000000013E+000, 0.0000000000000000E+000, 0.0000000000000000E+000, 1.6992174910673490E-015
459,cdiaghg,24,12,F, 2.4615894809365596E+001, 8.0701066368560337E+000, 6.7994964058540068E-007,-5.0185388012220304E+000, 8.0701066368560337E+000, 0.0000000000000000E+000, 0.0000000000000000E+000, 7.3788527889384605E+000, 1.4724151682607995E+000, 1.8823775855515339E-017, 9.9999999999999856E-001, 1.4724151682607995E+000, 0.0000000000000000E+000, 0.0000000000000000E+000, 6.4353385538071217E-001
460,cdiaghg,18,12,F, 1.9905955074275720E+001, 7.5907646832222415E+000, 7.2246311143759666E-003,-5.0200551074107134E+000, 7.5907646832222415E+000, 0.0000000000000000E+000, 0.0000000000000000E+000, 5.0112806919700592E+000, 1.2317002539213511E+000, 3.4976496619600725E-003, 1.0000000000000000E+000, 1.2317002539213511E+000, 0.0000000000000000E+000, 0.0000000000000000E+000, 4.6777696029609045E-001
461,cdiaghg,12,12,T, 8.0170928929515242E+000, 5.0170847630804554E+000, 8.4017104312899510E-005,-5.0170847630804554E+000, 2.3232197755989414E+000, 0.0000000000000000E+000, 0.0000000000000000E+000, 3.4641016151377548E+000, 1.0000000000000029E+000, 3.7879648684271017E-018, 9.9999999999999822E-001, 1.0000000000000029E+000, 0.0000000000000000E+000, 0.0000000000000000E+000, 5.7489189390673839E-015
462,cdiaghg,24,12,F, 2.4481107753422155E+001, 7.0131197949274320E+000, 8.4017104312899510E-005,-5.0170847630804554E+000, 7.0131197949274320E+000, 0.0000000000000000E+000, 0.0000000000000000E+000, 7.5083633873094087E+000, 1.4956580399797683E+000, 3.7879648684271017E-018, 9.9999999999999822E-001, 1.4956580399797683E+000, 0.0000000000000000E+000, 0.0000000000000000E+000, 6.5504045946734957E-001
463,cdiaghg,17,12,F, 1.9460199592871323E+001, 8.5775055312140722E+000, 4.0947712625430581E-003,-5.0185703200824667E+000, 8.5775055312140722E+000, 0.0000000000000000E+000, 0.0000000000000000E+000, 4.8246699744362456E+000, 1.1447858528745658E+000, 2.4972900056649851E-003, 1.0000000000000000E+000, 1.1447858528745658E+000, 0.0000000000000000E+000, 0.0000000000000000E+000, 4.7096259341160185E-001
464,cdiaghg,12,12,T, 8.1371904376367024E+000, 5.0198083487512548E+000, 5.7187867432183357E-007,-5.0198083487512548E+000, 2.5243506040597570E+000, 0.0000000000000000E+000, 0.0000000000000000E+000, 3.4641016151377548E+000, 1.0000000000000022E+000, 1.1672444322192270E-017, 9.9999999999999800E-001, 1.0000000000000022E+000, 0.0000000000000000E+000, 0.0000000000000000E+000, 4.3188586454779822E-015
465,cdiaghg,24,12,F, 2.3364986845061431E+001, 5.8927691753212335E+000, 5.7187867432183357E-007,-5.0198083487512548E+000, 5.8927691753212335E+000, 0.0000000000000000E+000, 0.0000000000000000E+000, 7.0215044117001773E+000, 1.4292249914662283E+000, 1.1672444322192270E-017, 9.9999999999999800E-001, 1.4292249914662283E+000, 0.0000000000000000E+000, 0.0000000000000000E+000, 6.1910304497821578E-001
466,cdiaghg,17,12,F, 2.0605742355056826E+001, 1.0971817721672799E+001, 5.5763615335858267E-003,-5.0213486898152961E+000, 1.0971817721672799E+001, 0.0000000000000000E+000, 0.0000000000000000E+000, 4.5708101061539299E+000, 1.1590567083789709E+000, 4.2899726298835338E-003, 1.0000000000000000E+000, 1.1590567083789709E+000, 0.0000000000000000E+000, 0.0000000000000000E+000, 3.5276891617000328E-001
467,cdiaghg,12,12,T, 7.9803569167528146E+000, 5.0165429647128033E+000, 8.7751126904260499E-007,-5.0165429647128033E+000, 2.0315993249179720E+000, 0.0000000000000000E+000, 0.0000000000000000E+000, 3.4641016151377535E+000, 1.0000000000000020E+000, 2.5945556343233163E-017, 9.9999999999999811E-001, 1.0000000000000020E+000, 0.0000000000000000E+000, 0.0000000000000000E+000, 3.8412370836390925E-015
468,cdiaghg,24,12,F, 2.5214125095295834E+001, 7.2317689234392253E+000, 8.7751126904260499E-007,-5.0165429647128033E+000, 7.2317689234392253E+000, 0.0000000000000000E+000, 0.0000000000000000E+000, 7.7941084108951797E+000, 1.6068566746792194E+000, 2.5945556343233163E-017, 9.9999999999999811E-001, 1.6068566746792194E+000, 0.0000000000000000E+000, 0.0000000000000000E+000, 6.7658107436825665E-001
469,cdiaghg,17,12,F, 2.1062977455477615E+001, 8.5714648992312998E+000, 4.0849445065734092E-003,-5.0180507878375815E+000, 8.5714648992312998E+000, 0.0000000000000000E+000, 0.0000000000000000E+000, 4.7746824563205630E+000, 1.2006049461484334E+000, 3.4895292127280651E-003, 1.0000000000000000E+000, 1.2006049461484334E+000, 0.0000000000000000E+000, 0.0000000000000000E+000, 4.4705379167282072E-001
470,cdiaghg,12,12,T, 8.0990825610464459E+000, 5.0181922903427578E+000, 2.1134992445111657E-006,-5.0181922903427578E+000, 2.5858569585023417E+000, 0.0000000000000000E+000, 0.0000000000000000E+000, 3.4641016151377557E+000, 1.0000000000000022E+000, 9.3110238348594866E-018, 9.9999999999999933E-001, 1.0000000000000022E+000, 0.0000000000000000E+000, 0.0000000000000000E+000, 1.5431473044656019E-015
471,cdiaghg,24,12,F, 2.6249009776495384E+001, 9.5288530381046144E+000, 2.1134992445111657E-006,-5.0181922903427578E+000, 9.5288530381046144E+000, 0.0000000000000000E+000, 0.0000000000000000E+000, 7.4710941256666512E+000, 1.7369021478682918E+000, 9.3110238348594866E-018, 9.9999999999999933E-001, 1.7369021478682918E+000, 0.0000000000000000E+000, 0.0000000000000000E+000, 6.3998300042865530E-001
472,cdiaghg,19,12,F, 2.5674984625281510E+001, 1.1057050098731265E+001, 2.1204656319574423E-003,-5.0197965899876174E+000, 1.1057050098731265E+001, 0.0000000000000000E+000, 0.0000000000000000E+000, 5.5968346144575962E+000, 1.4962408311111179E+000, 3.5250402857532532E-003, 1.0000000000000000E+000, 1.4962408311111179E+000, 0.0000000000000000E+000, 0.0000000000000000E+000, 5.6190473222800075E-001
473,cdiaghg,20,12,F, 2.6177707281320103E+001, 1.1057050098731265E+001, 2.1204656319574423E-003,-5.0197965899876174E+000, 1.1057050098731265E+001, 0.0000000000000000E+000, 0.0000000000000000E+000, 5.8698284523896405E+000, 1.4962408311111179E+000, 3.5250402857532532E-003, 1.0000000000000000E+000, 1.4962408311111179E+000, 0.0000000000000000E+000, 0.0000000000000000E+000, 5.7610659819075816E-001
474,cdiaghg,21,12,F, 2.6585758977251537E+001, 1.1057050098731265E+001, 2.1204656319574423E-003,-5.0197965899876174E+000, 1.1057050098731265E+001, 0.0000000000000000E+000, 0.0000000000000000E+000, 6.0234797809935774E+000, 1.4962408311111179E+000, 3.5250402857532532E-003, 1.0000000000000000E+000, 1.4962408311111179E+000, 0.0000000000000000E+000, 0.0000000000000000E+000, 5.7521755841350408E-001
475,cdiaghg,22,12,F, 2.7177181914161981E+001, 1.1057050098731265E+001, 2.1204656319574423E-003,-5.0197965899876174E+000, 1.1057050098731265E+001, 0.0000000000000000E+000, 0.0000000000000000E+000, 6.2402359172225852E+000, 1.4962408311111179E+000, 3.5250402857532532E-003, 1.0000000000000000E+000, 1.4962408311111179E+000, 0.0000000000000000E+000, 0.0000000000000000E+000, 5.8590174478277501E-001
476,cdiaghg,23,12,F, 2.7683067653056575E+001, 1.1057050098731265E+001, 2.1204656319574423E-003,-5.0197965899876174E+000, 1.1057050098731265E+001, 0.0000000000000000E+000, 0.0000000000000000E+000, 6.4251425080925646E+000, 1.4962408311111179E+000, 3.5250402857532532E-003, 1.0000000000000000E+000, 1.4962408311111179E+000, 0.0000000000000000E+000, 0.0000000000000000E+000, 5.9045194682612601E-001
477,cdiaghg,12,12,T, 8.0567333608984626E+000, 5.0173879868107321E+000, 1.3756188154444415E-006,-5.0173879868107321E+000, 2.5266025820486746E+000, 0.0000000000000000E+000, 0.0000000000000000E+000, 3.4641016151377544E+000, 1.0000000000000016E+000, 2.4407574588503920E-017, 9.9999999999999734E-001, 1.0000000000000016E+000, 0.0000000000000000E+000, 0.0000000000000000E+000, 1.5390872242466114E-015
478,cdiaghg,24,12,F, 2.7144551680765481E+001, 8.7869266260965500E+000, 1.3756188154444415E-006,-5.0173879868107321E+000, 8.7869266260965500E+000, 0.0000000000000000E+000, 0.0000000000000000E+000, 7.4820914571609194E+000, 1.7667702523982800E+000, 2.4407574588503920E-017, 9.9999999999999734E-001, 1.7667702523982800E+000, 0.0000000000000000E+000, 0.0000000000000000E+000, 6.3567984542948941E-001
479,cdiaghg,18,12,F, 2.3365808700150790E+001, 1.0298952267450883E+001, 2.6586162306585963E-003,-5.0189680495296054E+000, 1.0298952267450883E+001, 0.0000000000000000E+000, 0.0000000000000000E+000, 5.0466178136504514E+000, 1.5031361538184711E+000, 1.1540960357484668E-003, 1.0000000000000000E+000, 1.5031361538184711E+000, 0.0000000000000000E+000, 0.0000000000000000E+000, 4.5187330022436939E-001
480,cdiaghg,12,12,T, 7.9934314219444227E+000, 5.0180705147740428E+000, 1.2197070553567694E-006,-5.0180705147740428E+000, 2.1141087843723474E+000, 0.0000000000000000E+000, 0.0000000000000000E+000, 3.4641016151377539E+000, 1.0000000000000018E+000, 3.3639945901603255E-017, 9.9999999999999867E-001, 1.0000000000000018E+000, 0.0000000000000000E+000, 0.0000000000000000E+000, 1.6968803231362942E-015
481,cdiaghg,24,12,F, 2.6951515730097444E+001, 7.7630205128920133E+000, 1.2197070553567694E-006,-5.0180705147740428E+000, 7.7630205128920133E+000, 0.0000000000000000E+000, 0.0000000000000000E+000, 7.8037035863124480E+000, 1.7841097107538813E+000, 3.3639945901603255E-017, 9.9999999999999867E-001, 1.7841097107538813E+000, 0.0000000000000000E+000, 0.0000000000000000E+000, 6.6597595398081133E-001
482,cdiaghg,17,12,F, 2.2704655342796421E+001, 1.1754523578595906E+001, 4.0278808943485771E-003,-5.0196021897294356E+000, 1.1754523578595906E+001, 0.0000000000000000E+000, 0.0000000000000000E+000, 4.6953146443948777E+000, 1.2869086747425209E+000, 2.7934976326084104E-003, 1.0000000000000000E+000, 1.2869086747425209E+000, 0.0000000000000000E+000, 0.0000000000000000E+000, 4.0986631869362122E-001
483,cdiaghg,12,12,T, 8.2336564099562164E+000, 5.0191706679481713E+000, 8.7502061887333917E-007,-5.0191706679481713E+000, 2.6704012307660028E+000, 0.0000000000000000E+000, 0.0000000000000000E+000, 3.4641016151377539E+000, 1.0000000000000018E+000, 2.7873945509705793E-017, 9.9999999999999800E-001, 1.0000000000000018E+000, 0.0000000000000000E+000, 0.0000000000000000E+000, 1.8172992832066390E-015
484,cdiaghg,24,12,F, 2.3238081299638477E+001, 6.9335275871047335E+000, 8.7502061887333917E-007,-5.0191706679481713E+000, 6.9335275871047335E+000, 0.0000000000000000E+000, 0.0000000000000000E+000, 7.2830742320149469E+000, 1.6165093992294448E+000, 2.7873945509705793E-017, 9.9999999999999800E-001, 1.6165093992294448E+000, 0.0000000000000000E+000, 0.0000000000000000E+000, 6.3920975256846091E-001
485,cdiaghg,20,12,F, 2.5302401558777611E+001, 9.7712739477375443E+000, 9.0768673916698239E-003,-5.0207185653525785E+000, 9.7712739477375443E+000, 0.0000000000000000E+000, 0.0000000000000000E+000, 5.9773452093396244E+000, 1.4757932652321144E+000, 5.3625179530761933E-003, 1.0000000000000000E+000, 1.4757932652321144E+000, 0.0000000000000000E+000, 0.0000000000000000E+000, 6.0815968721517555E-001
486,cdiaghg,21,12,F, 2.5668426507181401E+001, 9.7712739477375443E+000, 9.0768673916698239E-003,-5.0207185653525785E+000, 9.7712739477375443E+000, 0.0000000000000000E+000, 0.0000000000000000E+000, 6.2244975294594411E+000, 1.4757932652321144E+000, 5.3625179530761933E-003, 1.0000000000000000E+000, 1.4757932652321144E+000, 0.0000000000000000E+000, 0.0000000000000000E+000, 6.1168412772268610E-001
487,cdiaghg,12,12,T, 8.1221721184511466E+000, 5.0169359322725846E+000, 2.8973726197638084E-006,-5.0169359322725846E+000, 2.5327062430802361E+000, 0.0000000000000000E+000, 0.0000000000000000E+000, 3.4641016151377566E+000, 1.0000000000000033E+000, 1.2843303557803340E-017, 9.9999999999999822E-001, 1.0000000000000033E+000, 0.0000000000000000E+000, 0.0000000000000000E+000, 2.3484872150170656E-015
488,cdiaghg,24,12,F, 2.4530697931501550E+001, 7.5365849501537623E+000, 2.8973726197638084E-006,-5.0169359322725846E+000, 7.5365849501537623E+000, 0.0000000000000000E+000, 0.0000000000000000E+000, 7.5007307014757858E+000, 1.5031051578751855E+000, 1.2843303557803340E-017, 9.9999999999999822E-001, 1.5031051578751855E+000, 0.0000000000000000E+000, 0.0000000000000000E+000, 6.4650150299663256E-001
489,cdiaghg,18,12,F, 2.1749729681564876E+001, 1.0092976205413716E+001, 8.3704818985426421E-003,-5.0183633316397867E+000, 1.0092976205413716E+001, 0.0000000000000000E+000, 0.0000000000000000E+000, 5.1633674900651396E+000, 1.3475756583318792E+000, 3.8150645802015873E-003, 1.0000000000000000E+000, 1.3475756583318792E+000, 0.0000000000000000E+000, 0.0000000000000000E+000, 5.1404546240125992E-001
490,cdiaghg,12,12,T, 8.0799101899892332E+000, 5.0162100332087878E+000, 7.2909650434191232E-007,-5.0162100332087878E+000, 2.4729600697197105E+000, 0.0000000000000000E+000, 0.0000000000000000E+000, 3.4641016151377579E+000, 1.0000000000000036E+000, 1.7209766513737989E-017, 1.0000000000000000E+000, 1.0000000000000036E+000, 0.0000000000000000E+000, 0.0000000000000000E+000, 1.8421710951131056E-015
491,cdiaghg,24,12,F, 2.4314734667289390E+001, 9.2868780375652378E+000, 7.2909650434191232E-007,-5.0162100332087878E+000, 9.2868780375652378E+000, 0.0000000000000000E+000, 0.0000000000000000E+000, 7.5094945169139899E+000, 1.7225454690398476E+000, 1.7209766513737989E-017, 1.0000000000000000E+000, 1.7225454690398476E+000, 0.0000000000000000E+000, 0.0000000000000000E+000, 6.4404674091440373E-001
492,cdiaghg,18,12,F, 2.1652649373923090E+001, 1.1135802487080309E+001, 1.7218437101398233E-003,-5.0176003260239890E+000, 1.1135802487080309E+001, 0.0000000000000000E+000, 0.0000000000000000E+000, 4.9831975229684593E+000, 1.3889917789058925E+000, 1.5331149373842788E-003, 1.0000000000000000E+000, 1.3889917789058925E+000, 0.0000000000000000E+000, 0.0000000000000000E+000, 4.6549620214364035E-001
493,cdiaghg,12,12,T, 8.0529911554622675E+000, 5.0157255856911931E+000, 8.9901592682210546E-007,-5.0157255856911931E+000, 2.1768532033978625E+000, 0.0000000000000000E+000, 0.0000000000000000E+000, 3.4641016151377544E+000, 1.0000000000000020E+000, 2.4727865491214077E-017, 9.9999999999999767E-001, 1.0000000000000020E+000, 0.0000000000000000E+000, 0.0000000000000000E+000, 4.3664706915330226E-015
494,cdiaghg,24,12,F, 2.3651913034449269E+001, 7.2311551565645189E+000, 8.9901592682210546E-007,-5.0157255856911931E+000, 7.2311551565645189E+000, 0.0000000000000000E+000, 0.0000000000000000E+000, 7.7381040490524056E+000, 1.5971337379917283E+000, 2.4727865491214077E-017, 9.9999999999999767E-001, 1.5971337379917283E+000, 0.0000000000000000E+000, 0.0000000000000000E+000, 6.7355576080538904E-001
495,cdiaghg,17,12,F, 2.0948388281089247E+001, 9.2196731399844634E+000, 7.6898821802981127E-003,-5.0171777081928752E+000, 9.2196731399844634E+000, 0.0000000000000000E+000, 0.0000000000000000E+000, 4.7604009632127102E+000, 1.1110293767733137E+000, 3.6039435902412405E-003, 1.0000000000000000E+000, 1.1110293767733137E+000, 0.0000000000000000E+000, 0.0000000000000000E+000, 4.5421425033096646E-001
496,cdiaghg,12,12,T, 8.0509397468151569E+000, 5.0170963422519232E+000, 2.4827671428882933E-007,-5.0170963422519232E+000, 2.1311884809367987E+000, 0.0000000000000000E+000, 0.0000000000000000E+000, 3.4641016151377553E+000, 1.0000000000000018E+000, 2.9472324788664051E-018, 9.9999999999999889E-001, 1.0000000000000018E+000, 0.0000000000000000E+000, 0.0000000000000000E+000, 1.3949202306014541E-015
497,cdiaghg,24,12,F, 2.6243255900916513E+001, 7.2731253904189881E+000, 2.4827671428882933E-007,-5.0170963422519232E+000, 7.2731253904189881E+000, 0.0000000000000000E+000, 0.0000000000000000E+000, 7.4370363913799151E+000, 1.8158425494352808E+000, 2.9472324788664051E-018, 9.9999999999999889E-001, 1.8158425494352808E+000, 0.0000000000000000E+000, 0.0000000000000000E+000, 6.3075752628830217E-001
498,cdiaghg,18,12,F, 2.6283940581075395E+001, 1.2214255238222298E+001, 2.6409109080953335E-003,-5.0187072049881118E+000, 1.2214255238222298E+001, 0.0000000000000000E+000, 0.0000000000000000E+000, 5.1622907661883577E+000, 1.5303455714550949E+000, 1.8881048590483512E-003, 1.0000000000000000E+000, 1.5303455714550949E+000, 0.0000000000000000E+000, 0.0000000000000000E+000, 4.8045750611261623E-001
499,cdiaghg,19,12,F, 2.7121441405061152E+001, 1.2214255238222298E+001, 2.6409109080953335E-003,-5.0187072049881118E+000, 1.2214255238222298E+001, 0.0000000000000000E+000, 0.0000000000000000E+000, 5.6118716723196611E+000, 1.8303865764114997E+000, 1.6925658911726310E-003, 1.0000000000000000E+000, 1.8303865764114997E+000, 0.0000000000000000E+000, 0.0000000000000000E+000, 5.1444548829895476E-001
500,cdiaghg,12,12,T, 8.1439491689772634E+000, 5.0160814935441076E+000, 8.0204849734184329E-007,-5.0160814935441076E+000, 2.3375571465203464E+000, 0.0000000000000000E+000, 0.0000000000000000E+000, 3.4641016151377544E+000, 1.0000000000000011E+000, 1.4265034514154970E-017, 9.9999999999999845E-001, 1.0000000000000011E+000, 0.0000000000000000E+000, 0.0000000000000000E+000, 1.2350329747070659E-015
501,cdiaghg,24,12,F, 2.6283476212534620E+001, 7.6447726565590965E+000, 8.0204849734184329E-007,-5.0160814935441076E+000, 7.6447726565590965E+000, 0.0000000000000000E+000, 0.0000000000000000E+000, 7.1996090477037757E+000, 1.6039538837081313E+000, 1.4265034514154970E-017, 9.9999999999999845E-001, 1.6039538837081313E+000, 0.0000000000000000E+000, 0.0000000000000000E+000, 6.0731111325690890E-001
502,cdiaghg,17,12,F, 1.9276902385374889E+001, 1.0831102761562622E+001, 4.6026340936253527E-003,-5.0173405793256256E+000, 1.0831102761562622E+001, 0.0000000000000000E+000, 0.0000000000000000E+000, 4.5582955545969517E+000, 1.2088204920117609E+000, 2.0356478958600938E-003, 1.0000000000000000E+000, 1.2088204920117609E+000, 0.0000000000000000E+000, 0.0000000000000000E+000, 3.6917518189147824E-001
503,cdiaghg,12,12,T, 8.1195825895944438E+000, 5.0157540670334519E+000, 1.0599308028308946E-006,-5.0157540670334519E+000, 2.2623204863965571E+000, 0.0000000000000000E+000, 0.0000000000000000E+000, 3.4641016151377535E+000, 1.0000000000000020E+000, 1.2952434259266417E-017, 9.9999999999999678E-001, 1.0000000000000020E+000, 0.0000000000000000E+000, 0.0000000000000000E+000, 1.6541533059095880E-015
504,cdiaghg,24,12,F, 2.4004150761804148E+001, 8.7150853812665297E+000, 1.0599308028308946E-006,-5.0157540670334519E+000, 8.7150853812665297E+000, 0.0000000000000000E+000, 0.0000000000000000E+000, 7.5814421143172961E+000, 1.7640274702795846E+000, 1.2952434259266417E-017, 9.9999999999999678E-001, 1.7640274702795846E+000, 0.0000000000000000E+000, 0.0000000000000000E+000, 6.4174750141691617E-001
505,cdiaghg,17,12,F, 2.1390150450895362E+001, 1.1473803228766121E+001, 4.6909628394156766E-003,-5.0170435754938838E+000, 1.1473803228766121E+001, 0.0000000000000000E+000, 0.0000000000000000E+000, 4.6811670314054599E+000, 1.2169927323474212E+000, 3.2341343028963938E-003, 1.0000000000000000E+000, 1.2169927323474212E+000, 0.0000000000000000E+000, 0.0000000000000000E+000, 4.2322837526053220E-001
506,cdiaghg,12,12,T, 8.1769642081388891E+000, 5.0158501696676048E+000, 2.1293368547188390E-007,-5.0158501696676048E+000, 2.1817986623145842E+000, 0.0000000000000000E+000, 0.0000000000000000E+000, 3.4641016151377553E+000, 1.0000000000000009E+000, 2.8035563447304992E-017, 9.9999999999999878E-001, 1.0000000000000009E+000, 0.0000000000000000E+000, 0.0000000000000000E+000, 9.9523300700608990E-016
507,cdiaghg,24,12,F, 2.2051672858987601E+001, 8.5118007533948976E+000, 2.1293368547188390E-007,-5.0158501696676048E+000, 8.5118007533948976E+000, 0.0000000000000000E+000, 0.0000000000000000E+000, 7.0077703338888417E+000, 1.6433500224285953E+000, 2.8035563447304992E-017, 9.9999999999999878E-001, 1.6433500224285953E+000, 0.0000000000000000E+000, 0.0000000000000000E+000, 5.9083898416658309E-001
508,cdiaghg,17,12,F, 2.2822877770305201E+001, 1.1749005496801193E+001, 1.1197513213535744E-003,-5.0169741107290280E+000, 1.1749005496801193E+001, 0.0000000000000000E+000, 0.0000000000000000E+000, 4.5624813787220191E+000, 1.2533172838374445E+000, 1.0303653247689948E-003, 1.0000000000000000E+000, 1.2533172838374445E+000, 0.0000000000000000E+000, 0.0000000000000000E+000, 3.5792289187549353E-001
509,cdiaghg,12,12,T, 8.3997044018629285E+000, 4.7205429535590016E+000, 3.7790950251772281E-007,-4.7205429535590016E+000, 3.4776716879034271E+000, 0.0000000000000000E+000, 0.0000000000000000E+000, 3.4641016151377544E+000, 1.0000000000000020E+000, 9.2624439148593944E-018, 9.9999999999999722E-001, 1.0000000000000020E+000, 0.0000000000000000E+000, 0.0000000000000000E+000, 1.6276173008028716E-015
510,cdiaghg,24,12,F, 2.3065175220498134E+001, 9.9983832905575412E+000, 3.7790950251772281E-007,-4.7205429535590016E+000, 9.9983832905575412E+000, 0.0000000000000000E+000, 0.0000000000000000E+000, 6.1156845702675753E+000, 1.7484502166489984E+000, 9.2624439148593944E-018, 9.9999999999999722E-001, 1.7484502166489984E+000, 0.0000000000000000E+000, 0.0000000000000000E+000, 4.5893063400125389E-001
511,cdiaghg,16,12,F, 1.6732272650783699E+001, 7.9633811345284222E+000, 2.0176566161335019E-003,-4.7216275418798146E+000, 7.9633811345284222E+000, 0.0000000000000000E+000, 0.0000000000000000E+000, 4.5487270605166925E+000, 1.2431089612334989E+000, 6.4037863916303385E-004, 1.0000000000000000E+000, 1.2431089612334989E+000, 0.0000000000000000E+000, 0.0000000000000000E+000, 3.9646841202247235E-001
512,cdiaghg,17,12,F, 1.7322881849087832E+001, 7.9633811345284222E+000, 1.8887242665464026E-003,-4.7216275418798146E+000, 7.9633811345284222E+000, 0.0000000000000000E+000, 0.0000000000000000E+000, 4.7486288311092997E+000, 1.2431089612334989E+000, 5.6035056170339944E-004, 1.0000000000000000E+000, 1.2431089612334989E+000, 0.0000000000000000E+000, 0.0000000000000000E+000, 4.1937619671523346E-001
513,cdiaghg,18,12,F, 1.9131259179538663E+001, 7.9972349828164120E+000, 1.6007014216125161E-003,-4.7216275418798146E+000, 7.9972349828164120E+000, 0.0000000000000000E+000, 0.0000000000000000E+000, 4.9266094374585396E+000, 1.2431089612334989E+000, 5.6035056170339944E-004, 1.0000000000000000E+000, 1.2431089612334989E+000, 0.0000000000000000E+000, 0.0000000000000000E+000, 4.1832009774538104E-001
514,cdiaghg,12,12,T, 8.1663207721057276E+000, 4.7191837486207966E+000, 5.7210458227122142E-007,-4.7191837486207966E+000, 3.0223804342379266E+000, 0.0000000000000000E+000, 0.0000000000000000E+000, 3.4641016151377557E+000, 1.0000000000000029E+000, 1.5491781775974407E-017, 9.9999999999999889E-001, 1.0000000000000029E+000, 0.0000000000000000E+000, 0.0000000000000000E+000, 1.3489256854597442E-015
515,cdiaghg,24,12,F, 2.3632465648530346E+001, 6.5706296802828899E+000, 5.7210458227122142E-007,-4.7191837486207966E+000, 6.5706296802828899E+000, 0.0000000000000000E+000, 0.0000000000000000E+000, 6.4837880034786419E+000, 1.4963884872642921E+000, 1.5491781775974407E-017, 9.9999999999999889E-001, 1.4963884872642921E+000, 0.0000000000000000E+000, 0.0000000000000000E+000, 5.3932395188679194E-001
516,cdiaghg,14,12,F, 1.1747948762074996E+001, 6.9279403553219554E+000, 1.2557844300531383E-003,-4.7201938216968760E+000, 6.9279403553219554E+000, 0.0000000000000000E+000, 0.0000000000000000E+000, 3.9589226624675660E+000, 1.1868779648944008E+000, 8.3639443887270246E-004, 1.0000000000000000E+000, 1.1868779648944008E+000, 0.0000000000000000E+000, 0.0000000000000000E+000, 2.6988572294767565E-001
517,cdiaghg,12,12,T, 8.0343021816997418E+000, 4.7167653290026479E+000, 1.8781058722657712E-006,-4.7167653290026479E+000, 2.8835306139085701E+000, 0.0000000000000000E+000, 0.0000000000000000E+000, 3.4641016151377553E+000, 1.0000000000000016E+000, 9.0955988079122803E-018, 9.9999999999999645E-001, 1.0000000000000016E+000, 0.0000000000000000E+000, 0.0000000000000000E+000, 2.5943282974567077E-015
518,cdiaghg,24,12,F, 2.6614983130416764E+001, 7.3575496937816069E+000, 1.8781058722657712E-006,-4.7167653290026479E+000, 7.3575496937816069E+000, 0.0000000000000000E+000, 0.0000000000000000E+000, 7.0443325811165440E+000, 1.5171798865388699E+000, 9.0955988079122803E-018, 9.9999999999999645E-001, 1.5171798865388699E+000, 0.0000000000000000E+000, 0.0000000000000000E+000, 6.1007471894119680E-001
519,cdiaghg,14,12,F, 1.1631482213364782E+001, 6.0375446844527856E+000, 1.1524989237402870E-003,-4.7177358081248553E+000, 6.0375446844527856E+000, 0.0000000000000000E+000, 0.0000000000000000E+000, 4.0522819343295513E+000, 1.2062116570949311E+000, 5.0833642702025810E-004, 1.0000000000000000E+000, 1.2062116570949311E+000, 0.0000000000000000E+000, 0.0000000000000000E+000, 3.1287438087433495E-001
520,cdiaghg,12,12,T, 7.9212171118139967E+000, 4.7144730836845552E+000, 1.6636062040585375E-006,-4.7144730836845552E+000, 2.7457279669365926E+000, 0.0000000000000000E+000, 0.0000000000000000E+000, 3.4641016151377575E+000, 1.0000000000000022E+000, 2.5248451106521303E-017, 9.9999999999999944E-001, 1.0000000000000022E+000, 0.0000000000000000E+000, 0.0000000000000000E+000, 2.4962814538608396E-015
521,cdiaghg,24,12,F, 2.9520632906978257E+001, 8.9338814180856758E+000, 1.6636062040585375E-006,-4.7144730836845552E+000, 8.9338814180856758E+000, 0.0000000000000000E+000, 0.0000000000000000E+000, 8.0962504395938755E+000, 2.1048067269140489E+000, 2.5248451106521303E-017, 9.9999999999999944E-001, 2.1048067269140489E+000, 0.0000000000000000E+000, 0.0000000000000000E+000, 6.9577799352466485E-001
522,cdiaghg,13,12,F, 1.0976016719804129E+001, 7.4992452048475879E+000, 4.7726043219264232E-004,-4.7153256288857932E+000, 7.4992452048475879E+000, 0.0000000000000000E+000, 0.0000000000000000E+000, 3.8209807079585167E+000, 1.2937386917736571E+000, 8.3712343266778325E-005, 1.0000000000000000E+000, 1.2937386917736571E+000, 0.0000000000000000E+000, 0.0000000000000000E+000, 2.6333264125739386E-001
523,cdiaghg,12,12,T, 7.8800509834009160E+000, 4.7130751006534632E+000, 3.8040350012006913E-007,-4.7130751006534632E+000, 2.6925292337272215E+000, 0.0000000000000000E+000, 0.0000000000000000E+000, 3.4641016151377553E+000, 1.0000000000000029E+000, 1.0403014724282045E-017, 9.9999999999999734E-001, 1.0000000000000029E+000, 0.0000000000000000E+000, 0.0000000000000000E+000, 6.1274267119777895E-015
524,cdiaghg,24,12,F, 2.7428483957048389E+001, 1.1357383259449390E+001, 3.8040350012006913E-007,-4.7130751006534632E+000, 1.1357383259449390E+001, 0.0000000000000000E+000, 0.0000000000000000E+000, 7.5931392163333804E+000, 2.0608571458465388E+000, 1.0403014724282045E-017, 9.9999999999999734E-001, 2.0608571458465388E+000, 0.0000000000000000E+000, 0.0000000000000000E+000, 6.4804088057154074E-001
525,cdiaghg,14,12,F, 1.3025231807399171E+001, 8.1409125022757660E+000, 5.7719239701551500E-004,-4.7138874057086122E+000, 8.1409125022757660E+000, 0.0000000000000000E+000, 0.0000000000000000E+000, 4.1610332081931780E+000, 1.3291180719971791E+000, 1.5650405187569991E-004, 1.0000000000000000E+000, 1.3291180719971791E+000, 0.0000000000000000E+000, 0.0000000000000000E+000, 3.6746337979569643E-001
526,cdiaghg,12,12,T, 8.0581155511918556E+000, 4.7172557637506118E+000, 1.0437121795328554E-006,-4.7172557637506118E+000, 2.8413090797087830E+000, 0.0000000000000000E+000, 0.0000000000000000E+000, 3.4641016151377539E+000, 1.0000000000000020E+000, 7.6600661391262866E-018, 9.9999999999999734E-001, 1.0000000000000020E+000, 0.0000000000000000E+000, 0.0000000000000000E+000, 1.9452021433252603E-015
527,cdiaghg,24,12,F, 2.3751584762252136E+001, 6.4300015753785669E+000, 1.0437121795328554E-006,-4.7172557637506118E+000, 6.4300015753785669E+000, 0.0000000000000000E+000, 0.0000000000000000E+000, 6.7527699583661089E+000, 1.4523320187671904E+000, 7.6600661391262866E-018, 9.9999999999999734E-001, 1.4523320187671904E+000, 0.0000000000000000E+000, 0.0000000000000000E+000, 5.8335028853380388E-001
528,cdiaghg,14,12,F, 1.3929205505931940E+001, 8.4917943788030890E+000, 4.2492428360153310E-003,-4.7182344738125828E+000, 8.4917943788030890E+000, 0.0000000000000000E+000, 0.0000000000000000E+000, 4.1090627280847940E+000, 1.3050931459338611E+000, 3.1545551856051487E-003, 1.0000000000000000E+000, 1.3050931459338611E+000, 0.0000000000000000E+000, 0.0000000000000000E+000, 3.3661525664941933E-001
529,cdiaghg,12,12,T, 7.9368556147040943E+000, 4.7151505521279828E+000, 3.5544060040304106E-005,-4.7151505521279828E+000, 2.6726081965435902E+000, 0.0000000000000000E+000, 0.0000000000000000E+000, 3.4641016151377557E+000, 1.0000000000000031E+000, 3.2517652260031058E-017, 9.9999999999999756E-001, 1.0000000000000031E+000, 0.0000000000000000E+000, 0.0000000000000000E+000, 2.4240179663691031E-015
530,cdiaghg,24,12,F, 2.6093117111542213E+001, 7.1770636258748643E+000, 3.5544060040304106E-005,-4.7151505521279828E+000, 7.1770636258748643E+000, 0.0000000000000000E+000, 0.0000000000000000E+000, 7.4001132805579628E+000, 1.6762971289582518E+000, 3.2517652260031058E-017, 9.9999999999999756E-001, 1.6762971289582518E+000, 0.0000000000000000E+000, 0.0000000000000000E+000, 6.4176055308929791E-001
531,cdiaghg,14,12,F, 1.5639826938179000E+001, 7.8718456928211760E+000, 3.9964534575005154E-003,-4.7160535577153180E+000, 7.8718456928211760E+000, 0.0000000000000000E+000, 0.0000000000000000E+000, 4.2930430021098474E+000, 1.3020622266499973E+000, 2.5623906013430547E-003, 1.0000000000000000E+000, 1.3020622266499973E+000, 0.0000000000000000E+000, 0.0000000000000000E+000, 4.2863885032001520E-001
532,cdiaghg,12,12,T, 7.8650765601503672E+000, 4.7136493579168590E+000, 6.0951606172917726E-006,-4.7136493579168590E+000, 2.5862828195299001E+000, 0.0000000000000000E+000, 0.0000000000000000E+000, 3.4641016151377557E+000, 1.0000000000000031E+000, 1.8774547719334777E-017, 9.9999999999999800E-001, 1.0000000000000031E+000, 0.0000000000000000E+000, 0.0000000000000000E+000, 2.2781588611190443E-015
533,cdiaghg,24,12,F, 2.8296084905620763E+001, 9.2049715392697742E+000, 6.0951606172917726E-006,-4.7136493579168590E+000, 9.2049715392697742E+000, 0.0000000000000000E+000, 0.0000000000000000E+000, 7.7905050965930656E+000, 1.8276736542148855E+000, 1.8774547719334777E-017, 9.9999999999999800E-001, 1.8276736542148855E+000, 0.0000000000000000E+000, 0.0000000000000000E+000, 6.7146292521934181E-001
534,cdiaghg,14,12,F, 1.4318753115399508E+001, 8.6916466370619396E+000, 1.2693543847719698E-002,-4.7144841221371401E+000, 8.6916466370619396E+000, 0.0000000000000000E+000, 0.0000000000000000E+000, 4.1531642865068337E+000, 1.2978513288819233E+000, 1.6316574063521879E-003, 1.0000000000000000E+000, 1.2978513288819233E+000, 0.0000000000000000E+000, 0.0000000000000000E+000, 3.6867859937280795E-001
535,cdiaghg,12,12,T, 7.8404773690102196E+000, 4.7138986748959972E+000, 8.6314159549413811E-007,-4.7138986748959972E+000, 2.3312972616118910E+000, 0.0000000000000000E+000, 0.0000000000000000E+000, 3.4641016151377571E+000, 1.0000000000000029E+000, 1.8770281395468573E-017, 9.9999999999999833E-001, 1.0000000000000029E+000, 0.0000000000000000E+000, 0.0000000000000000E+000, 3.1314018739580370E-015
536,cdiaghg,24,12,F, 3.0012051693338840E+001, 8.7568104710665846E+000, 8.6314159549413811E-007,-4.7138986748959972E+000, 8.7568104710665846E+000, 0.0000000000000000E+000, 0.0000000000000000E+000, 7.9853188251079770E+000, 2.0253046187811923E+000, 1.8770281395468573E-017, 9.9999999999999833E-001, 2.0253046187811923E+000, 0.0000000000000000E+000, 0.0000000000000000E+000, 6.7747354585177144E-001
537,cdiaghg,14,12,F, 1.1816112634149732E+001, 6.0760544254013968E+000, 6.4067723684330729E-003,-4.7147043355512706E+000, 6.0760544254013968E+000, 0.0000000000000000E+000, 0.0000000000000000E+000, 4.0479302408719011E+000, 1.1671256555146532E+000, 4.3391094127926680E-003, 1.0000000000000000E+000, 1.1671256555146532E+000, 0.0000000000000000E+000, 0.0000000000000000E+000, 3.3322831294069022E-001
538,cdiaghg,12,12,T, 7.8046372569680047E+000, 4.7128889030140391E+000, 9.7534619144015406E-007,-4.7128889030140391E+000, 2.2789611488802501E+000, 0.0000000000000000E+000, 0.0000000000000000E+000, 3.4641016151377553E+000, 1.0000000000000022E+000, 1.6318855380997688E-017, 9.9999999999999789E-001, 1.0000000000000022E+000, 0.0000000000000000E+000, 0.0000000000000000E+000, 2.7390509767472196E-015
539,cdiaghg,24,12,F, 3.0811384061378980E+001, 8.5700254516296699E+000, 9.7534619144015406E-007,-4.7128889030140391E+000, 8.5700254516296699E+000, 0.0000000000000000E+000, 0.0000000000000000E+000, 8.1937057148324044E+000, 2.0933634867091180E+000, 1.6318855380997688E-017, 9.9999999999999789E-001, 2.0933634867091180E+000, 0.0000000000000000E+000, 0.0000000000000000E+000, 6.9219130621716507E-001
540,cdiaghg,14,12,F, 1.1971235371076025E+001, 5.9479587771507756E+000, 8.8421452541647006E-003,-4.7137055013099127E+000, 5.9479587771507756E+000, 0.0000000000000000E+000, 0.0000000000000000E+000, 4.0189095632204168E+000, 1.1692814101664704E+000, 5.6770219132823421E-003, 1.0000000000000000E+000, 1.1692814101664704E+000, 0.0000000000000000E+000, 0.0000000000000000E+000, 3.1625581349977527E-001
541,cdiaghg,12,12,T, 8.1504657482703511E+000, 4.7181321139962371E+000, 4.4745023451660307E-007,-4.7181321139962371E+000, 3.0356084495441675E+000, 0.0000000000000000E+000, 0.0000000000000000E+000, 3.4641016151377522E+000, 1.0000000000000007E+000, 1.1281811707816700E-017, 9.9999999999999734E-001, 1.0000000000000007E+000, 0.0000000000000000E+000, 0.0000000000000000E+000, 1.3638055010079390E-015
542,cdiaghg,24,12,F, 2.4703923758801167E+001, 7.0788437769437129E+000, 4.4745023451660307E-007,-4.7181321139962371E+000, 7.0788437769437129E+000, 0.0000000000000000E+000, 0.0000000000000000E+000, 6.5887351743048956E+000, 1.5025160427365067E+000, 1.1281811707816700E-017, 9.9999999999999734E-001, 1.5025160427365067E+000, 0.0000000000000000E+000, 0.0000000000000000E+000, 5.5778341229427886E-001
543,cdiaghg,14,12,F, 1.3059509453064784E+001, 9.1083170913971809E+000, 8.5239894180744388E-003,-4.7191294378999391E+000, 9.1083170913971809E+000, 0.0000000000000000E+000, 0.0000000000000000E+000, 3.8915480446118513E+000, 1.0887439193428492E+000, 3.1293370014714413E-003, 1.0000000000000000E+000, 1.0887439193428492E+000, 0.0000000000000000E+000, 0.0000000000000000E+000, 2.3037511472859196E-001
544,cdiaghg,12,12,T, 8.0713143938113348E+000, 4.7158828415020970E+000, 4.9748396192990543E-006,-4.7158828415020970E+000, 2.9451433798833819E+000, 0.0000000000000000E+000, 0.0000000000000000E+000, 3.4641016151377562E+000, 1.0000000000000018E+000, 3.1322206759322253E-018, 9.9999999999999811E-001, 1.0000000000000018E+000, 0.0000000000000000E+000, 0.0000000000000000E+000, 1.7598100615077014E-015
545,cdiaghg,24,12,F, 2.6097421878332998E+001, 7.5174672661647044E+000, 4.9748396192990543E-006,-4.7158828415020970E+000, 7.5174672661647044E+000, 0.0000000000000000E+000, 0.0000000000000000E+000, 7.0852214272358713E+000, 1.4731302581433698E+000, 3.1322206759322253E-018, 9.9999999999999811E-001, 1.4731302581433698E+000, 0.0000000000000000E+000, 0.0000000000000000E+000, 6.1139436381812329E-001
546,cdiaghg,16,12,F, 1.5325944801193502E+001, 5.0719397649152045E+000, 1.9251661695119167E-002,-4.7167848885431818E+000, 5.0719397649152045E+000, 0.0000000000000000E+000, 0.0000000000000000E+000, 4.7144744095282629E+000, 1.2559013544753888E+000, 9.0933158645527846E-003, 1.0000000000000000E+000, 1.2559013544753888E+000, 0.0000000000000000E+000, 0.0000000000000000E+000, 4.9122974756555282E-001
547,cdiaghg,17,12,F, 1.5803970834689823E+001, 5.0719397649152045E+000, 1.9251661695119167E-002,-4.7167848885431818E+000, 5.0719397649152045E+000, 0.0000000000000000E+000, 0.0000000000000000E+000, 4.9619839167935229E+000, 1.2559013544753888E+000, 6.0044150790976338E-003, 1.0000000000000000E+000, 1.2559013544753888E+000, 0.0000000000000000E+000, 0.0000000000000000E+000, 5.0695473922893464E-001
548,cdiaghg,18,12,F, 1.6339346345184101E+001, 5.0719397649152045E+000, 4.9182015048115993E-003,-4.7167848885431818E+000, 5.0719397649152045E+000, 0.0000000000000000E+000, 0.0000000000000000E+000, 5.1455860807642777E+000, 1.2559013544753888E+000, 6.0044150790976338E-003, 1.0000000000000000E+000, 1.2559013544753888E+000, 0.0000000000000000E+000, 0.0000000000000000E+000, 5.1210772449169351E-001
549,cdiaghg,19,12,F, 1.7007340137102602E+001, 5.0719397649152045E+000, 4.9182015048115993E-003,-4.7167848885431818E+000, 5.0719397649152045E+000, 0.0000000000000000E+000, 0.0000000000000000E+000, 5.3567787768721242E+000, 1.2559013544753888E+000, 4.3774001932633064E-003, 1.0000000000000000E+000, 1.2559013544753888E+000, 0.0000000000000000E+000, 0.0000000000000000E+000, 5.2523330671117596E-001
550,cdiaghg,20,12,F, 1.8215975053838481E+001, 5.0719397649152045E+000, 4.9182015048115993E-003,-4.7167848885431818E+000, 5.0719397649152045E+000, 0.0000000000000000E+000, 0.0000000000000000E+000, 5.5600234990528721E+000, 1.2559013544753888E+000, 4.3774001932633064E-003, 1.0000000000000000E+000, 1.2559013544753888E+000, 0.0000000000000000E+000, 0.0000000000000000E+000, 5.3544937730305697E-001
551,cdiaghg,12,12,T, 7.9760191106265284E+000, 4.7142405513227645E+000, 1.2841018007423453E-006,-4.7142405513227645E+000, 2.8521514765350906E+000, 0.0000000000000000E+000, 0.0000000000000000E+000, 3.4641016151377535E+000, 1.0000000000000007E+000, 9.5459847938763334E-018, 9.9999999999999856E-001, 1.0000000000000007E+000, 0.0000000000000000E+000, 0.0000000000000000E+000, 1.9286506273124315E-015
552,cdiaghg,24,12,F, 2.8776923331689666E+001, 8.3400934701921905E+000, 1.2841018007423453E-006,-4.7142405513227645E+000, 8.3400934701921905E+000, 0.0000000000000000E+000, 0.0000000000000000E+000, 7.9748471561141336E+000, 1.8611779391491665E+000, 9.5459847938763334E-018, 9.9999999999999856E-001, 1.8611779391491665E+000, 0.0000000000000000E+000, 0.0000000000000000E+000, 6.8332272211107925E-001
553,cdiaghg,14,12,F, 1.1230289766600253E+001, 5.4021234872269073E+000, 1.2653397183725542E-002,-4.7150643227200497E+000, 5.4021234872269073E+000, 0.0000000000000000E+000, 0.0000000000000000E+000, 4.0024878158025334E+000, 1.1845101773482329E+000, 5.7201171966034066E-003, 1.0000000000000000E+000, 1.1845101773482329E+000, 0.0000000000000000E+000, 0.0000000000000000E+000, 3.0283304450375798E-001
554,cdiaghg,12,12,T, 7.9362804510952873E+000, 4.7132869775698500E+000, 1.2475384694308031E-006,-4.7132869775698500E+000, 2.8018915805211768E+000, 0.0000000000000000E+000, 0.0000000000000000E+000, 3.4641016151377579E+000, 1.0000000000000038E+000, 1.7865362703650813E-017, 9.9999999999999867E-001, 1.0000000000000038E+000, 0.0000000000000000E+000, 0.0000000000000000E+000, 3.2687408654222214E-015
555,cdiaghg,24,12,F, 2.9843975220258272E+001, 1.0806411811382119E+001, 1.2475384694308031E-006,-4.7132869775698500E+000, 1.0806411811382119E+001, 0.0000000000000000E+000, 0.0000000000000000E+000, 8.1189618170991640E+000, 2.2018964882478733E+000, 1.7865362703650813E-017, 9.9999999999999867E-001, 2.2018964882478733E+000, 0.0000000000000000E+000, 0.0000000000000000E+000, 6.8258031304261313E-001
556,cdiaghg,15,12,F, 1.3491853651566345E+001, 6.3600432258156685E+000, 5.2670548263481880E-003,-4.7140716033038030E+000, 6.3600432258156685E+000, 0.0000000000000000E+000, 0.0000000000000000E+000, 4.3407035760867876E+000, 1.2254692205963198E+000, 2.4728563842428787E-003, 1.0000000000000000E+000, 1.2254692205963198E+000, 0.0000000000000000E+000, 0.0000000000000000E+000, 3.8318499965265701E-001
557,cdiaghg,12,12,T, 7.9198204614872498E+000, 4.7144013198935948E+000, 1.8399009141486209E-006,-4.7144013198935948E+000, 2.5244099294074220E+000, 0.0000000000000000E+000, 0.0000000000000000E+000, 3.4641016151377553E+000, 1.0000000000000020E+000, 1.5715043721602112E-017, 9.9999999999999822E-001, 1.0000000000000020E+000, 0.0000000000000000E+000, 0.0000000000000000E+000, 2.0706607821747395E-015
558,cdiaghg,24,12,F, 2.8420796629019367E+001, 8.6408462686993861E+000, 1.8399009141486209E-006,-4.7144013198935948E+000, 8.6408462686993861E+000, 0.0000000000000000E+000, 0.0000000000000000E+000, 7.7100965240146113E+000, 1.7830729704366699E+000, 1.5715043721602112E-017, 9.9999999999999822E-001, 1.7830729704366699E+000, 0.0000000000000000E+000, 0.0000000000000000E+000, 6.6012199185864295E-001
559,cdiaghg,14,12,F, 1.1216296534667999E+001, 6.1948613180693393E+000, 4.9112370354663822E-003,-4.7152441330057542E+000, 6.1948613180693393E+000, 0.0000000000000000E+000, 0.0000000000000000E+000, 3.9142249546491019E+000, 1.1396598511609324E+000, 4.3760323165905378E-003, 1.0000000000000000E+000, 1.1396598511609324E+000, 0.0000000000000000E+000, 0.0000000000000000E+000, 2.5170203130976598E-001
560,cdiaghg,12,12,T, 7.8472056898097176E+000, 4.7128138464641136E+000, 4.8337520189570423E-005,-4.7128138464641136E+000, 2.4231609104249476E+000, 0.0000000000000000E+000, 0.0000000000000000E+000, 3.4641016151377557E+000, 1.0000000000000022E+000, 7.7779178904168184E-018, 9.9999999999999889E-001, 1.0000000000000022E+000, 0.0000000000000000E+000, 0.0000000000000000E+000, 3.0259695253311818E-015
561,cdiaghg,24,12,F, 2.8537578083737326E+001, 7.6810944984046783E+000, 4.8337520189570423E-005,-4.7128138464641136E+000, 7.6810944984046783E+000, 0.0000000000000000E+000, 0.0000000000000000E+000, 8.0073825035545969E+000, 1.7451284373540710E+000, 7.7779178904168184E-018, 9.9999999999999889E-001, 1.7451284373540710E+000, 0.0000000000000000E+000, 0.0000000000000000E+000, 6.8714793480732062E-001
562,cdiaghg,15,12,F, 1.3711338397086632E+001, 6.0111680351532915E+000, 1.8060790681621731E-002,-4.7136150273670463E+000, 6.0111680351532915E+000, 0.0000000000000000E+000, 0.0000000000000000E+000, 4.3863333862552647E+000, 1.2304225700467317E+000, 1.6579148979290154E-002, 1.0000000000000000E+000, 1.2304225700467317E+000, 0.0000000000000000E+000, 0.0000000000000000E+000, 4.0524642532446276E-001
563,cdiaghg,12,12,T, 7.9655796164842227E+000, 4.7159695482840220E+000, 7.7761603419862633E-008,-4.7159695482840220E+000, 2.6126706303298084E+000, 0.0000000000000000E+000, 0.0000000000000000E+000, 3.4641016151377539E+000, 1.0000000000000020E+000, 3.2974949879379999E-017, 9.9999999999999822E-001, 1.0000000000000020E+000, 0.0000000000000000E+000, 0.0000000000000000E+000, 1.5927159046479554E-015
564,cdiaghg,24,12,F, 2.5015076691467126E+001, 6.5503254013342822E+000, 7.7761603419862633E-008,-4.7159695482840220E+000, 6.5503254013342822E+000, 0.0000000000000000E+000, 0.0000000000000000E+000, 6.9729947980582718E+000, 1.5182128516739111E+000, 3.2974949879379999E-017, 9.9999999999999822E-001, 1.5182128516739111E+000, 0.0000000000000000E+000, 0.0000000000000000E+000, 6.0537147118374102E-001
565,cdiaghg,14,12,F, 1.1669371856811905E+001, 5.8544351784018147E+000, 1.2486839707638446E-002,-4.7168388038775948E+000, 5.8544351784018147E+000, 0.0000000000000000E+000, 0.0000000000000000E+000, 4.0318592904385309E+000, 1.2069268148073118E+000, 1.2484722409331928E-002, 1.0000000000000000E+000, 1.2069268148073118E+000, 0.0000000000000000E+000, 0.0000000000000000E+000, 3.0907279548403660E-001
566,cdiaghg,12,12,T, 7.8101072997829997E+000, 4.7122519105378844E+000, 5.5749179764996454E-007,-4.7122519105378844E+000, 2.1524047936005046E+000, 0.0000000000000000E+000, 0.0000000000000000E+000, 3.4641016151377544E+000, 1.0000000000000020E+000, 4.7823500375190018E-018, 9.9999999999999878E-001, 1.0000000000000020E+000, 0.0000000000000000E+000, 0.0000000000000000E+000, 5.3914594679199745E-015
567,cdiaghg,24,12,F, 2.9392845302210183E+001, 7.9507091199654862E+000, 5.5749179764996454E-007,-4.7122519105378844E+000, 7.9507091199654862E+000, 0.0000000000000000E+000, 0.0000000000000000E+000, 8.2581264915608550E+000, 1.8717121109482164E+000, 4.7823500375190018E-018, 9.9999999999999878E-001, 1.8717121109482164E+000, 0.0000000000000000E+000, 0.0000000000000000E+000, 7.0197410017956763E-001
568,cdiaghg,15,12,F, 1.3277764301682060E+001, 6.1155418903752272E+000, 6.3343184896499649E-003,-4.7130575758988398E+000, 6.1155418903752272E+000, 0.0000000000000000E+000, 0.0000000000000000E+000, 4.4750249962812632E+000, 1.2785382135451362E+000, 5.0046775473369196E-003, 1.0000000000000000E+000, 1.2785382135451362E+000, 0.0000000000000000E+000, 0.0000000000000000E+000, 4.2671956274736994E-001
569,cdiaghg,12,12,T, 7.9281939356311470E+000, 4.7141197444999898E+000, 1.0304071150103565E-006,-4.7141197444999898E+000, 2.6562028930922903E+000, 0.0000000000000000E+000, 0.0000000000000000E+000, 3.4641016151377544E+000, 1.0000000000000022E+000, 1.8886972726734697E-017, 9.9999999999999778E-001, 1.0000000000000022E+000, 0.0000000000000000E+000, 0.0000000000000000E+000, 2.4417180117743270E-015
570,cdiaghg,24,12,F, 2.6921147151449606E+001, 9.8216797343302140E+000, 1.0304071150103565E-006,-4.7141197444999898E+000, 9.8216797343302140E+000, 0.0000000000000000E+000, 0.0000000000000000E+000, 7.6515372136827144E+000, 1.7738632717329730E+000, 1.8886972726734697E-017, 9.9999999999999778E-001, 1.7738632717329730E+000, 0.0000000000000000E+000, 0.0000000000000000E+000, 6.5837183826667056E-001
571,cdiaghg,14,12,F, 1.3156867984275911E+001, 6.4374259418801154E+000, 1.5625385075338297E-002,-4.7149986777417690E+000, 6.4374259418801154E+000, 0.0000000000000000E+000, 0.0000000000000000E+000, 4.2506984379556858E+000, 1.2639287191639537E+000, 9.7832799774271919E-003, 1.0000000000000000E+000, 1.2639287191639537E+000, 0.0000000000000000E+000, 0.0000000000000000E+000, 4.1164370739392120E-001
572,cdiaghg,15,12,F, 1.3775520961092933E+001, 6.4374259418801154E+000, 6.5384870379592624E-003,-4.7149986777417690E+000, 6.4374259418801154E+000, 0.0000000000000000E+000, 0.0000000000000000E+000, 4.5500255595480548E+000, 1.4200363226404706E+000, 3.6685013672910771E-003, 1.0000000000000000E+000, 1.4200363226404706E+000, 0.0000000000000000E+000, 0.0000000000000000E+000, 4.3156944576619632E-001
573,cdiaghg,16,12,F, 1.4419615556525343E+001, 6.4374259418801154E+000, 3.6722496699601224E-003,-4.7149986777417690E+000, 6.4374259418801154E+000, 0.0000000000000000E+000, 0.0000000000000000E+000, 4.8148200473946066E+000, 1.4200363226404706E+000, 2.6962128126655251E-003, 1.0000000000000000E+000, 1.4200363226404706E+000, 0.0000000000000000E+000, 0.0000000000000000E+000, 4.6350503470834015E-001
574,cdiaghg,17,12,F, 1.5194154384696150E+001, 6.4374259418801154E+000, 3.6722496699601224E-003,-4.7149986777417690E+000, 6.4374259418801154E+000, 0.0000000000000000E+000, 0.0000000000000000E+000, 4.9767285731188080E+000, 1.4200363226404706E+000, 2.6962128126655251E-003, 1.0000000000000000E+000, 1.4200363226404706E+000, 0.0000000000000000E+000, 0.0000000000000000E+000, 4.6373668552994085E-001
575,cdiaghg,18,12,F, 1.6475165628143589E+001, 6.4374259418801154E+000, 3.6722496699601224E-003,-4.7149986777417690E+000, 6.4374259418801154E+000, 0.0000000000000000E+000, 0.0000000000000000E+000, 5.2668782899163222E+000, 1.4200363226404706E+000, 2.6962128126655251E-003, 1.0000000000000000E+000, 1.4200363226404706E+000, 0.0000000000000000E+000, 0.0000000000000000E+000, 4.9905158412379896E-001
576,cdiaghg,12,12,T, 7.8828385024615404E+000, 4.7132154821690815E+000, 1.2052856479488267E-006,-4.7132154821690815E+000, 2.5861379080717168E+000, 0.0000000000000000E+000, 0.0000000000000000E+000, 3.4641016151377526E+000, 1.0000000000000020E+000, 6.4557522120441615E-018, 9.9999999999999667E-001, 1.0000000000000020E+000, 0.0000000000000000E+000, 0.0000000000000000E+000, 3.6200744059298963E-015
577,cdiaghg,24,12,F, 2.9071816166619190E+001, 8.7269376868184612E+000, 1.2052856479488267E-006,-4.7132154821690815E+000, 8.7269376868184612E+000, 0.0000000000000000E+000, 0.0000000000000000E+000, 7.9633872442120985E+000, 1.7451384134367969E+000, 6.4557522120441615E-018, 9.9999999999999667E-001, 1.7451384134367969E+000, 0.0000000000000000E+000, 0.0000000000000000E+000, 6.7556519068269671E-001
578,cdiaghg,14,12,F, 1.3629833153846199E+001, 5.9058272898187738E+000, 1.2248588161849915E-002,-4.7140896727804362E+000, 5.9058272898187738E+000, 0.0000000000000000E+000, 0.0000000000000000E+000, 4.2600810624969538E+000, 1.2112674252203255E+000, 5.4308318536270472E-003, 1.0000000000000000E+000, 1.2112674252203255E+000, 0.0000000000000000E+000, 0.0000000000000000E+000, 4.4103692788395188E-001
579,cdiaghg,15,12,F, 1.4068433270254978E+001, 5.9058272898187738E+000, 1.2248588161849915E-002,-4.7140896727804362E+000, 5.9058272898187738E+000, 0.0000000000000000E+000, 0.0000000000000000E+000, 4.6300065435048321E+000, 1.4156522981367496E+000, 5.4308318536270472E-003, 1.0000000000000000E+000, 1.4156522981367496E+000, 0.0000000000000000E+000, 0.0000000000000000E+000, 4.8234508154183836E-001
580,cdiaghg,16,12,F, 1.4927948080575385E+001, 5.9058272898187738E+000, 1.2248588161849915E-002,-4.7140896727804362E+000, 5.9058272898187738E+000, 0.0000000000000000E+000, 0.0000000000000000E+000, 4.8219270447740703E+000, 1.4156522981367496E+000, 5.4308318536270472E-003, 1.0000000000000000E+000, 1.4156522981367496E+000, 0.0000000000000000E+000, 0.0000000000000000E+000, 4.9094511081681363E-001
581,cdiaghg,17,12,F, 1.5881491692753334E+001, 5.9058272898187738E+000, 1.2248588161849915E-002,-4.7140896727804362E+000, 5.9058272898187738E+000, 0.0000000000000000E+000, 0.0000000000000000E+000, 5.1477375495918265E+000, 1.4156522981367496E+000, 5.4308318536270472E-003, 1.0000000000000000E+000, 1.4156522981367496E+000, 0.0000000000000000E+000, 0.0000000000000000E+000, 5.2530437206956948E-001
582,cdiaghg,12,12,T, 7.8247600702065654E+000, 4.7138311515054552E+000, 9.6063415931624006E-007,-4.7138311515054552E+000, 2.2195998659743630E+000, 0.0000000000000000E+000, 0.0000000000000000E+000, 3.4641016151377539E+000, 1.0000000000000020E+000, 2.7458615172906780E-017, 9.9999999999999811E-001, 1.0000000000000020E+000, 0.0000000000000000E+000, 0.0000000000000000E+000, 2.3097004764200379E-015
583,cdiaghg,24,12,F, 2.7987077650585476E+001, 8.6071005642625220E+000, 9.6063415931624006E-007,-4.7138311515054552E+000, 8.6071005642625220E+000, 0.0000000000000000E+000, 0.0000000000000000E+000, 8.0451285835719712E+000, 2.0940274491216750E+000, 2.7458615172906780E-017, 9.9999999999999811E-001, 2.0940274491216750E+000, 0.0000000000000000E+000, 0.0000000000000000E+000, 6.8316353057842616E-001
584,cdiaghg,14,12,F, 1.3598545898308927E+001, 6.1075438914445481E+000, 2.5345248182925252E-002,-4.7146975047872406E+000, 6.1075438914445481E+000, 0.0000000000000000E+000, 0.0000000000000000E+000, 4.2544175606490811E+000, 1.2284647537676878E+000, 1.3766540703025394E-002, 1.0000000000000000E+000, 1.2284647537676878E+000, 0.0000000000000000E+000, 0.0000000000000000E+000, 4.3239278362253042E-001
585,cdiaghg,12,12,T, 8.0414488129174124E+000, 4.7151664722892814E+000, 1.0060128330642077E-006,-4.7151664722892814E+000, 2.7581884659518372E+000, 0.0000000000000000E+000, 0.0000000000000000E+000, 3.4641016151377535E+000, 1.0000000000000013E+000, 4.9838015703857727E-018, 9.9999999999999778E-001, 1.0000000000000013E+000, 0.0000000000000000E+000, 0.0000000000000000E+000, 1.8050251243480137E-015
586,cdiaghg,24,12,F, 3.1053226507259065E+001, 9.3156020592010655E+000, 1.0060128330642077E-006,-4.7151664722892814E+000, 9.3156020592010655E+000, 0.0000000000000000E+000, 0.0000000000000000E+000, 7.5736428020840281E+000, 1.7902306766211424E+000, 4.9838015703857727E-018, 9.9999999999999778E-001, 1.7902306766211424E+000, 0.0000000000000000E+000, 0.0000000000000000E+000, 6.3939211847899802E-001
587,cdiaghg,13,12,F, 1.0424374848919811E+001, 6.5104998352784573E+000, 1.1920038725637287E-002,-4.7160092922838359E+000, 6.5104998352784573E+000, 0.0000000000000000E+000, 0.0000000000000000E+000, 3.7002195084032272E+000, 1.0877042092232503E+000, 1.1436077140339293E-002, 1.0000000000000000E+000, 1.0877042092232503E+000, 0.0000000000000000E+000, 0.0000000000000000E+000, 1.9417273091249637E-001
588,cdiaghg,12,12,T, 7.9468362593178963E+000, 4.7126228605958982E+000, 2.0870608870403467E-006,-4.7126228605958982E+000, 2.6140621224278733E+000, 0.0000000000000000E+000, 0.0000000000000000E+000, 3.4641016151377544E+000, 1.0000000000000013E+000, 9.1282692914852330E-018, 9.9999999999999878E-001, 1.0000000000000013E+000, 0.0000000000000000E+000, 0.0000000000000000E+000, 1.7153516258554941E-015
589,cdiaghg,24,12,F, 2.6769160959844125E+001, 7.7668536339554297E+000, 2.0870608870403467E-006,-4.7126228605958982E+000, 7.7668536339554297E+000, 0.0000000000000000E+000, 0.0000000000000000E+000, 7.6245506710451103E+000, 1.5386825121259566E+000, 9.1282692914852330E-018, 9.9999999999999878E-001, 1.5386825121259566E+000, 0.0000000000000000E+000, 0.0000000000000000E+000, 6.5167679959084268E-001
590,cdiaghg,14,12,F, 1.4159378336627261E+001, 7.5948288470614180E+000, 7.2677528580640726E-003,-4.7134217999892698E+000, 7.5948288470614180E+000, 0.0000000000000000E+000, 0.0000000000000000E+000, 4.1684224344459491E+000, 1.2891916083582566E+000, 4.0624691222195947E-003, 1.0000000000000000E+000, 1.2891916083582566E+000, 0.0000000000000000E+000, 0.0000000000000000E+000, 3.8147450591588955E-001
591,cdiaghg,12,12,T, 7.9022219352758025E+000, 4.7117518121715269E+000, 9.0449858795770155E-007,-4.7117518121715269E+000, 2.5474979031045715E+000, 0.0000000000000000E+000, 0.0000000000000000E+000, 3.4641016151377575E+000, 1.0000000000000022E+000, 2.0833883616213626E-017, 9.9999999999999767E-001, 1.0000000000000022E+000, 0.0000000000000000E+000, 0.0000000000000000E+000, 2.4901367325916081E-015
592,cdiaghg,24,12,F, 2.7395313491082373E+001, 9.6400978203948213E+000, 9.0449858795770155E-007,-4.7117518121715269E+000, 9.6400978203948213E+000, 0.0000000000000000E+000, 0.0000000000000000E+000, 7.8793253056066153E+000, 1.7510285452889471E+000, 2.0833883616213626E-017, 9.9999999999999767E-001, 1.7510285452889471E+000, 0.0000000000000000E+000, 0.0000000000000000E+000, 6.6632886276078884E-001
593,cdiaghg,14,12,F, 1.2814343732126433E+001, 7.1065091414850752E+000, 5.3046783681402797E-003,-4.7125360488522743E+000, 7.1065091414850752E+000, 0.0000000000000000E+000, 0.0000000000000000E+000, 4.0758127466304650E+000, 1.2444750825256066E+000, 2.6889587780091237E-003, 1.0000000000000000E+000, 1.2444750825256066E+000, 0.0000000000000000E+000, 0.0000000000000000E+000, 3.2594010288081399E-001
594,cdiaghg,12,12,T, 7.8773524204990251E+000, 4.7113166622646023E+000, 1.1172371894242127E-006,-4.7113166622646023E+000, 2.2715273969781413E+000, 0.0000000000000000E+000, 0.0000000000000000E+000, 3.4641016151377544E+000, 1.0000000000000040E+000, 4.4079398181004573E-018, 9.9999999999999778E-001, 1.0000000000000040E+000, 0.0000000000000000E+000, 0.0000000000000000E+000, 3.2959837635927842E-015
595,cdiaghg,24,12,F, 2.5860491228043667E+001, 6.9715068261475093E+000, 1.1172371894242127E-006,-4.7113166622646023E+000, 6.9715068261475093E+000, 0.0000000000000000E+000, 0.0000000000000000E+000, 8.0309481185098210E+000, 1.5735401645179039E+000, 4.4079398181004573E-018, 9.9999999999999778E-001, 1.5735401645179039E+000, 0.0000000000000000E+000, 0.0000000000000000E+000, 6.9376611395158561E-001
596,cdiaghg,14,12,F, 1.4368534519448477E+001, 8.7702149625513428E+000, 3.5511472635649851E-003,-4.7120806119182976E+000, 8.7702149625513428E+000, 0.0000000000000000E+000, 0.0000000000000000E+000, 4.1402314734196413E+000, 1.2544966310640842E+000, 2.5428109729836194E-003, 1.0000000000000000E+000, 1.2544966310640842E+000, 0.0000000000000000E+000, 0.0000000000000000E+000, 3.5364518551973456E-001
597,cdiaghg,12,12,T, 7.8762945602912300E+000, 4.7129086308576777E+000, 3.1573306360653285E-007,-4.7129086308576777E+000, 2.2156108238426144E+000, 0.0000000000000000E+000, 0.0000000000000000E+000, 3.4641016151377553E+000, 1.0000000000000016E+000, 2.0626906997538847E-017, 9.9999999999999889E-001, 1.0000000000000016E+000, 0.0000000000000000E+000, 0.0000000000000000E+000, 1.6503812928365472E-015
598,cdiaghg,24,12,F, 2.8705020589109868E+001, 7.4976016795294935E+000, 3.1573306360653285E-007,-4.7129086308576777E+000, 7.4976016795294935E+000, 0.0000000000000000E+000, 0.0000000000000000E+000, 7.4803246575065518E+000, 2.0108960640022300E+000, 2.0626906997538847E-017, 9.9999999999999889E-001, 2.0108960640022300E+000, 0.0000000000000000E+000, 0.0000000000000000E+000, 6.2788492912682792E-001
599,cdiaghg,13,12,F, 9.0112864430826942E+000, 4.7138389620674310E+000, 1.5896243043894180E-003,-4.7138389620674310E+000, 4.1242660116935976E+000, 0.0000000000000000E+000, 0.0000000000000000E+000, 3.7333396617574581E+000, 1.1324130662386755E+000, 9.7289103097138055E-004, 1.0000000000000000E+000, 1.1324130662386755E+000, 0.0000000000000000E+000, 0.0000000000000000E+000, 2.1974027934602453E-001
600,cdiaghg,14,12,F, 1.0514922351435876E+001, 4.7865523099036213E+000, 6.3321387797028977E-004,-4.7138389620674310E+000, 4.7865523099036213E+000, 0.0000000000000000E+000, 0.0000000000000000E+000, 4.4180397941869884E+000, 2.1855186716359998E+000, 3.9372681380120883E-004, 1.0000000000000000E+000, 2.1855186716359998E+000, 0.0000000000000000E+000, 0.0000000000000000E+000, 3.8433388520196360E-001
601,cdiaghg,12,12,T, 7.9510449910461762E+000, 4.7114336616308412E+000, 5.4760166467701625E-008,-4.7114336616308412E+000, 2.4058675074526450E+000, 0.0000000000000000E+000, 0.0000000000000000E+000, 3.4641016151377535E+000, 1.0000000000000011E+000, 1.9351657736660845E-017, 9.9999999999999734E-001, 1.0000000000000011E+000, 0.0000000000000000E+000, 0.0000000000000000E+000, 1.6536534677359883E-015
602,cdiaghg,24,12,F, 2.8334497373815900E+001, 7.9081350899311635E+000, 5.4760166467701625E-008,-4.7114336616308412E+000, 7.9081350899311635E+000, 0.0000000000000000E+000, 0.0000000000000000E+000, 7.2667784919752361E+000, 1.6189928561998765E+000, 1.9351657736660845E-017, 9.9999999999999734E-001, 1.6189928561998765E+000, 0.0000000000000000E+000, 0.0000000000000000E+000, 6.0799968022423800E-001
603,cdiaghg,14,12,F, 1.2981740491605548E+001, 7.6256282981316090E+000, 7.5895757851225144E-004,-4.7121840416585767E+000, 7.6256282981316090E+000, 0.0000000000000000E+000, 0.0000000000000000E+000, 4.1017444342574763E+000, 1.3089609006641643E+000, 4.6086340846304951E-004, 1.0000000000000000E+000, 1.3089609006641643E+000, 0.0000000000000000E+000, 0.0000000000000000E+000, 3.2811159026070658E-001
604,cdiaghg,12,12,T, 7.9261392999037508E+000, 4.7111100321183308E+000, 9.2622236255556482E-007,-4.7111100321183308E+000, 2.3181513331706052E+000, 0.0000000000000000E+000, 0.0000000000000000E+000, 3.4641016151377526E+000, 1.0000000000000022E+000, 1.7075603489941588E-017, 9.9999999999999467E-001, 1.0000000000000022E+000, 0.0000000000000000E+000, 0.0000000000000000E+000, 2.4825179482672145E-015
605,cdiaghg,24,12,F, 2.5983498871793561E+001, 8.9988941388137622E+000, 9.2622236255556482E-007,-4.7111100321183308E+000, 8.9988941388137622E+000, 0.0000000000000000E+000, 0.0000000000000000E+000, 7.5938595378657663E+000, 1.6981407618671400E+000, 1.7075603489941588E-017, 9.9999999999999467E-001, 1.6981407618671400E+000, 0.0000000000000000E+000, 0.0000000000000000E+000, 6.3702824821956427E-001
606,cdiaghg,14,12,F, 1.4492967536637270E+001, 9.2145728296320559E+000, 4.3009151658921982E-003,-4.7118091996661740E+000, 9.2145728296320559E+000, 0.0000000000000000E+000, 0.0000000000000000E+000, 4.1708618763531105E+000, 1.3091178567544877E+000, 1.8549520668325304E-003, 1.0000000000000000E+000, 1.3091178567544877E+000, 0.0000000000000000E+000, 0.0000000000000000E+000, 3.5682778129105697E-001
607,cdiaghg,12,12,T, 7.9630756011360280E+000, 4.7110962567110093E+000, 2.6747449669321124E-007,-4.7110962567110093E+000, 2.2200053838088301E+000, 0.0000000000000000E+000, 0.0000000000000000E+000, 3.4641016151377544E+000, 1.0000000000000018E+000, 1.4469013226523831E-017, 9.9999999999999811E-001, 1.0000000000000018E+000, 0.0000000000000000E+000, 0.0000000000000000E+000, 1.4788921846021118E-015
608,cdiaghg,24,12,F, 2.5007767146899955E+001, 8.8010820574921880E+000, 2.6747449669321124E-007,-4.7110962567110093E+000, 8.8010820574921880E+000, 0.0000000000000000E+000, 0.0000000000000000E+000, 6.6179805286230744E+000, 1.6927505592147021E+000, 1.4469013226523831E-017, 9.9999999999999811E-001, 1.6927505592147021E+000, 0.0000000000000000E+000, 0.0000000000000000E+000, 5.2677281616690674E-001
609,cdiaghg,14,12,F, 1.3794735162389010E+001, 7.8903953690809399E+000, 1.2335874628086754E-004,-4.7116525475411191E+000, 7.8903953690809399E+000, 0.0000000000000000E+000, 0.0000000000000000E+000, 4.1922748398747194E+000, 1.3180440901540529E+000, 7.4249790240824126E-005, 1.0000000000000000E+000, 1.3180440901540529E+000, 0.0000000000000000E+000, 0.0000000000000000E+000, 3.6202345606582742E-001
610,cdiaghg,12,12,T, 8.6172980550581020E+000, 5.1883119208543365E+000, 3.9574322843226240E-008,-5.1883119208543365E+000, 3.0950991752743988E+000, 0.0000000000000000E+000, 0.0000000000000000E+000, 3.4641016151377553E+000, 1.0000000000000013E+000, 1.6968164041304508E-017, 9.9999999999999889E-001, 1.0000000000000013E+000, 0.0000000000000000E+000, 0.0000000000000000E+000, 1.4232763010478696E-015
611,cdiaghg,24,12,F, 2.4191496930543344E+001, 7.9342954626625826E+000, 3.9574322843226240E-008,-5.1883119208543365E+000, 7.9342954626625826E+000, 0.0000000000000000E+000, 0.0000000000000000E+000, 5.8513938653155497E+000, 1.5713071577860451E+000, 1.6968164041304508E-017, 9.9999999999999889E-001, 1.5713071577860451E+000, 0.0000000000000000E+000, 0.0000000000000000E+000, 3.7065689184033901E-001
612,cdiaghg,17,12,F, 2.6948439922503344E+001, 1.3987125643564028E+001, 1.7228825216752432E-004,-5.1887168015900116E+000, 1.3987125643564028E+001, 0.0000000000000000E+000, 0.0000000000000000E+000, 4.8928222390866427E+000, 1.3546028767125589E+000, 1.5237674787719124E-004, 1.0000000000000000E+000, 1.3546028767125589E+000, 0.0000000000000000E+000, 0.0000000000000000E+000, 4.2988180878839810E-001
613,cdiaghg,12,12,T, 8.5276790845032675E+000, 5.1869685218019326E+000, 1.9500371290558450E-007,-5.1869685218019326E+000, 3.0545205234636494E+000, 0.0000000000000000E+000, 0.0000000000000000E+000, 3.4641016151377526E+000, 1.0000000000000031E+000, 7.5237259417479091E-018, 9.9999999999999623E-001, 1.0000000000000031E+000, 0.0000000000000000E+000, 0.0000000000000000E+000, 2.3113969033177610E-015
614,cdiaghg,24,12,F, 2.4800327445247046E+001, 6.7053318385908343E+000, 1.9500371290558450E-007,-5.1869685218019326E+000, 6.7053318385908343E+000, 0.0000000000000000E+000, 0.0000000000000000E+000, 6.3991375995373199E+000, 1.5395454392162582E+000, 7.5237259417479091E-018, 9.9999999999999623E-001, 1.5395454392162582E+000, 0.0000000000000000E+000, 0.0000000000000000E+000, 5.0514466939888159E-001
615,cdiaghg,17,12,F, 2.1951277393185158E+001, 9.9583592806837729E+000, 1.2193642710816928E-003,-5.1873569221817393E+000, 9.9583592806837729E+000, 0.0000000000000000E+000, 0.0000000000000000E+000, 4.8404965027651690E+000, 1.3301411569094199E+000, 9.5677931811026724E-004, 1.0000000000000000E+000, 1.3301411569094199E+000, 0.0000000000000000E+000, 0.0000000000000000E+000, 4.3265401159046191E-001
616,cdiaghg,12,12,T, 8.3730959349362912E+000, 5.1849373287167415E+000, 7.0854835200671510E-007,-5.1849373287167415E+000, 2.8840564085535121E+000, 0.0000000000000000E+000, 0.0000000000000000E+000, 3.4641016151377548E+000, 1.0000000000000016E+000, 2.6281074629231710E-017, 9.9999999999999734E-001, 1.0000000000000016E+000, 0.0000000000000000E+000, 0.0000000000000000E+000, 1.5550559398007704E-015
617,cdiaghg,24,12,F, 2.8962681355796953E+001, 7.9420271975712842E+000, 7.0854835200671510E-007,-5.1849373287167415E+000, 7.9420271975712842E+000, 0.0000000000000000E+000, 0.0000000000000000E+000, 7.1804688977556754E+000, 1.7382877164008648E+000, 2.6281074629231710E-017, 9.9999999999999734E-001, 1.7382877164008648E+000, 0.0000000000000000E+000, 0.0000000000000000E+000, 6.0799959939534198E-001
618,cdiaghg,15,12,F, 1.4912509944120167E+001, 7.5972282639381863E+000, 2.5470596596813091E-003,-5.1853162212068327E+000, 7.5972282639381863E+000, 0.0000000000000000E+000, 0.0000000000000000E+000, 4.4672124419001245E+000, 1.3146545218443382E+000, 1.7520629731108016E-003, 1.0000000000000000E+000, 1.3146545218443382E+000, 0.0000000000000000E+000, 0.0000000000000000E+000, 4.0408346248956767E-001
619,cdiaghg,12,12,T, 8.2597855990258395E+000, 5.1829818296900561E+000, 2.8659434712816415E-007,-5.1829818296900561E+000, 2.7588789327859966E+000, 0.0000000000000000E+000, 0.0000000000000000E+000, 3.4641016151377531E+000, 1.0000000000000011E+000, 1.4363658980754124E-017, 9.9999999999999767E-001, 1.0000000000000011E+000, 0.0000000000000000E+000, 0.0000000000000000E+000, 3.8627799483321304E-015
620,cdiaghg,24,12,F, 2.9787637150169704E+001, 8.2279563694346400E+000, 2.8659434712816415E-007,-5.1829818296900561E+000, 8.2279563694346400E+000, 0.0000000000000000E+000, 0.0000000000000000E+000, 8.0043893056292781E+000, 2.0802031389843569E+000, 1.4363658980754124E-017, 9.9999999999999767E-001, 2.0802031389843569E+000, 0.0000000000000000E+000, 0.0000000000000000E+000, 6.7197192780907977E-001
621,cdiaghg,15,12,F, 1.8085061060508739E+001, 1.0406932056242310E+001, 1.0875383906354932E-003,-5.1833025566042448E+000, 1.0406932056242310E+001, 0.0000000000000000E+000, 0.0000000000000000E+000, 4.3388310359238416E+000, 1.3289853365672368E+000, 1.0829162711802698E-003, 1.0000000000000000E+000, 1.3289853365672368E+000, 0.0000000000000000E+000, 0.0000000000000000E+000, 3.6484659631491645E-001
622,cdiaghg,12,12,T, 8.2183049002320132E+000, 5.1815943739800350E+000, 4.2767864899172269E-007,-5.1815943739800350E+000, 2.7137185112589957E+000, 0.0000000000000000E+000, 0.0000000000000000E+000, 3.4641016151377539E+000, 1.0000000000000022E+000, 2.4960547433737443E-017, 9.9999999999999767E-001, 1.0000000000000022E+000, 0.0000000000000000E+000, 0.0000000000000000E+000, 3.2003814094390062E-015
623,cdiaghg,24,12,F, 3.1700305468076110E+001, 1.1798168101309921E+001, 4.2767864899172269E-007,-5.1815943739800350E+000, 1.1798168101309921E+001, 0.0000000000000000E+000, 0.0000000000000000E+000, 8.1023153211100336E+000, 2.3700989572026518E+000, 2.4960547433737443E-017, 9.9999999999999767E-001, 2.3700989572026518E+000, 0.0000000000000000E+000, 0.0000000000000000E+000, 6.7267863195069921E-001
624,cdiaghg,15,12,F, 1.8156508193232007E+001, 1.0184458745100359E+001, 2.5338603378602005E-003,-5.1818989160018543E+000, 1.0184458745100359E+001, 0.0000000000000000E+000, 0.0000000000000000E+000, 4.3136585177449049E+000, 1.3819319916359218E+000, 1.9441647088527343E-003, 1.0000000000000000E+000, 1.3819319916359218E+000, 0.0000000000000000E+000, 0.0000000000000000E+000, 3.5739681920829564E-001
625,cdiaghg,12,12,T, 8.3815881840980779E+000, 5.1852365401407132E+000, 1.9111815749773071E-007,-5.1852365401407132E+000, 2.7824441926157264E+000, 0.0000000000000000E+000, 0.0000000000000000E+000, 3.4641016151377544E+000, 1.0000000000000024E+000, 1.0422934310152656E-017, 9.9999999999999745E-001, 1.0000000000000024E+000, 0.0000000000000000E+000, 0.0000000000000000E+000, 2.5871392648310625E-015
626,cdiaghg,24,12,F, 2.6630174724018953E+001, 6.8508678887999430E+000, 1.9111815749773071E-007,-5.1852365401407132E+000, 6.8508678887999430E+000, 0.0000000000000000E+000, 0.0000000000000000E+000, 6.8611522642110456E+000, 1.6124582776456018E+000, 1.0422934310152656E-017, 9.9999999999999745E-001, 1.6124582776456018E+000, 0.0000000000000000E+000, 0.0000000000000000E+000, 5.7448240219809199E-001
627,cdiaghg,16,12,F, 1.8195087759808064E+001, 8.5942742933519227E+000, 1.1270367646382196E-003,-5.1856353520568499E+000, 8.5942742933519227E+000, 0.0000000000000000E+000, 0.0000000000000000E+000, 4.7534536996934333E+000, 1.2812101781081000E+000, 4.0122817625810100E-004, 1.0000000000000000E+000, 1.2812101781081000E+000, 0.0000000000000000E+000, 0.0000000000000000E+000, 4.5607525468456955E-001
628,cdiaghg,12,12,T, 8.2530864118107683E+000, 5.1836089371388105E+000, 3.5383496806237706E-005,-5.1836089371388105E+000, 2.6049173979269282E+000, 0.0000000000000000E+000, 0.0000000000000000E+000, 3.4641016151377548E+000, 1.0000000000000018E+000, 3.3653661003337945E-017, 9.9999999999999778E-001, 1.0000000000000018E+000, 0.0000000000000000E+000, 0.0000000000000000E+000, 3.5390589400063355E-015
629,cdiaghg,24,12,F, 2.8173706658140951E+001, 7.4555351477207790E+000, 3.5383496806237706E-005,-5.1836089371388105E+000, 7.4555351477207790E+000, 0.0000000000000000E+000, 0.0000000000000000E+000, 7.8319986648043729E+000, 1.6847581160628924E+000, 3.3653661003337945E-017, 9.9999999999999778E-001, 1.6847581160628924E+000, 0.0000000000000000E+000, 0.0000000000000000E+000, 6.6668136597572669E-001
630,cdiaghg,15,12,F, 1.6262712828978270E+001, 7.6125312579678983E+000, 1.9527897053018696E-002,-5.1839351781138205E+000, 7.6125312579678983E+000, 0.0000000000000000E+000, 0.0000000000000000E+000, 4.3927489885781172E+000, 1.2357979255364318E+000, 1.7119613506361014E-002, 1.0000000000000000E+000, 1.2357979255364318E+000, 0.0000000000000000E+000, 0.0000000000000000E+000, 4.0014651056574729E-001
631,cdiaghg,12,12,T, 8.1802255050868808E+000, 5.1823423966455042E+000, 1.0971535533300880E-005,-5.1823423966455042E+000, 2.5228965832182504E+000, 0.0000000000000000E+000, 0.0000000000000000E+000, 3.4641016151377531E+000, 1.0000000000000004E+000, 8.8197657138533325E-018, 9.9999999999999878E-001, 1.0000000000000004E+000, 0.0000000000000000E+000, 0.0000000000000000E+000, 3.6906171741059087E-015
632,cdiaghg,24,12,F, 2.9924753474626264E+001, 9.2934355014605003E+000, 1.0971535533300880E-005,-5.1823423966455042E+000, 9.2934355014605003E+000, 0.0000000000000000E+000, 0.0000000000000000E+000, 8.0544105602462448E+000, 2.0197409393576593E+000, 8.8197657138533325E-018, 9.9999999999999878E-001, 2.0197409393576593E+000, 0.0000000000000000E+000, 0.0000000000000000E+000, 6.6742290720037278E-001
633,cdiaghg,14,12,F, 1.6735562220878705E+001, 9.8606786445185488E+000, 1.9439189895494282E-002,-5.1826658960323062E+000, 9.8606786445185488E+000, 0.0000000000000000E+000, 0.0000000000000000E+000, 4.1069682608626685E+000, 1.2274088749588619E+000, 7.9798756161482236E-003, 1.0000000000000000E+000, 1.2274088749588619E+000, 0.0000000000000000E+000, 0.0000000000000000E+000, 3.5156814337820103E-001
634,cdiaghg,12,12,T, 8.1498295046548765E+000, 5.1826031594130200E+000, 1.5287120223243097E-006,-5.1826031594130200E+000, 2.2264065719270998E+000, 0.0000000000000000E+000, 0.0000000000000000E+000, 3.4641016151377557E+000, 1.0000000000000018E+000, 1.2883402857774034E-017, 9.9999999999999822E-001, 1.0000000000000018E+000, 0.0000000000000000E+000, 0.0000000000000000E+000, 2.1060952655597991E-015
635,cdiaghg,24,12,F, 3.0978501856201056E+001, 9.7715168040013847E+000, 1.5287120223243097E-006,-5.1826031594130200E+000, 9.7715168040013847E+000, 0.0000000000000000E+000, 0.0000000000000000E+000, 8.2918404504719678E+000, 2.1316753906296020E+000, 1.2883402857774034E-017, 9.9999999999999822E-001, 2.1316753906296020E+000, 0.0000000000000000E+000, 0.0000000000000000E+000, 6.8184211524500293E-001
636,cdiaghg,14,12,F, 1.3570998314704052E+001, 7.9380682891543461E+000, 5.7788168549054875E-003,-5.1829238682892926E+000, 7.9380682891543461E+000, 0.0000000000000000E+000, 0.0000000000000000E+000, 3.9803163405358148E+000, 1.2041342607927692E+000, 5.0069311638572117E-003, 1.0000000000000000E+000, 1.2041342607927692E+000, 0.0000000000000000E+000, 0.0000000000000000E+000, 2.7712649503027315E-001
637,cdiaghg,12,12,T, 8.1129521441376475E+000, 5.1816565084167570E+000, 1.9698172744662229E-007,-5.1816565084167570E+000, 2.1610112972395452E+000, 0.0000000000000000E+000, 0.0000000000000000E+000, 3.4641016151377562E+000, 1.0000000000000033E+000, 9.1444535912045693E-018, 9.9999999999999767E-001, 1.0000000000000033E+000, 0.0000000000000000E+000, 0.0000000000000000E+000, 2.2597724910403308E-015
638,cdiaghg,24,12,F, 3.0246861932362823E+001, 8.8235059490208307E+000, 1.9698172744662229E-007,-5.1816565084167570E+000, 8.8235059490208307E+000, 0.0000000000000000E+000, 0.0000000000000000E+000, 8.2143921729575009E+000, 2.0059666229432214E+000, 9.1444535912045693E-018, 9.9999999999999767E-001, 2.0059666229432214E+000, 0.0000000000000000E+000, 0.0000000000000000E+000, 6.7980150379000792E-001
639,cdiaghg,15,12,F, 1.7580712659314266E+001, 1.0618455790689044E+001, 1.2448094083635545E-003,-5.1819797010715778E+000, 1.0618455790689044E+001, 0.0000000000000000E+000, 0.0000000000000000E+000, 4.2409402785685222E+000, 1.2113034241074492E+000, 1.0054169381661742E-003, 1.0000000000000000E+000, 1.2113034241074492E+000, 0.0000000000000000E+000, 0.0000000000000000E+000, 3.3699705265406410E-001
640,cdiaghg,12,12,T, 8.4810127382956839E+000, 5.1860732077936751E+000, 1.2778864613504137E-007,-5.1860732077936751E+000, 2.9822330870641558E+000, 0.0000000000000000E+000, 0.0000000000000000E+000, 3.4641016151377553E+000, 1.0000000000000022E+000, 1.4549407488101995E-017, 9.9999999999999667E-001, 1.0000000000000022E+000, 0.0000000000000000E+000, 0.0000000000000000E+000, 1.8530952673003363E-015
641,cdiaghg,24,12,F, 2.7555156401345116E+001, 7.7701773376775423E+000, 1.2778864613504137E-007,-5.1860732077936751E+000, 7.7701773376775423E+000, 0.0000000000000000E+000, 0.0000000000000000E+000, 6.7301483732534164E+000, 1.6607028544979108E+000, 1.4549407488101995E-017, 9.9999999999999667E-001, 1.6607028544979108E+000, 0.0000000000000000E+000, 0.0000000000000000E+000, 5.5401394037114948E-001
642,cdiaghg,15,12,F, 1.8316395746481746E+001, 1.1402375795458935E+001, 2.0412628269431670E-003,-5.1864502431652078E+000, 1.1402375795458935E+001, 0.0000000000000000E+000, 0.0000000000000000E+000, 4.3440624803274002E+000, 1.3067038671912998E+000, 1.7254802746800735E-003, 1.0000000000000000E+000, 1.3067038671912998E+000, 0.0000000000000000E+000, 0.0000000000000000E+000, 3.6440319943907734E-001
643,cdiaghg,12,12,T, 8.3715516010916549E+000, 5.1840901878845207E+000, 5.2349518809440930E-007,-5.1840901878845207E+000, 2.8380306768986845E+000, 0.0000000000000000E+000, 0.0000000000000000E+000, 3.4641016151377539E+000, 1.0000000000000020E+000, 1.5023574946645272E-017, 9.9999999999999600E-001, 1.0000000000000020E+000, 0.0000000000000000E+000, 0.0000000000000000E+000, 2.1347147739353055E-015
644,cdiaghg,24,12,F, 2.7714812073393869E+001, 7.3803127007292915E+000, 5.2349518809440930E-007,-5.1840901878845207E+000, 7.3803127007292915E+000, 0.0000000000000000E+000, 0.0000000000000000E+000, 7.4584582654645679E+000, 1.6575942629929916E+000, 1.5023574946645272E-017, 9.9999999999999600E-001, 1.6575942629929916E+000, 0.0000000000000000E+000, 0.0000000000000000E+000, 6.4276841579472521E-001
645,cdiaghg,16,12,F, 2.0731419212833543E+001, 1.0049261364278255E+001, 2.0643421034922606E-003,-5.1844809972678805E+000, 1.0049261364278255E+001, 0.0000000000000000E+000, 0.0000000000000000E+000, 5.0730701822864877E+000, 1.2904772009548870E+000, 2.6434262087325720E-003, 1.0000000000000000E+000, 1.2904772009548870E+000, 0.0000000000000000E+000, 0.0000000000000000E+000, 5.5590806246506852E-001
646,cdiaghg,12,12,T, 8.2768179707903791E+000, 5.1829657137019902E+000, 2.5777257942258631E-006,-5.1829657137019902E+000, 2.7491527238610214E+000, 0.0000000000000000E+000, 0.0000000000000000E+000, 3.4641016151377535E+000, 1.0000000000000027E+000, 2.0616733980485077E-017, 9.9999999999999734E-001, 1.0000000000000027E+000, 0.0000000000000000E+000, 0.0000000000000000E+000, 3.0205276321080732E-015
647,cdiaghg,24,12,F, 2.8127892120850731E+001, 8.2348821170084836E+000, 2.5777257942258631E-006,-5.1829657137019902E+000, 8.2348821170084836E+000, 0.0000000000000000E+000, 0.0000000000000000E+000, 8.2437718998604108E+000, 1.9109423689013199E+000, 2.0616733980485077E-017, 9.9999999999999734E-001, 1.9109423689013199E+000, 0.0000000000000000E+000, 0.0000000000000000E+000, 6.9021448005354136E-001
648,cdiaghg,14,12,F, 1.2260865934391578E+001, 5.1832879355128902E+000, 1.2964211949594339E-002,-5.1832879355128902E+000, 4.8405835537496955E+000, 0.0000000000000000E+000, 0.0000000000000000E+000, 4.2329181894267709E+000, 1.1760875495441163E+000, 1.3715648973652388E-002, 1.0000000000000000E+000, 1.1760875495441163E+000, 0.0000000000000000E+000, 0.0000000000000000E+000, 4.2947389942479020E-001
649,cdiaghg,12,12,T, 8.2400233851939593E+000, 5.1821103557607433E+000, 4.2830837803974315E-007,-5.1821103557607433E+000, 2.7111223771294530E+000, 0.0000000000000000E+000, 0.0000000000000000E+000, 3.4641016151377553E+000, 1.0000000000000022E+000, 3.3047371205490755E-017, 9.9999999999999711E-001, 1.0000000000000022E+000, 0.0000000000000000E+000, 0.0000000000000000E+000, 3.9281965568528292E-015
650,cdiaghg,24,12,F, 3.1084064575323190E+001, 1.1356515520846598E+001, 4.2830837803974315E-007,-5.1821103557607433E+000, 1.1356515520846598E+001, 0.0000000000000000E+000, 0.0000000000000000E+000, 8.5387920571854075E+000, 2.2677880431309734E+000, 3.3047371205490755E-017, 9.9999999999999711E-001, 2.2677880431309734E+000, 0.0000000000000000E+000, 0.0000000000000000E+000, 6.9438293071597246E-001
651,cdiaghg,14,12,F, 1.1004157495136845E+001, 5.6062816832918969E+000, 2.0077199214162404E-003,-5.1824250424200251E+000, 5.6062816832918969E+000, 0.0000000000000000E+000, 0.0000000000000000E+000, 4.1499051433561007E+000, 1.3554646652507705E+000, 1.5372670212542528E-003, 1.0000000000000000E+000, 1.3554646652507705E+000, 0.0000000000000000E+000, 0.0000000000000000E+000, 3.6640513757610282E-001
652,cdiaghg,12,12,T, 8.2324400390139729E+000, 5.1831504309514251E+000, 4.5063078967691375E-007,-5.1831504309514251E+000, 2.4361910903027022E+000, 0.0000000000000000E+000, 0.0000000000000000E+000, 3.4641016151377553E+000, 1.0000000000000022E+000, 1.4983846351889496E-017, 9.9999999999999833E-001, 1.0000000000000022E+000, 0.0000000000000000E+000, 0.0000000000000000E+000, 3.2319636053058685E-015
653,cdiaghg,24,12,F, 2.9658985602352008E+001, 8.8577853342651700E+000, 4.5063078967691375E-007,-5.1831504309514251E+000, 8.8577853342651700E+000, 0.0000000000000000E+000, 0.0000000000000000E+000, 8.1045709312308816E+000, 1.7415341016590293E+000, 1.4983846351889496E-017, 9.9999999999999833E-001, 1.7415341016590293E+000, 0.0000000000000000E+000, 0.0000000000000000E+000, 6.7802196137994564E-001
654,cdiaghg,15,12,F, 1.6778105833843718E+001, 8.8101238161274438E+000, 1.9809770839095578E-003,-5.1834745726684410E+000, 8.8101238161274438E+000, 0.0000000000000000E+000, 0.0000000000000000E+000, 4.4015598309755068E+000, 1.2195658888999577E+000, 1.6018299746850802E-003, 1.0000000000000000E+000, 1.2195658888999577E+000, 0.0000000000000000E+000, 0.0000000000000000E+000, 4.0798584337051552E-001
655,cdiaghg,12,12,T, 8.1583282635966814E+000, 5.1817462060172099E+000, 4.2817503776916450E-005,-5.1817462060172099E+000, 2.3148029132320245E+000, 0.0000000000000000E+000, 0.0000000000000000E+000, 3.4641016151377562E+000, 1.0000000000000027E+000, 1.2440251610613700E-017, 9.9999999999999867E-001, 1.0000000000000027E+000, 0.0000000000000000E+000, 0.0000000000000000E+000, 3.2456339899936429E-015
656,cdiaghg,24,12,F, 2.8904497355274735E+001, 8.0247299875151832E+000, 4.2817503776916450E-005,-5.1817462060172099E+000, 8.0247299875151832E+000, 0.0000000000000000E+000, 0.0000000000000000E+000, 8.2147896696325997E+000, 1.7839437208306290E+000, 1.2440251610613700E-017, 9.9999999999999867E-001, 1.7839437208306290E+000, 0.0000000000000000E+000, 0.0000000000000000E+000, 6.8578651396579349E-001
657,cdiaghg,14,12,F, 1.3093450555027403E+001, 6.6224293534440557E+000, 4.8368930527763728E-003,-5.1820701469121531E+000, 6.6224293534440557E+000, 0.0000000000000000E+000, 0.0000000000000000E+000, 4.1541767607147140E+000, 1.2210447799837094E+000, 3.5285996905663783E-003, 1.0000000000000000E+000, 1.2210447799837094E+000, 0.0000000000000000E+000, 0.0000000000000000E+000, 3.7556885289488712E-001
658,cdiaghg,12,12,T, 8.2786211813986323E+000, 5.1842908990639582E+000, 2.9535995639985351E-007,-5.1842908990639582E+000, 2.5181254557237853E+000, 0.0000000000000000E+000, 0.0000000000000000E+000, 3.4641016151377535E+000, 1.0000000000000024E+000, 1.5164435499004944E-017, 9.9999999999999822E-001, 1.0000000000000024E+000, 0.0000000000000000E+000, 0.0000000000000000E+000, 2.1140617648417028E-015
659,cdiaghg,24,12,F, 2.8331524334694592E+001, 7.6208098409941476E+000, 2.9535995639985351E-007,-5.1842908990639582E+000, 7.6208098409941476E+000, 0.0000000000000000E+000, 0.0000000000000000E+000, 7.2631134647959836E+000, 1.6047612791002377E+000, 1.5164435499004944E-017, 9.9999999999999822E-001, 1.6047612791002377E+000, 0.0000000000000000E+000, 0.0000000000000000E+000, 6.1441873458477070E-001
660,cdiaghg,15,12,F, 1.6435258137756321E+001, 9.4023363798012678E+000, 3.1992018149803862E-003,-5.1846579758840594E+000, 9.4023363798012678E+000, 0.0000000000000000E+000, 0.0000000000000000E+000, 4.4611386044599239E+000, 1.2850565974559192E+000, 3.2171154239062109E-003, 1.0000000000000000E+000, 1.2850565974559192E+000, 0.0000000000000000E+000, 0.0000000000000000E+000, 4.0848213771413105E-001
661,cdiaghg,12,12,T, 8.1214708349163036E+000, 5.1813299863427185E+000, 4.3750215901064947E-007,-5.1813299863427185E+000, 2.0147802104767774E+000, 0.0000000000000000E+000, 0.0000000000000000E+000, 3.4641016151377553E+000, 1.0000000000000027E+000, 1.1945149819348400E-017, 9.9999999999999845E-001, 1.0000000000000027E+000, 0.0000000000000000E+000, 0.0000000000000000E+000, 2.2239078181007470E-015
662,cdiaghg,24,12,F, 2.8992540141343390E+001, 8.0927776860873877E+000, 4.3750215901064947E-007,-5.1813299863427185E+000, 8.0927776860873877E+000, 0.0000000000000000E+000, 0.0000000000000000E+000, 8.5036851236477311E+000, 1.7179735605569970E+000, 1.1945149819348400E-017, 9.9999999999999845E-001, 1.7179735605569970E+000, 0.0000000000000000E+000, 0.0000000000000000E+000, 7.0721311636571660E-001
663,cdiaghg,15,12,F, 1.6414530018057633E+001, 8.9788667328115785E+000, 5.0005223312073036E-004,-5.1816423428635598E+000, 8.9788667328115785E+000, 0.0000000000000000E+000, 0.0000000000000000E+000, 4.2533174579806996E+000, 1.1791349116587753E+000, 2.7433233922571806E-004, 1.0000000000000000E+000, 1.1791349116587753E+000, 0.0000000000000000E+000, 0.0000000000000000E+000, 3.3792319129966009E-001
664,cdiaghg,12,12,T, 8.1906381153080723E+000, 5.1826863166937507E+000, 5.5956879753357877E-007,-5.1826863166937507E+000, 2.4179141161497797E+000, 0.0000000000000000E+000, 0.0000000000000000E+000, 3.4641016151377539E+000, 1.0000000000000009E+000, 3.4838906787780607E-017, 9.9999999999999722E-001, 1.0000000000000009E+000, 0.0000000000000000E+000, 0.0000000000000000E+000, 3.2056273694730106E-015
665,cdiaghg,24,12,F, 2.9089673100528014E+001, 8.8637693681462704E+000, 5.5956879753357877E-007,-5.1826863166937507E+000, 8.8637693681462704E+000, 0.0000000000000000E+000, 0.0000000000000000E+000, 8.3571944286686630E+000, 1.8483034995507677E+000, 3.4838906787780607E-017, 9.9999999999999722E-001, 1.8483034995507677E+000, 0.0000000000000000E+000, 0.0000000000000000E+000, 6.9719484495861783E-001
666,cdiaghg,14,12,F, 1.6529741091957643E+001, 1.1696313196145448E+001, 9.3101252728008711E-003,-5.1830760458810961E+000, 1.1696313196145448E+001, 0.0000000000000000E+000, 0.0000000000000000E+000, 4.0194160634156413E+000, 1.2233951553094742E+000, 8.7736164215918774E-003, 1.0000000000000000E+000, 1.2233951553094742E+000, 0.0000000000000000E+000, 0.0000000000000000E+000, 2.9957808362794575E-001
667,cdiaghg,12,12,T, 8.1970178386317212E+000, 5.1819472558353317E+000, 1.6072474619696312E-007,-5.1819472558353317E+000, 2.5209841682007998E+000, 0.0000000000000000E+000, 0.0000000000000000E+000, 3.4641016151377553E+000, 1.0000000000000018E+000, 4.0930132036270139E-017, 9.9999999999999878E-001, 1.0000000000000018E+000, 0.0000000000000000E+000, 0.0000000000000000E+000, 2.3821266748316324E-015
668,cdiaghg,24,12,F, 3.1406167023209502E+001, 1.0349061088831025E+001, 1.6072474619696312E-007,-5.1819472558353317E+000, 1.0349061088831025E+001, 0.0000000000000000E+000, 0.0000000000000000E+000, 7.9159827796085551E+000, 2.0839688487264105E+000, 4.0930132036270139E-017, 9.9999999999999878E-001, 2.0839688487264105E+000, 0.0000000000000000E+000, 0.0000000000000000E+000, 6.4728117788245965E-001
669,cdiaghg,16,12,F, 2.0777557964110944E+001, 1.0870791354334457E+001, 1.6648145652123779E-003,-5.1822999697023739E+000, 1.0870791354334457E+001, 0.0000000000000000E+000, 0.0000000000000000E+000, 4.6512456855541799E+000, 1.1964652912074156E+000, 1.0499674795253762E-003, 1.0000000000000000E+000, 1.1964652912074156E+000, 0.0000000000000000E+000, 0.0000000000000000E+000, 4.5777003323323062E-001
670,cdiaghg,17,12,F, 2.1642673447428244E+001, 1.0870791354334457E+001, 1.6648145652123779E-003,-5.1822999697023739E+000, 1.0870791354334457E+001, 0.0000000000000000E+000, 0.0000000000000000E+000, 5.0582572015079243E+000, 1.4052644571980950E+000, 1.0499674795253762E-003, 1.0000000000000000E+000, 1.4052644571980950E+000, 0.0000000000000000E+000, 0.0000000000000000E+000, 5.1076337684271134E-001
671,cdiaghg,18,12,F, 2.2022826944225876E+001, 1.0870791354334457E+001, 1.6648145652123779E-003,-5.1822999697023739E+000, 1.0870791354334457E+001, 0.0000000000000000E+000, 0.0000000000000000E+000, 5.2564525690160124E+000, 1.4052644571980950E+000, 1.0499674795253762E-003, 1.0000000000000000E+000, 1.4052644571980950E+000, 0.0000000000000000E+000, 0.0000000000000000E+000, 5.1825406769979265E-001
672,cdiaghg,12,12,T, 8.1341014152313065E+000, 5.1828486793445734E+000, 1.3331466972460401E-007,-5.1828486793445734E+000, 2.1032140615775186E+000, 0.0000000000000000E+000, 0.0000000000000000E+000, 3.4641016151377557E+000, 1.0000000000000024E+000, 3.9703176143106202E-017, 9.9999999999999845E-001, 1.0000000000000024E+000, 0.0000000000000000E+000, 0.0000000000000000E+000, 1.9337001097302768E-015
673,cdiaghg,24,12,F, 3.1544927068963673E+001, 8.4133320809718359E+000, 1.3331466972460401E-007,-5.1828486793445734E+000, 8.4133320809718359E+000, 0.0000000000000000E+000, 0.0000000000000000E+000, 8.3522843329720722E+000, 2.1556497488145778E+000, 3.9703176143106202E-017, 9.9999999999999845E-001, 2.1556497488145778E+000, 0.0000000000000000E+000, 0.0000000000000000E+000, 6.8108423866804901E-001
674,cdiaghg,15,12,F, 1.7480209346412504E+001, 1.1359713179766054E+001, 1.9474366330751961E-003,-5.1831678504663472E+000, 1.1359713179766054E+001, 0.0000000000000000E+000, 0.0000000000000000E+000, 4.4391022031013652E+000, 1.2166166060713988E+000, 1.8401660409631626E-003, 1.0000000000000000E+000, 1.2166166060713988E+000, 0.0000000000000000E+000, 0.0000000000000000E+000, 4.2531788671799942E-001
675,cdiaghg,12,12,T, 8.3516019775558252E+000, 5.1841096725394973E+000, 3.8180134384631042E-007,-5.1841096725394973E+000, 2.6618974909757931E+000, 0.0000000000000000E+000, 0.0000000000000000E+000, 3.4641016151377562E+000, 1.0000000000000027E+000, 2.2638228685997269E-017, 9.9999999999999900E-001, 1.0000000000000027E+000, 0.0000000000000000E+000, 0.0000000000000000E+000, 1.6081597170749209E-015
676,cdiaghg,24,12,F, 3.1777447266386190E+001, 8.5946056123594357E+000, 3.8180134384631042E-007,-5.1841096725394973E+000, 8.5946056123594357E+000, 0.0000000000000000E+000, 0.0000000000000000E+000, 9.1500942262507596E+000, 1.8957773049270004E+000, 2.2638228685997269E-017, 9.9999999999999900E-001, 1.8957773049270004E+000, 0.0000000000000000E+000, 0.0000000000000000E+000, 7.4352806560550544E-001
677,cdiaghg,14,12,F, 1.2970605967021983E+001, 8.6572125311779722E+000, 3.4142849513810690E-003,-5.1844149692472143E+000, 8.6572125311779722E+000, 0.0000000000000000E+000, 0.0000000000000000E+000, 4.1025356450257719E+000, 1.2467251142414311E+000, 9.1908272293634631E-004, 1.0000000000000000E+000, 1.2467251142414311E+000, 0.0000000000000000E+000, 0.0000000000000000E+000, 3.3369144109370269E-001
678,cdiaghg,12,12,T, 8.2647503450918371E+000, 5.1816966593662528E+000, 1.2134473084475146E-006,-5.1816966593662528E+000, 2.5302776009330854E+000, 0.0000000000000000E+000, 0.0000000000000000E+000, 3.4641016151377535E+000, 1.0000000000000020E+000, 2.0463386578156015E-017, 9.9999999999999645E-001, 1.0000000000000020E+000, 0.0000000000000000E+000, 0.0000000000000000E+000, 2.2186856436741900E-015
679,cdiaghg,24,12,F, 2.9375983808963980E+001, 8.2055646068660302E+000, 1.2134473084475146E-006,-5.1816966593662528E+000, 8.2055646068660302E+000, 0.0000000000000000E+000, 0.0000000000000000E+000, 8.5032277050028124E+000, 1.7548608276649327E+000, 2.0463386578156015E-017, 9.9999999999999645E-001, 1.7548608276649327E+000, 0.0000000000000000E+000, 0.0000000000000000E+000, 6.9700293410239200E-001
680,cdiaghg,15,12,F, 2.0120662773105000E+001, 7.3829579206661533E+000, 4.0691993758874903E-003,-5.1819907442627553E+000, 7.3829579206661533E+000, 0.0000000000000000E+000, 0.0000000000000000E+000, 4.9118688230407184E+000, 1.2398462451648731E+000, 3.1310660182331178E-003, 1.0000000000000000E+000, 1.2398462451648731E+000, 0.0000000000000000E+000, 0.0000000000000000E+000, 5.7073429358895811E-001
681,cdiaghg,12,12,T, 8.2240265148268819E+000, 5.1809487830783976E+000, 1.0245704044563528E-007,-5.1809487830783976E+000, 2.4737532417543848E+000, 0.0000000000000000E+000, 0.0000000000000000E+000, 3.4641016151377508E+000, 1.0000000000000007E+000, 5.0397850058772660E-018, 9.9999999999999767E-001, 1.0000000000000007E+000, 0.0000000000000000E+000, 0.0000000000000000E+000, 3.8591306430256184E-015
682,cdiaghg,24,12,F, 2.9119083023386608E+001, 1.0281243699813380E+001, 1.0245704044563528E-007,-5.1809487830783976E+000, 1.0281243699813380E+001, 0.0000000000000000E+000, 0.0000000000000000E+000, 8.3581063619840581E+000, 2.0346542499849862E+000, 5.0397850058772660E-018, 9.9999999999999767E-001, 2.0346542499849862E+000, 0.0000000000000000E+000, 0.0000000000000000E+000, 6.8238557103975739E-001
683,cdiaghg,15,12,F, 1.6016346385763210E+001, 6.7720207062214799E+000, 2.0482676681067239E-003,-5.1812445205838369E+000, 6.7720207062214799E+000, 0.0000000000000000E+000, 0.0000000000000000E+000, 4.5417812567147982E+000, 1.2237442208727920E+000, 1.7531282302618511E-003, 1.0000000000000000E+000, 1.2237442208727920E+000, 0.0000000000000000E+000, 0.0000000000000000E+000, 4.7306603354058047E-001
684,cdiaghg,12,12,T, 8.1955414996754108E+000, 5.1805787125907203E+000, 1.9602588706421550E-007,-5.1805787125907203E+000, 2.1722693523959009E+000, 0.0000000000000000E+000, 0.0000000000000000E+000, 3.4641016151377562E+000, 1.0000000000000022E+000, 2.7180302518757910E-017, 9.9999999999999623E-001, 1.0000000000000022E+000, 0.0000000000000000E+000, 0.0000000000000000E+000, 3.5361688296075837E-015
685,cdiaghg,24,12,F, 2.8109405450125390E+001, 8.0333292567120278E+000, 1.9602588706421550E-007,-5.1805787125907203E+000, 8.0333292567120278E+000, 0.0000000000000000E+000, 0.0000000000000000E+000, 8.5854178309460458E+000, 2.0378790125415462E+000, 2.7180302518757910E-017, 9.9999999999999623E-001, 2.0378790125415462E+000, 0.0000000000000000E+000, 0.0000000000000000E+000, 7.1148603468111438E-001
686,cdiaghg,15,12,F, 1.9969372201675995E+001, 9.1236282597133584E+000, 1.7049186530120237E-003,-5.1809055012168388E+000, 9.1236282597133584E+000, 0.0000000000000000E+000, 0.0000000000000000E+000, 4.6655700524344743E+000, 1.2501629208311389E+000, 1.5082936454258143E-003, 1.0000000000000000E+000, 1.2501629208311389E+000, 0.0000000000000000E+000, 0.0000000000000000E+000, 4.9960656955061100E-001
687,cdiaghg,12,12,T, 8.1929034467761568E+000, 5.1816613316726459E+000, 5.6489912730439282E-008,-5.1816613316726459E+000, 2.1249771039016232E+000, 0.0000000000000000E+000, 0.0000000000000000E+000, 3.4641016151377553E+000, 1.0000000000000036E+000, 3.7545675198944764E-017, 9.9999999999999867E-001, 1.0000000000000036E+000, 0.0000000000000000E+000, 0.0000000000000000E+000, 1.6763157056695794E-015
688,cdiaghg,24,12,F, 2.9546988776513782E+001, 8.1235869654964930E+000, 5.6489912730439282E-008,-5.1816613316726459E+000, 8.1235869654964930E+000, 0.0000000000000000E+000, 0.0000000000000000E+000, 8.1749888083510776E+000, 1.9788176632008483E+000, 3.7545675198944764E-017, 9.9999999999999867E-001, 1.9788176632008483E+000, 0.0000000000000000E+000, 0.0000000000000000E+000, 6.7044839292623737E-001
689,cdiaghg,16,12,F, 2.3609773747389436E+001, 1.4584326209889195E+001, 8.3458315392081713E-004,-5.1820470681186839E+000, 1.4584326209889195E+001, 0.0000000000000000E+000, 0.0000000000000000E+000, 4.6898958149126395E+000, 1.2126571127035788E+000, 6.8132028831568883E-004, 1.0000000000000000E+000, 1.2126571127035788E+000, 0.0000000000000000E+000, 0.0000000000000000E+000, 4.6609067573765289E-001
690,cdiaghg,17,12,F, 2.4183794562353714E+001, 1.4584326209889195E+001, 8.3458315392081713E-004,-5.1820470681186839E+000, 1.4584326209889195E+001, 0.0000000000000000E+000, 0.0000000000000000E+000, 5.0443341635767274E+000, 1.4748314585557258E+000, 6.8132028831568883E-004, 1.0000000000000000E+000, 1.4748314585557258E+000, 0.0000000000000000E+000, 0.0000000000000000E+000, 4.9674426563696589E-001
691,cdiaghg,18,12,F, 2.4668421550907482E+001, 1.4584326209889195E+001, 8.3458315392081713E-004,-5.1820470681186839E+000, 1.4584326209889195E+001, 0.0000000000000000E+000, 0.0000000000000000E+000, 5.3024423852811582E+000, 1.4748314585557258E+000, 6.8132028831568883E-004, 1.0000000000000000E+000, 1.4748314585557258E+000, 0.0000000000000000E+000, 0.0000000000000000E+000, 5.2813573135426661E-001
692,cdiaghg,19,12,F, 2.5270756599097961E+001, 1.4584326209889195E+001, 8.3458315392081713E-004,-5.1820470681186839E+000, 1.4584326209889195E+001, 0.0000000000000000E+000, 0.0000000000000000E+000, 5.5054913853485283E+000, 1.4748314585557258E+000, 6.8132028831568883E-004, 1.0000000000000000E+000, 1.4748314585557258E+000, 0.0000000000000000E+000, 0.0000000000000000E+000, 5.3761167510712382E-001
693,cdiaghg,20,12,F, 2.6067855842998195E+001, 1.4584326209889195E+001, 8.3458315392081713E-004,-5.1820470681186839E+000, 1.4584326209889195E+001, 0.0000000000000000E+000, 0.0000000000000000E+000, 5.7379716019035385E+000, 1.4748314585557258E+000, 6.8132028831568883E-004, 1.0000000000000000E+000, 1.4748314585557258E+000, 0.0000000000000000E+000, 0.0000000000000000E+000, 5.4903896324893109E-001
694,cdiaghg,12,12,T, 8.2952463526981965E+000, 5.1809551044929583E+000, 6.0687739526735988E-008,-5.1809551044929583E+000, 2.3432441339801962E+000, 0.0000000000000000E+000, 0.0000000000000000E+000, 3.4641016151377539E+000, 1.0000000000000022E+000, 1.7029712213370036E-017, 9.9999999999999867E-001, 1.0000000000000022E+000, 0.0000000000000000E+000, 0.0000000000000000E+000, 1.2501458448326277E-015
695,cdiaghg,24,12,F, 3.1011683729568762E+001, 8.7080092864810048E+000, 6.0687739526735988E-008,-5.1809551044929583E+000, 8.7080092864810048E+000, 0.0000000000000000E+000, 0.0000000000000000E+000, 7.4789405438341987E+000, 1.8649083993546185E+000, 1.7029712213370036E-017, 9.9999999999999867E-001, 1.8649083993546185E+000, 0.0000000000000000E+000, 0.0000000000000000E+000, 6.0634502830546244E-001
696,cdiaghg,15,12,F, 1.6425455750356900E+001, 1.0347386555802254E+001, 4.7881895842434997E-004,-5.1812763793315755E+000, 1.0347386555802254E+001, 0.0000000000000000E+000, 0.0000000000000000E+000, 4.3002188722740815E+000, 1.3224429729160099E+000, 3.8237366837228008E-004, 1.0000000000000000E+000, 1.3224429729160099E+000, 0.0000000000000000E+000, 0.0000000000000000E+000, 3.5229134256023087E-001
697,cdiaghg,12,12,T, 8.2694303345911813E+000, 5.1808359709857399E+000, 3.4508549583061765E-007,-5.1808359709857399E+000, 2.2729206617771496E+000, 0.0000000000000000E+000, 0.0000000000000000E+000, 3.4641016151377535E+000, 1.0000000000000022E+000, 2.2154216476399122E-017, 9.9999999999999656E-001, 1.0000000000000022E+000, 0.0000000000000000E+000, 0.0000000000000000E+000, 2.3894255962996904E-015
698,cdiaghg,24,12,F, 2.9114486820753587E+001, 9.6770948489951572E+000, 3.4508549583061765E-007,-5.1808359709857399E+000, 9.6770948489951572E+000, 0.0000000000000000E+000, 0.0000000000000000E+000, 7.7867806622905418E+000, 1.9645538524767101E+000, 2.2154216476399122E-017, 9.9999999999999656E-001, 1.9645538524767101E+000, 0.0000000000000000E+000, 0.0000000000000000E+000, 6.3476943168162880E-001
699,cdiaghg,14,12,F, 1.4204506892660207E+001, 8.4551098213382101E+000, 6.6809524859498216E-003,-5.1811838676578112E+000, 8.4551098213382101E+000, 0.0000000000000000E+000, 0.0000000000000000E+000, 4.1032478015504203E+000, 1.2448814914119688E+000, 3.7456510384459517E-003, 1.0000000000000000E+000, 1.2448814914119688E+000, 0.0000000000000000E+000, 0.0000000000000000E+000, 3.3528771668331092E-001
700,cdiaghg,12,12,T, 8.3395040357707746E+000, 5.1810754330859830E+000, 3.4259177059914620E-008,-5.1810754330859830E+000, 2.1992534118347957E+000, 0.0000000000000000E+000, 0.0000000000000000E+000, 3.4641016151377557E+000, 1.0000000000000029E+000, 1.8175729168691117E-017, 9.9999999999999889E-001, 1.0000000000000029E+000, 0.0000000000000000E+000, 0.0000000000000000E+000, 1.6053199712266590E-015
701,cdiaghg,24,12,F, 2.8516109364076840E+001, 9.4556067369157599E+000, 3.4259177059914620E-008,-5.1810754330859830E+000, 9.4556067369157599E+000, 0.0000000000000000E+000, 0.0000000000000000E+000, 6.6454167959280595E+000, 1.9359682200307753E+000, 1.8175729168691117E-017, 9.9999999999999889E-001, 1.9359682200307753E+000, 0.0000000000000000E+000, 0.0000000000000000E+000, 5.0955453776778603E-001
702,cdiaghg,14,12,F, 1.3802458232542568E+001, 7.7283423086980649E+000, 2.3735822082729140E-005,-5.1813484130583491E+000, 7.7283423086980649E+000, 0.0000000000000000E+000, 0.0000000000000000E+000, 4.1916106003873335E+000, 1.3211199451897042E+000, 1.4008731933016149E-005, 1.0000000000000000E+000, 1.3211199451897042E+000, 0.0000000000000000E+000, 0.0000000000000000E+000, 3.6107582335752775E-001
703,cdiaghg,12,12,T, 8.4151463943541831E+000, 4.9771789614923057E+000, 5.8307742895029012E-007,-4.9771789614923057E+000, 3.0580022210662849E+000, 0.0000000000000000E+000, 0.0000000000000000E+000, 3.4641016151377548E+000, 1.0000000000000024E+000, 3.2002490669954765E-017, 9.9999999999999900E-001, 1.0000000000000024E+000, 0.0000000000000000E+000, 0.0000000000000000E+000, 1.3666838381610495E-015
704,cdiaghg,24,12,F, 2.2308015233110034E+001, 6.3833002005528625E+000, 5.8307742895029012E-007,-4.9771789614923057E+000, 6.3833002005528625E+000, 0.0000000000000000E+000, 0.0000000000000000E+000, 6.5868441735192151E+000, 1.6735010124985723E+000, 3.2002490669954765E-017, 9.9999999999999900E-001, 1.6735010124985723E+000, 0.0000000000000000E+000, 0.0000000000000000E+000, 5.1919143615322927E-001
705,cdiaghg,15,12,F, 1.7833638567784355E+001, 8.9800590800195117E+000, 3.5600880102235893E-005,-4.9780632636913174E+000, 8.9800590800195117E+000, 0.0000000000000000E+000, 0.0000000000000000E+000, 4.5193376697227672E+000, 1.3200045509693632E+000, 2.5664167588703044E-005, 1.0000000000000000E+000, 1.3200045509693632E+000, 0.0000000000000000E+000, 0.0000000000000000E+000, 4.1474011013759815E-001
706,cdiaghg,12,12,T, 8.3291002539705516E+000, 4.9758176126153852E+000, 4.8907754658983380E-007,-4.9758176126153852E+000, 3.0021044798934415E+000, 0.0000000000000000E+000, 0.0000000000000000E+000, 3.4641016151377544E+000, 1.0000000000000029E+000, 8.5070953085250863E-018, 9.9999999999999889E-001, 1.0000000000000029E+000, 0.0000000000000000E+000, 0.0000000000000000E+000, 1.5530838665362239E-015
707,cdiaghg,24,12,F, 2.5241762601006855E+001, 7.5936553059330532E+000, 4.8907754658983380E-007,-4.9758176126153852E+000, 7.5936553059330532E+000, 0.0000000000000000E+000, 0.0000000000000000E+000, 7.0126179308293048E+000, 1.7090945768924404E+000, 8.5070953085250863E-018, 9.9999999999999889E-001, 1.7090945768924404E+000, 0.0000000000000000E+000, 0.0000000000000000E+000, 5.7664130380560852E-001
708,cdiaghg,14,12,F, 1.3483098686346032E+001, 8.6241550813145196E+000, 1.2533344218348084E-003,-4.9766279719867885E+000, 8.6241550813145196E+000, 0.0000000000000000E+000, 0.0000000000000000E+000, 4.0634602531126083E+000, 1.2794614290047392E+000, 1.0361361886211907E-003, 1.0000000000000000E+000, 1.2794614290047392E+000, 0.0000000000000000E+000, 0.0000000000000000E+000, 3.1138767413802670E-001
709,cdiaghg,12,12,T, 8.1906608304742861E+000, 4.9736171134667613E+000, 4.4343929131651205E-007,-4.9736171134667613E+000, 2.8605831224701532E+000, 0.0000000000000000E+000, 0.0000000000000000E+000, 3.4641016151377544E+000, 1.0000000000000018E+000, 7.0635743757837702E-018, 9.9999999999999722E-001, 1.0000000000000018E+000, 0.0000000000000000E+000, 0.0000000000000000E+000, 1.9584831721132862E-015
710,cdiaghg,24,12,F, 2.8576670857580211E+001, 8.2917508905889346E+000, 4.4343929131651205E-007,-4.9736171134667613E+000, 8.2917508905889346E+000, 0.0000000000000000E+000, 0.0000000000000000E+000, 7.8771712379549230E+000, 1.7824217609085919E+000, 7.0635743757837702E-018, 9.9999999999999722E-001, 1.7824217609085919E+000, 0.0000000000000000E+000, 0.0000000000000000E+000, 6.6357598762834502E-001
711,cdiaghg,14,12,F, 1.2960466668997663E+001, 7.3691610955532285E+000, 4.8126941901671986E-004,-4.9744133231944980E+000, 7.3691610955532285E+000, 0.0000000000000000E+000, 0.0000000000000000E+000, 4.0767934039225908E+000, 1.2433521962469545E+000, 3.2140816667045307E-004, 1.0000000000000000E+000, 1.2433521962469545E+000, 0.0000000000000000E+000, 0.0000000000000000E+000, 3.2254556234589271E-001
712,cdiaghg,12,12,T, 8.0785755084778721E+000, 4.9715369321312926E+000, 1.5682132648286033E-007,-4.9715369321312926E+000, 2.7308541647706797E+000, 0.0000000000000000E+000, 0.0000000000000000E+000, 3.4641016151377535E+000, 1.0000000000000007E+000, 1.1490189803783520E-017, 9.9999999999999889E-001, 1.0000000000000007E+000, 0.0000000000000000E+000, 0.0000000000000000E+000, 2.3320141033209595E-015
713,cdiaghg,24,12,F, 2.9892873990966272E+001, 8.0597275586287758E+000, 1.5682132648286033E-007,-4.9715369321312926E+000, 8.0597275586287758E+000, 0.0000000000000000E+000, 0.0000000000000000E+000, 8.5940483738781079E+000, 1.8517226007064147E+000, 1.1490189803783520E-017, 9.9999999999999889E-001, 1.8517226007064147E+000, 0.0000000000000000E+000, 0.0000000000000000E+000, 7.1568219005682887E-001
714,cdiaghg,13,12,F, 1.0919043061596916E+001, 7.2597362952150846E+000, 9.6150326782416616E-005,-4.9722687410235658E+000, 7.2597362952150846E+000, 0.0000000000000000E+000, 0.0000000000000000E+000, 3.7921507109241297E+000, 1.2374144463189585E+000, 7.3321148892397216E-005, 1.0000000000000000E+000, 1.2374144463189585E+000, 0.0000000000000000E+000, 0.0000000000000000E+000, 2.5094432093704350E-001
715,cdiaghg,12,12,T, 8.0370577149009357E+000, 4.9700243484682156E+000, 3.9028591333399914E-008,-4.9700243484682156E+000, 2.6820953927882991E+000, 0.0000000000000000E+000, 0.0000000000000000E+000, 3.4641016151377544E+000, 1.0000000000000024E+000, 3.6941884846062671E-018, 9.9999999999999722E-001, 1.0000000000000024E+000, 0.0000000000000000E+000, 0.0000000000000000E+000, 2.2832600354285956E-015
716,cdiaghg,24,12,F, 2.8136754120468506E+001, 1.2400215208269000E+001, 3.9028591333399914E-008,-4.9700243484682156E+000, 1.2400215208269000E+001, 0.0000000000000000E+000, 0.0000000000000000E+000, 8.2430165921519745E+000, 2.3062327614808722E+000, 3.6941884846062671E-018, 9.9999999999999722E-001, 2.3062327614808722E+000, 0.0000000000000000E+000, 0.0000000000000000E+000, 6.8251927671889012E-001
717,cdiaghg,13,12,F, 1.1114635633657839E+001, 7.5909841259693778E+000, 5.5481701512170422E-005,-4.9707689180082015E+000, 7.5909841259693778E+000, 0.0000000000000000E+000, 0.0000000000000000E+000, 3.8026159724813744E+000, 1.2481337392182081E+000, 3.7814974159459460E-005, 1.0000000000000000E+000, 1.2481337392182081E+000, 0.0000000000000000E+000, 0.0000000000000000E+000, 2.5814909379588530E-001
718,cdiaghg,12,12,T, 8.2053624154581453E+000, 4.9739956629357334E+000, 6.3512721505460282E-007,-4.9739956629357334E+000, 2.7859780734615618E+000, 0.0000000000000000E+000, 0.0000000000000000E+000, 3.4641016151377566E+000, 1.0000000000000024E+000, 3.1149353096667239E-017, 9.9999999999999911E-001, 1.0000000000000024E+000, 0.0000000000000000E+000, 0.0000000000000000E+000, 2.0349746659302559E-015
719,cdiaghg,24,12,F, 2.5766483716732616E+001, 7.2560690129867194E+000, 6.3512721505460282E-007,-4.9739956629357334E+000, 7.2560690129867194E+000, 0.0000000000000000E+000, 0.0000000000000000E+000, 7.4067014130316222E+000, 1.6933955367915754E+000, 3.1149353096667239E-017, 9.9999999999999911E-001, 1.6933955367915754E+000, 0.0000000000000000E+000, 0.0000000000000000E+000, 6.2334185024740563E-001
720,cdiaghg,14,12,F, 1.3938716057943100E+001, 8.6299329150368180E+000, 5.2064972735187563E-003,-4.9747842847091128E+000, 8.6299329150368180E+000, 0.0000000000000000E+000, 0.0000000000000000E+000, 4.0907033456830861E+000, 1.2776263775378349E+000, 2.1379842556807716E-003, 1.0000000000000000E+000, 1.2776263775378349E+000, 0.0000000000000000E+000, 0.0000000000000000E+000, 3.2304944836882743E-001
721,cdiaghg,12,12,T, 8.0818041490681178E+000, 4.9721924341515367E+000, 1.2201696259340768E-005,-4.9721924341515367E+000, 2.6140685840557345E+000, 0.0000000000000000E+000, 0.0000000000000000E+000, 3.4641016151377557E+000, 1.0000000000000031E+000, 7.3010654199545269E-018, 9.9999999999999711E-001, 1.0000000000000031E+000, 0.0000000000000000E+000, 0.0000000000000000E+000, 4.1375749857266456E-015
722,cdiaghg,24,12,F, 2.8450741784466889E+001, 7.5872796113743428E+000, 1.2201696259340768E-005,-4.9721924341515367E+000, 7.5872796113743428E+000, 0.0000000000000000E+000, 0.0000000000000000E+000, 8.3549047987969196E+000, 1.7556191263052849E+000, 7.3010654199545269E-018, 9.9999999999999711E-001, 1.7556191263052849E+000, 0.0000000000000000E+000, 0.0000000000000000E+000, 6.9786888089234622E-001
723,cdiaghg,14,12,F, 1.3695950364831480E+001, 7.0812921197232335E+000, 1.7983301622029578E-003,-4.9729436137224896E+000, 7.0812921197232335E+000, 0.0000000000000000E+000, 0.0000000000000000E+000, 4.1765572904605373E+000, 1.2380039659515423E+000, 2.0692020190854967E-003, 1.0000000000000000E+000, 1.2380039659515423E+000, 0.0000000000000000E+000, 0.0000000000000000E+000, 3.8445098957835366E-001
724,cdiaghg,12,12,T, 8.0102471988093047E+000, 4.9707833658379750E+000, 2.6526757188410557E-005,-4.9707833658379750E+000, 2.5315317732968836E+000, 0.0000000000000000E+000, 0.0000000000000000E+000, 3.4641016151377539E+000, 1.0000000000000011E+000, 7.5657482821199814E-018, 9.9999999999999756E-001, 1.0000000000000011E+000, 0.0000000000000000E+000, 0.0000000000000000E+000, 4.8550308970868646E-015
725,cdiaghg,24,12,F, 3.0159083283428025E+001, 9.7025018073719185E+000, 2.6526757188410557E-005,-4.9707833658379750E+000, 9.7025018073719185E+000, 0.0000000000000000E+000, 0.0000000000000000E+000, 8.6730820205396810E+000, 1.9442034501016427E+000, 7.5657482821199814E-018, 9.9999999999999756E-001, 1.9442034501016427E+000, 0.0000000000000000E+000, 0.0000000000000000E+000, 7.0967363961735808E-001
726,cdiaghg,13,12,F, 1.1421452637017088E+001, 8.0396756954200761E+000, 6.1444260915805345E-003,-4.9715171998931043E+000, 8.0396756954200761E+000, 0.0000000000000000E+000, 0.0000000000000000E+000, 3.7789253970227068E+000, 1.2181151987941610E+000, 7.4053491947632865E-003, 1.0000000000000000E+000, 1.2181151987941610E+000, 0.0000000000000000E+000, 0.0000000000000000E+000, 2.4311677997897729E-001
727,cdiaghg,12,12,T, 7.9827414219142145E+000, 4.9710423038433582E+000, 6.7303791200508606E-007,-4.9710423038433582E+000, 2.2599642136630651E+000, 0.0000000000000000E+000, 0.0000000000000000E+000, 3.4641016151377557E+000, 1.0000000000000022E+000, 9.9280948364649494E-018, 9.9999999999999667E-001, 1.0000000000000022E+000, 0.0000000000000000E+000, 0.0000000000000000E+000, 2.6703132837044612E-015
728,cdiaghg,24,12,F, 3.0757926064012363E+001, 9.3375096967565234E+000, 6.7303791200508606E-007,-4.9710423038433582E+000, 9.3375096967565234E+000, 0.0000000000000000E+000, 0.0000000000000000E+000, 8.8904330136516556E+000, 1.9091526540150210E+000, 9.9280948364649494E-018, 9.9999999999999667E-001, 1.9091526540150210E+000, 0.0000000000000000E+000, 0.0000000000000000E+000, 7.2182665526341072E-001
729,cdiaghg,14,12,F, 1.3263779509590025E+001, 6.1010730141988354E+000, 5.3900707463442540E-003,-4.9717832092639984E+000, 6.1010730141988354E+000, 0.0000000000000000E+000, 0.0000000000000000E+000, 4.1910004171946511E+000, 1.1738192432881005E+000, 2.3119073232781891E-003, 1.0000000000000000E+000, 1.1738192432881005E+000, 0.0000000000000000E+000, 0.0000000000000000E+000, 4.1434575344339925E-001
730,cdiaghg,12,12,T, 7.9466542082705267E+000, 4.9701068228333796E+000, 4.2310430851382409E-007,-4.9701068228333796E+000, 2.1964634462911619E+000, 0.0000000000000000E+000, 0.0000000000000000E+000, 3.4641016151377562E+000, 1.0000000000000018E+000, 3.4508111190496678E-017, 9.9999999999999845E-001, 1.0000000000000018E+000, 0.0000000000000000E+000, 0.0000000000000000E+000, 2.4226558886641585E-015
731,cdiaghg,24,12,F, 3.1203263908392604E+001, 9.0021892869025191E+000, 4.2310430851382409E-007,-4.9701068228333796E+000, 9.0021892869025191E+000, 0.0000000000000000E+000, 0.0000000000000000E+000, 8.9054897031708098E+000, 1.8993059640734857E+000, 3.4508111190496678E-017, 9.9999999999999845E-001, 1.8993059640734857E+000, 0.0000000000000000E+000, 0.0000000000000000E+000, 7.2292458881465360E-001
732,cdiaghg,14,12,F, 1.3741841330879279E+001, 6.5608371351853521E+000, 1.6935313576954839E-002,-4.9708186167446877E+000, 6.5608371351853521E+000, 0.0000000000000000E+000, 0.0000000000000000E+000, 4.2845006994403105E+000, 1.1851308061231802E+000, 6.8516346583434029E-003, 1.0000000000000000E+000, 1.1851308061231802E+000, 0.0000000000000000E+000, 0.0000000000000000E+000, 4.4767794557310664E-001
733,cdiaghg,12,12,T, 8.3011088908382789E+000, 4.9748587630146792E+000, 1.7904260259127459E-007,-4.9748587630146792E+000, 2.9828480871534646E+000, 0.0000000000000000E+000, 0.0000000000000000E+000, 3.4641016151377557E+000, 1.0000000000000016E+000, 3.1083865539338566E-017, 9.9999999999999845E-001, 1.0000000000000016E+000, 0.0000000000000000E+000, 0.0000000000000000E+000, 1.4278207061778617E-015
734,cdiaghg,24,12,F, 2.6728899506790466E+001, 7.7665889790106668E+000, 1.7904260259127459E-007,-4.9748587630146792E+000, 7.7665889790106668E+000, 0.0000000000000000E+000, 0.0000000000000000E+000, 7.1751267219983310E+000, 1.7031444419558897E+000, 3.1083865539338566E-017, 9.9999999999999845E-001, 1.7031444419558897E+000, 0.0000000000000000E+000, 0.0000000000000000E+000, 5.9892043846741494E-001
735,cdiaghg,14,12,F, 1.4091039976041769E+001, 9.6066783493420989E+000, 5.7208911341995986E-004,-4.9756444788515406E+000, 9.6066783493420989E+000, 0.0000000000000000E+000, 0.0000000000000000E+000, 4.0326446719490070E+000, 1.2249703895739672E+000, 1.2504950790255395E-003, 1.0000000000000000E+000, 1.2249703895739672E+000, 0.0000000000000000E+000, 0.0000000000000000E+000, 2.9866734771899667E-001
736,cdiaghg,12,12,T, 8.1820487434921816E+000, 4.9727418322823116E+000, 3.3637195280867914E-006,-4.9727418322823116E+000, 2.7959803682817026E+000, 0.0000000000000000E+000, 0.0000000000000000E+000, 3.4641016151377566E+000, 1.0000000000000049E+000, 1.6332652689755288E-017, 9.9999999999999833E-001, 1.0000000000000049E+000, 0.0000000000000000E+000, 0.0000000000000000E+000, 2.1999777211207409E-015
737,cdiaghg,24,12,F, 2.7482239744153610E+001, 7.6548372278884154E+000, 3.3637195280867914E-006,-4.9727418322823116E+000, 7.6548372278884154E+000, 0.0000000000000000E+000, 0.0000000000000000E+000, 8.0385499926201032E+000, 1.6916758500848839E+000, 1.6332652689755288E-017, 9.9999999999999833E-001, 1.6916758500848839E+000, 0.0000000000000000E+000, 0.0000000000000000E+000, 6.8262137691802327E-001
738,cdiaghg,13,12,F, 1.0312770516600152E+001, 6.1735494265114879E+000, 3.9537754947758406E-003,-4.9735264012048717E+000, 6.1735494265114879E+000, 0.0000000000000000E+000, 0.0000000000000000E+000, 3.7461353986630557E+000, 1.1849283490908136E+000, 2.4877383405904744E-003, 1.0000000000000000E+000, 1.1849283490908136E+000, 0.0000000000000000E+000, 0.0000000000000000E+000, 2.1746723990649380E-001
739,cdiaghg,12,12,T, 8.1132845366683011E+000, 4.9714288644842686E+000, 9.9892273271592046E-007,-4.9714288644842686E+000, 2.7763840413087091E+000, 0.0000000000000000E+000, 0.0000000000000000E+000, 3.4641016151377553E+000, 1.0000000000000027E+000, 2.0261049395985479E-017, 9.9999999999999867E-001, 1.0000000000000027E+000, 0.0000000000000000E+000, 0.0000000000000000E+000, 2.0849818220607290E-015
740,cdiaghg,24,12,F, 2.7933470628551614E+001, 8.7314147034378973E+000, 9.9892273271592046E-007,-4.9714288644842686E+000, 8.7314147034378973E+000, 0.0000000000000000E+000, 0.0000000000000000E+000, 8.6751810023251679E+000, 1.8929450458620063E+000, 2.0261049395985479E-017, 9.9999999999999867E-001, 1.8929450458620063E+000, 0.0000000000000000E+000, 0.0000000000000000E+000, 7.1652258540826119E-001
741,cdiaghg,14,12,F, 1.2509523866672071E+001, 6.7308240949840163E+000, 2.3847901320322142E-002,-4.9721653012271094E+000, 6.7308240949840163E+000, 0.0000000000000000E+000, 0.0000000000000000E+000, 4.0890427877495519E+000, 1.2129418986606244E+000, 1.7456002456094105E-002, 1.0000000000000000E+000, 1.2129418986606244E+000, 0.0000000000000000E+000, 0.0000000000000000E+000, 3.4462036192425421E-001
742,cdiaghg,12,12,T, 8.0756512868201025E+000, 4.9705216564650359E+000, 4.2630393100014978E-007,-4.9705216564650359E+000, 2.7343686517560779E+000, 0.0000000000000000E+000, 0.0000000000000000E+000, 3.4641016151377539E+000, 1.0000000000000009E+000, 1.0195552221115324E-017, 9.9999999999999800E-001, 1.0000000000000009E+000, 0.0000000000000000E+000, 0.0000000000000000E+000, 3.6264858549086722E-015
743,cdiaghg,24,12,F, 3.0108841577015792E+001, 1.1840728763757792E+001, 4.2630393100014978E-007,-4.9705216564650359E+000, 1.1840728763757792E+001, 0.0000000000000000E+000, 0.0000000000000000E+000, 9.0087549527229740E+000, 2.2442233528861224E+000, 1.0195552221115324E-017, 9.9999999999999800E-001, 2.2442233528861224E+000, 0.0000000000000000E+000, 0.0000000000000000E+000, 7.2349034808162238E-001
744,cdiaghg,15,12,F, 1.5069271312483197E+001, 8.8728864169804975E+000, 4.0928343561484181E-003,-4.9712442899528231E+000, 8.8728864169804975E+000, 0.0000000000000000E+000, 0.0000000000000000E+000, 4.3751082026759089E+000, 1.2211535953838939E+000, 2.7429305115593060E-003, 1.0000000000000000E+000, 1.2211535953838939E+000, 0.0000000000000000E+000, 0.0000000000000000E+000, 3.9808417800847956E-001
745,cdiaghg,12,12,T, 8.0635546212430320E+000, 4.9715917948983108E+000, 4.6640824112026156E-007,-4.9715917948983108E+000, 2.4596657056931215E+000, 0.0000000000000000E+000, 0.0000000000000000E+000, 3.4641016151377544E+000, 1.0000000000000020E+000, 2.2550740792635959E-017, 9.9999999999999689E-001, 1.0000000000000020E+000, 0.0000000000000000E+000, 0.0000000000000000E+000, 3.2343037926453329E-015
746,cdiaghg,24,12,F, 2.9662333765424389E+001, 8.3878188966624396E+000, 4.6640824112026156E-007,-4.9715917948983108E+000, 8.3878188966624396E+000, 0.0000000000000000E+000, 0.0000000000000000E+000, 8.5037853846731473E+000, 1.7790750703655887E+000, 2.2550740792635959E-017, 9.9999999999999689E-001, 1.7790750703655887E+000, 0.0000000000000000E+000, 0.0000000000000000E+000, 7.0309886513450037E-001
747,cdiaghg,13,12,F, 1.0940511014479474E+001, 7.1616892076577692E+000, 7.5596828681356813E-003,-4.9723490459165918E+000, 7.1616892076577692E+000, 0.0000000000000000E+000, 0.0000000000000000E+000, 3.7830637667846765E+000, 1.2022292332422986E+000, 4.2435025625823146E-003, 1.0000000000000000E+000, 1.2022292332422986E+000, 0.0000000000000000E+000, 0.0000000000000000E+000, 2.5176017570931691E-001
748,cdiaghg,12,12,T, 7.9906579222286167E+000, 4.9701242249371971E+000, 9.4334668429886699E-005,-4.9701242249371971E+000, 2.3444708570913697E+000, 0.0000000000000000E+000, 0.0000000000000000E+000, 3.4641016151377557E+000, 1.0000000000000024E+000, 2.4063239325898172E-017, 9.9999999999999756E-001, 1.0000000000000024E+000, 0.0000000000000000E+000, 0.0000000000000000E+000, 2.9860962160545493E-015
749,cdiaghg,24,12,F, 2.9568986580769440E+001, 7.8106478952278273E+000, 9.4334668429886699E-005,-4.9701242249371971E+000, 7.8106478952278273E+000, 0.0000000000000000E+000, 0.0000000000000000E+000, 8.9855001586537142E+000, 1.7791957955653357E+000, 2.4063239325898172E-017, 9.9999999999999756E-001, 1.7791957955653357E+000, 0.0000000000000000E+000, 0.0000000000000000E+000, 7.2932877073987068E-001
750,cdiaghg,15,12,F, 1.5445895295558330E+001, 6.8734878025371380E+000, 9.9908751108787044E-004,-4.9708435988236799E+000, 6.8734878025371380E+000, 0.0000000000000000E+000, 0.0000000000000000E+000, 4.5310086736804394E+000, 1.2211146192619813E+000, 3.4683789243986703E-004, 1.0000000000000000E+000, 1.2211146192619813E+000, 0.0000000000000000E+000, 0.0000000000000000E+000, 4.6235451410906409E-001
751,cdiaghg,12,12,T, 8.1064120335589465E+000, 4.9729700421778888E+000, 3.6353807771974623E-007,-4.9729700421778888E+000, 2.5354923643117560E+000, 0.0000000000000000E+000, 0.0000000000000000E+000, 3.4641016151377557E+000, 1.0000000000000020E+000, 1.2365695269964039E-017, 9.9999999999999856E-001, 1.0000000000000020E+000, 0.0000000000000000E+000, 0.0000000000000000E+000, 3.3966627504128225E-015
752,cdiaghg,24,12,F, 2.7495479519154660E+001, 7.1962757931083541E+000, 3.6353807771974623E-007,-4.9729700421778888E+000, 7.1962757931083541E+000, 0.0000000000000000E+000, 0.0000000000000000E+000, 7.7995312499931755E+000, 1.6984415048184109E+000, 1.2365695269964039E-017, 9.9999999999999856E-001, 1.6984415048184109E+000, 0.0000000000000000E+000, 0.0000000000000000E+000, 6.5783732472781886E-001
753,cdiaghg,14,12,F, 1.3636811618419639E+001, 7.6621835317213947E+000, 5.0975314364111787E-003,-4.9736841364001947E+000, 7.6621835317213947E+000, 0.0000000000000000E+000, 0.0000000000000000E+000, 4.0411309615198716E+000, 1.2078272735923710E+000, 5.2329450631501363E-003, 1.0000000000000000E+000, 1.2078272735923710E+000, 0.0000000000000000E+000, 0.0000000000000000E+000, 3.0425753711698061E-001
754,cdiaghg,12,12,T, 7.9541123007570125E+000, 4.9696601049327436E+000, 6.6996201155847499E-008,-4.9696601049327436E+000, 2.0675642789659090E+000, 0.0000000000000000E+000, 0.0000000000000000E+000, 3.4641016151377535E+000, 1.0000000000000013E+000, 4.8596273820956415E-018, 9.9999999999999822E-001, 1.0000000000000013E+000, 0.0000000000000000E+000, 0.0000000000000000E+000, 1.5383514421004666E-015
755,cdiaghg,24,12,F, 2.9855638975205736E+001, 7.6216028949411871E+000, 6.6996201155847499E-008,-4.9696601049327436E+000, 7.6216028949411871E+000, 0.0000000000000000E+000, 0.0000000000000000E+000, 9.2549880473302277E+000, 1.7442951538051590E+000, 4.8596273820956415E-018, 9.9999999999999822E-001, 1.7442951538051590E+000, 0.0000000000000000E+000, 0.0000000000000000E+000, 7.4490795081917438E-001
756,cdiaghg,15,12,F, 1.3009171985225395E+001, 6.0688936837167216E+000, 1.1279767033454114E-003,-4.9703732571476191E+000, 6.0688936837167216E+000, 0.0000000000000000E+000, 0.0000000000000000E+000, 4.3300337336714767E+000, 1.2020689844541561E+000, 6.1560997722145115E-004, 1.0000000000000000E+000, 1.2020689844541561E+000, 0.0000000000000000E+000, 0.0000000000000000E+000, 3.8007271203180226E-001
757,cdiaghg,12,12,T, 8.0216559145329303E+000, 4.9712328048017351E+000, 2.8720221500426586E-006,-4.9712328048017351E+000, 2.4348768345774889E+000, 0.0000000000000000E+000, 0.0000000000000000E+000, 3.4641016151377553E+000, 1.0000000000000040E+000, 3.2046996509648066E-017, 9.9999999999999822E-001, 1.0000000000000040E+000, 0.0000000000000000E+000, 0.0000000000000000E+000, 2.1807097418517101E-015
758,cdiaghg,24,12,F, 2.8613171705923488E+001, 9.4155733378982003E+000, 2.8720221500426586E-006,-4.9712328048017351E+000, 9.4155733378982003E+000, 0.0000000000000000E+000, 0.0000000000000000E+000, 8.5759494717585980E+000, 1.9559159533706656E+000, 3.2046996509648066E-017, 9.9999999999999822E-001, 1.9559159533706656E+000, 0.0000000000000000E+000, 0.0000000000000000E+000, 7.1385662125722626E-001
759,cdiaghg,14,12,F, 1.2606022920199145E+001, 6.9662246702225303E+000, 1.0828668613715828E-002,-4.9719769282896635E+000, 6.9662246702225303E+000, 0.0000000000000000E+000, 0.0000000000000000E+000, 4.0484443725458323E+000, 1.2269259308242209E+000, 6.8122156374507397E-003, 1.0000000000000000E+000, 1.2269259308242209E+000, 0.0000000000000000E+000, 0.0000000000000000E+000, 3.1623506028408183E-001
760,cdiaghg,12,12,T, 7.9871371758421219E+000, 4.9703729842808873E+000, 8.0572489722885525E-007,-4.9703729842808873E+000, 2.3974121099281334E+000, 0.0000000000000000E+000, 0.0000000000000000E+000, 3.4641016151377562E+000, 1.0000000000000018E+000, 2.5707107927990318E-017, 9.9999999999999845E-001, 1.0000000000000018E+000, 0.0000000000000000E+000, 0.0000000000000000E+000, 5.7830128609350506E-015
761,cdiaghg,24,12,F, 3.0919309213146850E+001, 1.0952500253669402E+001, 8.0572489722885525E-007,-4.9703729842808873E+000, 1.0952500253669402E+001, 0.0000000000000000E+000, 0.0000000000000000E+000, 8.3512462138658279E+000, 2.1635899332130446E+000, 2.5707107927990318E-017, 9.9999999999999845E-001, 2.1635899332130446E+000, 0.0000000000000000E+000, 0.0000000000000000E+000, 6.8646847147491574E-001
762,cdiaghg,14,12,F, 1.2362408323685740E+001, 7.1890739518104780E+000, 1.2108770736864196E-002,-4.9711502235574327E+000, 7.1890739518104780E+000, 0.0000000000000000E+000, 0.0000000000000000E+000, 4.0793130902962789E+000, 1.2713872178752883E+000, 5.9025600762027926E-003, 1.0000000000000000E+000, 1.2713872178752883E+000, 0.0000000000000000E+000, 0.0000000000000000E+000, 3.3646363993592754E-001
763,cdiaghg,12,12,T, 7.9679050448842732E+000, 4.9712601099233087E+000, 5.6153848199445425E-007,-4.9712601099233087E+000, 2.1472886041196468E+000, 0.0000000000000000E+000, 0.0000000000000000E+000, 3.4641016151377544E+000, 1.0000000000000020E+000, 2.9443592681975660E-018, 9.9999999999999800E-001, 1.0000000000000020E+000, 0.0000000000000000E+000, 0.0000000000000000E+000, 2.6307639541032267E-015
764,cdiaghg,24,12,F, 3.1814794744194785E+001, 9.3369781118923623E+000, 5.6153848199445425E-007,-4.9712601099233087E+000, 9.3369781118923623E+000, 0.0000000000000000E+000, 0.0000000000000000E+000, 9.1456021231296791E+000, 2.0751735391662169E+000, 2.9443592681975660E-018, 9.9999999999999800E-001, 2.0751735391662169E+000, 0.0000000000000000E+000, 0.0000000000000000E+000, 7.2932798209278660E-001
765,cdiaghg,13,12,F, 9.5331240744415435E+000, 4.9719807987662454E+000, 7.6028877700776718E-003,-4.9719807987662454E+000, 4.3604212818409804E+000, 0.0000000000000000E+000, 0.0000000000000000E+000, 3.7718491014230948E+000, 1.1449115992720829E+000, 3.5548870531554363E-003, 1.0000000000000000E+000, 1.1449115992720829E+000, 0.0000000000000000E+000, 0.0000000000000000E+000, 2.5663783755796937E-001
766,cdiaghg,12,12,T, 8.1793415511749057E+000, 4.9725919863906363E+000, 3.6140645219736026E-007,-4.9725919863906363E+000, 2.6831205572409105E+000, 0.0000000000000000E+000, 0.0000000000000000E+000, 3.4641016151377526E+000, 1.0000000000000011E+000, 1.4192334260492594E-017, 9.9999999999999745E-001, 1.0000000000000011E+000, 0.0000000000000000E+000, 0.0000000000000000E+000, 1.7981360932082034E-015
767,cdiaghg,24,12,F, 3.2815333474701291E+001, 1.1403447956842044E+001, 3.6140645219736026E-007,-4.9725919863906363E+000, 1.1403447956842044E+001, 0.0000000000000000E+000, 0.0000000000000000E+000, 8.4922528823561318E+000, 2.1684676720345761E+000, 1.4192334260492594E-017, 9.9999999999999745E-001, 2.1684676720345761E+000, 0.0000000000000000E+000, 0.0000000000000000E+000, 6.9385593729256656E-001
768,cdiaghg,12,12,T, 8.0935854056901917E+000, 4.9700100652500137E+000, 1.2212693678883807E-006,-4.9700100652500137E+000, 2.5476908674943206E+000, 0.0000000000000000E+000, 0.0000000000000000E+000, 3.4641016151377562E+000, 1.0000000000000036E+000, 2.6988912274655646E-018, 9.9999999999999778E-001, 1.0000000000000036E+000, 0.0000000000000000E+000, 0.0000000000000000E+000, 2.1064661085212447E-015
769,cdiaghg,24,12,F, 2.8588221640302521E+001, 8.2902944511271777E+000, 1.2212693678883807E-006,-4.9700100652500137E+000, 8.2902944511271777E+000, 0.0000000000000000E+000, 0.0000000000000000E+000, 8.7627493054081942E+000, 1.8082888551428844E+000, 2.6988912274655646E-018, 9.9999999999999778E-001, 1.8082888551428844E+000, 0.0000000000000000E+000, 0.0000000000000000E+000, 7.0985765068121542E-001
770,cdiaghg,14,12,F, 1.3051500173382083E+001, 6.2912004455886334E+000, 2.5477338040201100E-003,-4.9707113938044278E+000, 6.2912004455886334E+000, 0.0000000000000000E+000, 0.0000000000000000E+000, 4.1737578693173178E+000, 1.1776449083977347E+000, 1.8021221285563220E-003, 1.0000000000000000E+000, 1.1776449083977347E+000, 0.0000000000000000E+000, 0.0000000000000000E+000, 3.9975959380799808E-001
771,cdiaghg,12,12,T, 8.0516370551019385E+000, 4.9692537983290492E+000, 2.3517751642419808E-007,-4.9692537983290492E+000, 2.4881927947158182E+000, 0.0000000000000000E+000, 0.0000000000000000E+000, 3.4641016151377544E+000, 1.0000000000000018E+000, 8.2553422614732247E-018, 9.9999999999999900E-001, 1.0000000000000018E+000, 0.0000000000000000E+000, 0.0000000000000000E+000, 1.7340676166136736E-015
772,cdiaghg,24,12,F, 2.9033042343595906E+001, 1.0612378308065681E+001, 2.3517751642419808E-007,-4.9692537983290492E+000, 1.0612378308065681E+001, 0.0000000000000000E+000, 0.0000000000000000E+000, 8.8645520763123287E+000, 2.0693481800126259E+000, 8.2553422614732247E-018, 9.9999999999999900E-001, 2.0693481800126259E+000, 0.0000000000000000E+000, 0.0000000000000000E+000, 7.1087723039816608E-001
773,cdiaghg,14,12,F, 1.1419544976963357E+001, 5.4527368056356202E+000, 6.0019099855841314E-003,-4.9699436536212156E+000, 5.4527368056356202E+000, 0.0000000000000000E+000, 0.0000000000000000E+000, 4.0221885803594084E+000, 1.1719818027499616E+000, 2.4373595451038029E-003, 1.0000000000000000E+000, 1.1719818027499616E+000, 0.0000000000000000E+000, 0.0000000000000000E+000, 3.0839488718086655E-001
774,cdiaghg,12,12,T, 8.0250745339364311E+000, 4.9688434031231079E+000, 3.7591148817528953E-007,-4.9688434031231079E+000, 2.2020294156046267E+000, 0.0000000000000000E+000, 0.0000000000000000E+000, 3.4641016151377571E+000, 1.0000000000000031E+000, 3.0781341863736499E-017, 9.9999999999999634E-001, 1.0000000000000031E+000, 0.0000000000000000E+000, 0.0000000000000000E+000, 2.5536251044917110E-015
775,cdiaghg,24,12,F, 2.8189237067929316E+001, 8.3744881446229460E+000, 3.7591148817528953E-007,-4.9688434031231079E+000, 8.3744881446229460E+000, 0.0000000000000000E+000, 0.0000000000000000E+000, 9.1169236037394530E+000, 1.8521651867432312E+000, 3.0781341863736499E-017, 9.9999999999999634E-001, 1.8521651867432312E+000, 0.0000000000000000E+000, 0.0000000000000000E+000, 7.3287473444720752E-001
776,cdiaghg,14,12,F, 1.3162277236336875E+001, 7.3266962911747990E+000, 3.4549325753224264E-003,-4.9695400495738236E+000, 7.3266962911747990E+000, 0.0000000000000000E+000, 0.0000000000000000E+000, 4.0690399110819211E+000, 1.1952166999429175E+000, 2.3597397951513961E-003, 1.0000000000000000E+000, 1.1952166999429175E+000, 0.0000000000000000E+000, 0.0000000000000000E+000, 3.2817015855343462E-001
777,cdiaghg,12,12,T, 8.0071174315123965E+000, 4.9701803078461406E+000, 4.8110895116124276E-008,-4.9701803078461406E+000, 2.0954338260730427E+000, 0.0000000000000000E+000, 0.0000000000000000E+000, 3.4641016151377544E+000, 1.0000000000000016E+000, 3.5377461625819537E-017, 9.9999999999999867E-001, 1.0000000000000016E+000, 0.0000000000000000E+000, 0.0000000000000000E+000, 1.3514783237302816E-015
778,cdiaghg,24,12,F, 3.0262759024381666E+001, 8.8331901461725817E+000, 4.8110895116124276E-008,-4.9701803078461406E+000, 8.8331901461725817E+000, 0.0000000000000000E+000, 0.0000000000000000E+000, 7.9445913952716740E+000, 1.9140858987370362E+000, 3.5377461625819537E-017, 9.9999999999999867E-001, 1.9140858987370362E+000, 0.0000000000000000E+000, 0.0000000000000000E+000, 6.5212221328096898E-001
779,cdiaghg,14,12,F, 1.0289326185300213E+001, 4.9708658217503707E+000, 5.3489163484189669E-003,-4.9708658217503707E+000, 2.9781300324041204E+000, 0.0000000000000000E+000, 0.0000000000000000E+000, 4.1078950817159399E+000, 1.1305300168597696E+000, 3.7074705108962941E-003, 1.0000000000000000E+000, 1.1305300168597696E+000, 0.0000000000000000E+000, 0.0000000000000000E+000, 3.8059015460945461E-001
780,cdiaghg,12,12,T, 8.1120321945951215E+000, 4.9691914358881411E+000, 1.3613112656482489E-007,-4.9691914358881411E+000, 2.3515203312214044E+000, 0.0000000000000000E+000, 0.0000000000000000E+000, 3.4641016151377522E+000, 1.0000000000000011E+000, 1.8589312298539227E-017, 9.9999999999999678E-001, 1.0000000000000011E+000, 0.0000000000000000E+000, 0.0000000000000000E+000, 2.1675970565182083E-015
781,cdiaghg,24,12,F, 3.0903417124199990E+001, 8.8052606074249784E+000, 1.3613112656482489E-007,-4.9691914358881411E+000, 8.8052606074249784E+000, 0.0000000000000000E+000, 0.0000000000000000E+000, 8.1833893693276263E+000, 2.0578954918232428E+000, 1.8589312298539227E-017, 9.9999999999999678E-001, 2.0578954918232428E+000, 0.0000000000000000E+000, 0.0000000000000000E+000, 6.5894605766934788E-001
782,cdiaghg,14,12,F, 1.2053836392926469E+001, 6.6799502712898375E+000, 3.0323313967521776E-004,-4.9698234907954211E+000, 6.6799502712898375E+000, 0.0000000000000000E+000, 0.0000000000000000E+000, 4.0152408526516421E+000, 1.1768606121505929E+000, 2.1069134482059576E-004, 1.0000000000000000E+000, 1.1768606121505929E+000, 0.0000000000000000E+000, 0.0000000000000000E+000, 3.0429415906376350E-001
783,cdiaghg,12,12,T, 8.0876229446539227E+000, 4.9690500611914343E+000, 5.3896773939481012E-007,-4.9690500611914343E+000, 2.2749265554936859E+000, 0.0000000000000000E+000, 0.0000000000000000E+000, 3.4641016151377557E+000, 1.0000000000000027E+000, 2.8930849017929917E-017, 9.9999999999999800E-001, 1.0000000000000027E+000, 0.0000000000000000E+000, 0.0000000000000000E+000, 1.9530562898757103E-015
784,cdiaghg,24,12,F, 2.8804631279992901E+001, 9.9762766870809827E+000, 5.3896773939481012E-007,-4.9690500611914343E+000, 9.9762766870809827E+000, 0.0000000000000000E+000, 0.0000000000000000E+000, 8.6204908812314684E+000, 1.9961053544041052E+000, 2.8930849017929917E-017, 9.9999999999999800E-001, 1.9961053544041052E+000, 0.0000000000000000E+000, 0.0000000000000000E+000, 6.8379715902283500E-001
785,cdiaghg,14,12,F, 1.2816905759882966E+001, 7.2955004492182569E+000, 1.6028968667139126E-003,-4.9696775281944721E+000, 7.2955004492182569E+000, 0.0000000000000000E+000, 0.0000000000000000E+000, 4.0399041303681482E+000, 1.1773220898121670E+000, 1.2608408458349958E-003, 1.0000000000000000E+000, 1.1773220898121670E+000, 0.0000000000000000E+000, 0.0000000000000000E+000, 3.1432180271872107E-001
786,cdiaghg,12,12,T, 8.1409074543226847E+000, 4.9692280916052329E+000, 1.8249004473936495E-008,-4.9692280916052329E+000, 2.1935439449111351E+000, 0.0000000000000000E+000, 0.0000000000000000E+000, 3.4641016151377553E+000, 1.0000000000000018E+000, 1.6058681600836424E-017, 9.9999999999999811E-001, 1.0000000000000018E+000, 0.0000000000000000E+000, 0.0000000000000000E+000, 1.3220269717030054E-015
787,cdiaghg,24,12,F, 2.5009008884410886E+001, 9.7502144578105323E+000, 1.8249004473936495E-008,-4.9692280916052329E+000, 9.7502144578105323E+000, 0.0000000000000000E+000, 0.0000000000000000E+000, 7.3370939045118053E+000, 2.1767297088381796E+000, 1.6058681600836424E-017, 9.9999999999999811E-001, 2.1767297088381796E+000, 0.0000000000000000E+000, 0.0000000000000000E+000, 5.7947244078471971E-001
788,cdiaghg,14,12,F, 1.2743921041825189E+001, 6.8545645031850633E+000, 5.7691286306118511E-006,-4.9697491533830345E+000, 6.8545645031850633E+000, 0.0000000000000000E+000, 0.0000000000000000E+000, 4.0471562504570251E+000, 1.1735961320697779E+000, 4.2596602844551874E-006, 1.0000000000000000E+000, 1.1735961320697779E+000, 0.0000000000000000E+000, 0.0000000000000000E+000, 3.2076902758482567E-001
