call_id,solver,n,m,all_eigenvalues,h_frob,h_max_abs,h_min_nz_abs,h_diag_min,h_diag_max,h_diag_imag_max,h_herm_rel,s_frob,s_max_abs,s_min_nz_abs,s_diag_min,s_diag_max,s_diag_imag_max,s_herm_rel,s_identity_rel
1,cdiaghg,36,26,F, 1.2378150481095698E+000, 4.7550077015361092E-001, 1.8485783742624277E-005, 1.5908460831061875E-002, 4.7550077015361092E-001, 4.6675306587514516E-017, 7.9453723384261424E-015, 9.2597704381835548E+000, 2.4841239807326816E+000, 1.7866718392484119E-005, 9.9415792489938648E-002, 2.4841239807326816E+000, 7.4891995118058562E-017, 3.6389312711403930E-015, 7.4242706996472529E-001
2,cdiaghg,36,26,F, 1.2085125691111167E+000, 4.2775031802865432E-001, 1.6362857686060832E-005, 5.5467260007701941E-002, 4.2775031802865432E-001, 4.5974106552794413E-016, 9.2633968594268866E-015, 9.5912190038888525E+000, 1.9372604250610619E+000, 7.1936623472364770E-005, 1.0202728641713557E-001, 1.9372604250610619E+000, 2.3805112550666716E-015, 4.1211200571735794E-015, 7.4942879608582313E-001
3,cdiaghg,36,26,F, 1.5025883554864241E+000, 5.3329237889201053E-001, 3.5502579260991461E-005, 6.4430665515008284E-002, 5.3329237889201053E-001, 6.8322971722069380E-017, 7.4995458479270669E-015, 8.7790321970429428E+000, 2.1804184851932620E+000, 4.6340906364103203E-005, 1.0573603652328520E-001, 2.1804184851932620E+000, 5.5449935721039009E-016, 3.1852036289704867E-015, 7.2104769459097329E-001
4,cdiaghg,36,26,F, 1.7931103933047268E+000, 7.3788042510443974E-001, 2.1727165506193037E-005, 6.1600262904779081E-002, 7.3788042510443974E-001, 2.8690563962945835E-017, 4.6507099816094216E-015, 7.0214094861065481E+000, 2.0883799262319558E+000, 1.3556800705813654E-006, 1.0831310419013539E-001, 2.0883799262319558E+000, 9.2674561490771247E-017, 2.3824937788240501E-015, 6.0431552529245791E-001
5,cdiaghg,36,26,F, 1.3585124402838091E+000, 3.3916605837569980E-001, 2.2844249065854367E-005, 6.8526513930081176E-002, 3.3916605837569980E-001, 7.0306915295412142E-017, 8.4404648012398872E-015, 9.2262250875476699E+000, 1.5301818409565262E+000, 1.8431847745571309E-004, 5.8140500572027398E-001, 1.5301818409565262E+000, 1.4355398354016505E-016, 3.7232806101243985E-015, 7.3894610542365036E-001
6,cdiaghg,36,26,F, 1.5993724216961114E+000, 5.9269748789351551E-001, 7.4425581854009244E-006, 6.5472558089538155E-002, 5.9269748789351551E-001, 1.4947251589926643E-016, 4.2186161675784374E-015, 7.0611784500170574E+000, 1.7404053247144740E+000, 1.1538704967772897E-004, 3.6584097274859512E-001, 1.7404053247144740E+000, 4.0619626752077737E-016, 3.1107988434031130E-015, 6.1431289994294513E-001
7,cdiaghg,36,26,F, 1.4756778274966205E+000, 4.3829858988246984E-001, 8.5376012618670649E-006, 6.7817874250469104E-002, 4.3829858988246984E-001, 6.5027634215432471E-017, 5.3355497127192522E-015, 5.8444068652257322E+000, 1.0152957883244960E+000, 7.9358412347585813E-005, 3.1419252597203556E-001, 1.0152957883244960E+000, 1.2357908293880498E-016, 1.9749218746488613E-015, 4.6396098799590024E-001
8,cdiaghg,36,26,F, 1.2175322645298021E+000, 4.2687148914244821E-001, 6.5168208881529263E-006, 5.2241027470252381E-002, 4.2687148914244821E-001, 3.6751557341280443E-016, 8.4914999907859516E-015, 9.5776803308883327E+000, 1.9298501990449362E+000, 1.6371925764378702E-004, 3.5210984765182440E-001, 1.9298501990449362E+000, 1.7482980969307410E-015, 4.0080395223933863E-015, 7.4814618648658315E-001
9,cdiaghg,36,26,F, 1.5502075898598426E+000, 4.4824682474803029E-001, 3.1442921642019160E-005, 6.9184719101791789E-002, 4.4824682474803029E-001, 1.4453406138241884E-016, 6.8626282665860470E-015, 8.6965680842481063E+000, 1.6082386934302142E+000, 5.7558210849722678E-005, 5.9364928670305372E-001, 1.6082386934302142E+000, 8.6793167491811937E-016, 3.9034178141011043E-015, 7.1758770940345251E-001
10,cdiaghg,36,26,F, 1.9541820978192381E+000, 6.3444257882589983E-001, 2.0922067541181155E-005, 6.7850689304778652E-002, 6.3444257882589983E-001, 4.8001506879511585E-017, 4.1354097448506638E-015, 7.1847746153078900E+000, 1.6033514259574653E+000, 1.8240193698220095E-004, 4.5476215754604449E-001, 1.6033514259574653E+000, 2.8007942496429066E-017, 3.1850837754743028E-015, 6.2415029723429061E-001
11,cdiaghg,36,26,F, 1.3459582571268562E+000, 3.4420028417473986E-001, 1.4284259689630152E-005, 6.8996205497681401E-002, 3.4420028417473986E-001, 1.2238962540307047E-016, 8.5143884254689425E-015, 9.2178984376146182E+000, 1.5421475737700148E+000, 2.4684659987042579E-005, 5.8433202904530224E-001, 1.5421475737700148E+000, 3.4751560575497388E-016, 4.1824499624207711E-015, 7.3836549248206185E-001
12,cdiaghg,36,26,F, 1.5875676340081784E+000, 4.3972935872014968E-001, 2.2454224470696851E-005, 7.0193594777195278E-002, 4.3972935872014968E-001, 1.0021272175026535E-016, 5.1750380072651622E-015, 7.0589581189473130E+000, 1.1261002724515163E+000, 3.1412549041913836E-004, 4.7477194038064285E-001, 1.1261002724515163E+000, 1.7789223390059577E-016, 2.9958850060116356E-015, 6.1459275145512982E-001
13,cdiaghg,36,26,F, 1.6629850077759494E+000, 5.9332796528713183E-001, 2.0001198373753866E-005, 6.8273123419979320E-002, 5.9332796528713183E-001, 1.7082073478524943E-016, 5.1889316749207425E-015, 7.0685552567067456E+000, 1.6871203376910795E+000, 7.7355062225513744E-005, 4.1939984106188416E-001, 1.6871203376910795E+000, 3.0232712957098721E-016, 3.2522197894232483E-015, 6.1815790531536530E-001
14,cdiaghg,52,26,F, 3.0560477657043400E+001, 6.5150048172916550E+000, 1.5985602757770820E-017,-6.2679628290391629E-002, 6.5150048172916550E+000, 0.0000000000000000E+000, 0.0000000000000000E+000, 8.0205757434820093E+000, 1.1178663719822506E+000, 1.8797260813555763E-017, 9.7486226416746391E-001, 1.1178663719822506E+000, 0.0000000000000000E+000, 0.0000000000000000E+000, 3.9069504295811441E-001
15,cdiaghg,28,26,F, 8.8669107019653683E+000, 7.8114585490956214E+000, 2.3345716141713255E-004,-6.5122636391857627E-002, 7.8114585490956214E+000, 0.0000000000000000E+000, 0.0000000000000000E+000, 5.3602602451557857E+000, 1.3010234294178953E+000, 4.5692372431883904E-004, 9.7823141365138466E-001, 1.3010234294178953E+000, 0.0000000000000000E+000, 0.0000000000000000E+000, 7.7792763936491038E-002
16,cdiaghg,29,26,F, 1.0770653615940457E+001, 7.8114585490956214E+000, 2.3345716141713255E-004,-6.5122636391857627E-002, 7.8114585490956214E+000, 0.0000000000000000E+000, 0.0000000000000000E+000, 5.4941108573651967E+000, 1.3010234294178953E+000, 4.5692372431883904E-004, 9.7823141365138466E-001, 1.3010234294178953E+000, 0.0000000000000000E+000, 0.0000000000000000E+000, 1.1721583229323246E-001
17,cdiaghg,30,26,F, 1.1722214113728645E+001, 7.8114585490956214E+000, 2.3345716141713255E-004,-6.5122636391857627E-002, 7.8114585490956214E+000, 0.0000000000000000E+000, 0.0000000000000000E+000, 5.6740491642440727E+000, 1.3010234294178953E+000, 4.3110798028356132E-004, 9.7823141365138466E-001, 1.3010234294178953E+000, 0.0000000000000000E+000, 0.0000000000000000E+000, 2.0033627817744085E-001
18,cdiaghg,52,26,F, 3.1168621834819159E+001, 7.0268653283587206E+000, 1.8261491639284312E-017,-3.9901667173656820E-002, 7.0268653283587206E+000, 0.0000000000000000E+000, 0.0000000000000000E+000, 7.9391123085966449E+000, 1.0946185963401991E+000, 9.4274898772590275E-018, 9.7300144779236819E-001, 1.0946185963401991E+000, 0.0000000000000000E+000, 0.0000000000000000E+000, 3.6471086723098395E-001
19,cdiaghg,28,26,F, 9.4540922745747924E+000, 8.2977727309948985E+000, 3.8168376463389446E-004,-4.2111676989303633E-002, 8.2977727309948985E+000, 0.0000000000000000E+000, 0.0000000000000000E+000, 5.3627574613464981E+000, 1.3228083671174495E+000, 2.5100625508051147E-004, 9.7381244798323530E-001, 1.3228083671174495E+000, 0.0000000000000000E+000, 0.0000000000000000E+000, 7.5957211441989969E-002
20,cdiaghg,29,26,F, 1.1365754594599860E+001, 8.2977727309948985E+000, 3.8168376463389446E-004,-4.2111676989303633E-002, 8.2977727309948985E+000, 0.0000000000000000E+000, 0.0000000000000000E+000, 5.4857436098930048E+000, 1.3228083671174495E+000, 2.5100625508051147E-004, 9.7381244798323530E-001, 1.3228083671174495E+000, 0.0000000000000000E+000, 0.0000000000000000E+000, 1.0463987986093763E-001
21,cdiaghg,52,26,F, 3.0999340685213415E+001, 8.3029120846938049E+000, 7.9775678638307764E-018, 1.0452065549922890E-002, 8.3029120846938049E+000, 0.0000000000000000E+000, 0.0000000000000000E+000, 7.8134217355943765E+000, 1.0870279656301904E+000, 1.3291718687889164E-017, 9.9999999999999323E-001, 1.0870279656301904E+000, 0.0000000000000000E+000, 0.0000000000000000E+000, 3.2617879091991503E-001
22,cdiaghg,28,26,F, 1.1763600167586679E+001, 1.0176568110746040E+001, 1.4624208298593244E-003, 7.9369024161415700E-003, 1.0176568110746040E+001, 0.0000000000000000E+000, 0.0000000000000000E+000, 5.4200518954758596E+000, 1.4264678111746516E+000, 1.0210828907285059E-003, 1.0000000000000000E+000, 1.4264678111746516E+000, 0.0000000000000000E+000, 0.0000000000000000E+000, 1.0683293814652685E-001
23,cdiaghg,52,26,F, 2.9829235251254779E+001, 6.1206498515868883E+000, 1.9839957262481294E-017, 2.1041982550922409E-002, 6.1206498515868883E+000, 0.0000000000000000E+000, 0.0000000000000000E+000, 7.7359423047316005E+000, 1.0981097316923689E+000, 1.4610577686554076E-017, 9.9999999999999423E-001, 1.0981097316923689E+000, 0.0000000000000000E+000, 0.0000000000000000E+000, 2.8830606313720819E-001
24,cdiaghg,28,26,F, 8.9371654356470547E+000, 6.4252027665662990E+000, 7.3283408141164687E-004, 1.9065947032752710E-002, 6.4252027665662990E+000, 0.0000000000000000E+000, 0.0000000000000000E+000, 5.3510907174711582E+000, 1.1647036865122624E+000, 1.2423273773096819E-003, 1.0000000000000000E+000, 1.1647036865122624E+000, 0.0000000000000000E+000, 0.0000000000000000E+000, 5.4896014645666256E-002
25,cdiaghg,52,26,F, 3.1820253865754321E+001, 7.5621865903975509E+000, 1.5703525418010582E-017,-9.2227928791750631E-003, 7.5621865903975509E+000, 0.0000000000000000E+000, 0.0000000000000000E+000, 7.8854150116370523E+000, 1.0903958491304133E+000, 1.8075006381644003E-017, 9.9999999999999412E-001, 1.0903958491304133E+000, 0.0000000000000000E+000, 0.0000000000000000E+000, 3.4151104439682717E-001
26,cdiaghg,28,26,F, 9.8575008892019422E+000, 8.7126173002920737E+000, 5.4280376288424255E-004,-1.1648114367852265E-002, 8.7126173002920737E+000, 0.0000000000000000E+000, 0.0000000000000000E+000, 5.3719036010358545E+000, 1.3578871657345799E+000, 3.5594920184374955E-004, 9.7996435910481050E-001, 1.3578871657345799E+000, 0.0000000000000000E+000, 0.0000000000000000E+000, 7.9338468183267105E-002
27,cdiaghg,52,26,F, 3.0042296238386943E+001, 6.1100242629729227E+000, 1.1903142932507669E-017, 2.4618777263390533E-002, 6.1100242629729227E+000, 0.0000000000000000E+000, 0.0000000000000000E+000, 7.7541964109866957E+000, 1.0959330537588041E+000, 1.7327853002026992E-017, 9.9999999999999445E-001, 1.0959330537588041E+000, 0.0000000000000000E+000, 0.0000000000000000E+000, 2.9945687503085039E-001
28,cdiaghg,28,26,F, 7.6574984716168784E+000, 5.4121668370275309E+000, 1.3568949813192114E-004, 2.2251447382116193E-002, 5.4121668370275309E+000, 0.0000000000000000E+000, 0.0000000000000000E+000, 5.3039269814865122E+000, 1.0195078845160530E+000, 1.1335421679359401E-003, 1.0000000000000000E+000, 1.0195078845160530E+000, 0.0000000000000000E+000, 0.0000000000000000E+000, 5.0670663935718903E-002
29,cdiaghg,52,26,F, 3.0429462994291701E+001, 6.4478674508052443E+000, 1.2850194765131540E-017, 2.7409148818580167E-002, 6.4478674508052443E+000, 0.0000000000000000E+000, 0.0000000000000000E+000, 7.6925729728100389E+000, 1.1009883660953457E+000, 1.5780472015536642E-017, 9.9905978715578636E-001, 1.1009883660953457E+000, 0.0000000000000000E+000, 0.0000000000000000E+000, 2.7612301642421394E-001
30,cdiaghg,28,26,F, 8.4543494723643207E+000, 6.9181591600435697E+000, 4.8288808846432696E-004, 2.5148339222098443E-002, 6.9181591600435697E+000, 0.0000000000000000E+000, 0.0000000000000000E+000, 5.3605216563244644E+000, 1.1218489968738643E+000, 3.2225162379372567E-004, 1.0000000000000000E+000, 1.1218489968738643E+000, 0.0000000000000000E+000, 0.0000000000000000E+000, 1.0811737097589505E-001
31,cdiaghg,52,26,F, 2.9768065845003456E+001, 6.3514803890767828E+000, 1.0815158044774304E-017,-4.3004204908823181E-002, 6.3514803890767828E+000, 0.0000000000000000E+000, 0.0000000000000000E+000, 7.8202647237979610E+000, 1.0886060703406615E+000, 1.8222094518416200E-017, 9.7022882647962483E-001, 1.0886060703406615E+000, 0.0000000000000000E+000, 0.0000000000000000E+000, 3.2881081906336568E-001
32,cdiaghg,28,26,F, 8.7739042851730034E+000, 7.6344989897753832E+000, 3.5435888401595390E-004,-4.5448548403008382E-002, 7.6344989897753832E+000, 0.0000000000000000E+000, 0.0000000000000000E+000, 5.3607924459843570E+000, 1.2989664385186110E+000, 3.7267770992203644E-004, 9.9169715050854490E-001, 1.2989664385186110E+000, 0.0000000000000000E+000, 0.0000000000000000E+000, 7.3858480422830511E-002
33,cdiaghg,29,26,F, 1.0869596901766101E+001, 7.6344989897753832E+000, 3.5435888401595390E-004,-4.5448548403008382E-002, 7.6344989897753832E+000, 0.0000000000000000E+000, 0.0000000000000000E+000, 5.4966276954156852E+000, 1.2989664385186110E+000, 3.7085610014632870E-004, 9.9169715050854490E-001, 1.2989664385186110E+000, 0.0000000000000000E+000, 0.0000000000000000E+000, 1.1053261578636597E-001
34,cdiaghg,52,26,F, 3.1178069764886029E+001, 7.3492200116949089E+000, 1.1519890456373966E-017,-9.3308991040078303E-003, 7.3492200116949089E+000, 0.0000000000000000E+000, 0.0000000000000000E+000, 7.8552272670464500E+000, 1.1191972381576831E+000, 1.3424535002359523E-017, 9.9999999999999434E-001, 1.1191972381576831E+000, 0.0000000000000000E+000, 0.0000000000000000E+000, 3.3299566915975143E-001
35,cdiaghg,28,26,F, 9.3894771690892824E+000, 8.4547132757208701E+000, 6.6283708765457294E-004,-1.1157018142894491E-002, 8.4547132757208701E+000, 0.0000000000000000E+000, 0.0000000000000000E+000, 5.3629388040959176E+000, 1.3432475256797001E+000, 4.9503280325450031E-004, 9.5371899545480576E-001, 1.3432475256797001E+000, 0.0000000000000000E+000, 0.0000000000000000E+000, 7.6241031965052025E-002
36,cdiaghg,52,26,F, 3.1016816937560229E+001, 6.4164198086022211E+000, 4.8914942199823332E-018, 1.6045709737135604E-004, 6.4164198086022211E+000, 0.0000000000000000E+000, 0.0000000000000000E+000, 7.7457210711556392E+000, 1.1056148726619408E+000, 2.0994599790870963E-017, 9.7549608396131893E-001, 1.1056148726619408E+000, 0.0000000000000000E+000, 0.0000000000000000E+000, 2.8637013155632340E-001
37,cdiaghg,28,26,F, 6.6093769503973379E+000, 5.2023671716890849E+000, 3.4829616943622959E-004,-1.4935458521535437E-003, 5.2023671716890849E+000, 0.0000000000000000E+000, 0.0000000000000000E+000, 5.3237657248649457E+000, 1.1470528403843412E+000, 4.9852034838048496E-004, 9.9899516659520082E-001, 1.1470528403843412E+000, 0.0000000000000000E+000, 0.0000000000000000E+000, 4.2163219097275113E-002
38,cdiaghg,52,26,F, 3.2072757948414129E+001, 8.1283309506371495E+000, 3.1643491230991763E-017, 7.5205727218340525E-004, 8.1283309506371495E+000, 0.0000000000000000E+000, 0.0000000000000000E+000, 7.9254197322690851E+000, 1.1101030142423896E+000, 2.5344909657587029E-017, 9.9999999999999167E-001, 1.1101030142423896E+000, 0.0000000000000000E+000, 0.0000000000000000E+000, 3.5183701396207862E-001
39,cdiaghg,28,26,F, 1.0542023624702619E+001, 9.0490943817592733E+000, 6.2196847781596949E-004,-1.9955019810733105E-003, 9.0490943817592733E+000, 0.0000000000000000E+000, 0.0000000000000000E+000, 5.3868169156462375E+000, 1.3588291698821431E+000, 8.5723925737615000E-004, 1.0000000000000000E+000, 1.3588291698821431E+000, 0.0000000000000000E+000, 0.0000000000000000E+000, 8.9988483545730358E-002
40,cdiaghg,52,26,F, 3.2091149582763741E+001, 6.4549514333760385E+000, 2.1282622944079993E-017, 2.2718318610413766E-002, 6.4549514333760385E+000, 0.0000000000000000E+000, 0.0000000000000000E+000, 7.8747786718318951E+000, 1.0944576533031529E+000, 5.8155354582003662E-017, 9.9999999999999556E-001, 1.0944576533031529E+000, 0.0000000000000000E+000, 0.0000000000000000E+000, 3.4203488769940965E-001
41,cdiaghg,28,26,F, 7.4973248989152950E+000, 5.3373248551212891E+000, 3.4512929692249653E-004, 2.0818323953656521E-002, 5.3373248551212891E+000, 0.0000000000000000E+000, 0.0000000000000000E+000, 5.2972795256277934E+000, 1.0114568066188276E+000, 5.3474739947421144E-004, 9.9973573862812204E-001, 1.0114568066188276E+000, 0.0000000000000000E+000, 0.0000000000000000E+000, 3.7177534664108447E-002
42,cdiaghg,52,26,F, 3.1606624189392541E+001, 6.6038697017385140E+000, 3.4933757215087501E-018, 9.0071157813620632E-003, 6.6038697017385140E+000, 0.0000000000000000E+000, 0.0000000000000000E+000, 7.8392111088966434E+000, 1.0891102581019858E+000, 4.4126107848872654E-018, 9.9999999999999101E-001, 1.0891102581019858E+000, 0.0000000000000000E+000, 0.0000000000000000E+000, 3.2529545956427758E-001
43,cdiaghg,28,26,F, 7.5938717829007745E+000, 5.7133496670681252E+000, 5.9206754378885080E-004, 7.0466721130395035E-003, 5.7133496670681252E+000, 0.0000000000000000E+000, 0.0000000000000000E+000, 5.3036205233307889E+000, 1.0487706868833000E+000, 2.2991812393111539E-004, 9.7688155177458136E-001, 1.0487706868833000E+000, 0.0000000000000000E+000, 0.0000000000000000E+000, 5.2349894975817823E-002
44,cdiaghg,52,26,F, 6.5920315787528125E+001, 1.1338858237776199E+001, 7.9499277446154214E-018,-6.5131717285508497E-002, 1.1338858237776199E+001, 0.0000000000000000E+000, 0.0000000000000000E+000, 1.0583801682645467E+001, 1.4912639214644319E+000, 4.2418823603075647E-018, 9.2774926523318957E-001, 1.4912639214644319E+000, 0.0000000000000000E+000, 0.0000000000000000E+000, 6.2481494423353789E-001
45,cdiaghg,51,26,F, 3.6819867720955905E+001, 5.8313477490600905E+000, 1.3378978838589299E-004,-6.5695882705620379E-002, 5.8313477490600905E+000, 0.0000000000000000E+000, 0.0000000000000000E+000, 1.0135103805208171E+001, 1.1458270324590900E+000, 6.6601903548988892E-005, 1.0000000000000000E+000, 1.1458270324590900E+000, 0.0000000000000000E+000, 0.0000000000000000E+000, 6.8248538616428123E-001
46,cdiaghg,30,26,F, 1.2455889584164215E+001, 7.3671890108947773E+000, 2.0200494563780657E-004,-6.5855046936341199E-002, 7.3671890108947773E+000, 0.0000000000000000E+000, 0.0000000000000000E+000, 5.6943510307554801E+000, 1.2574878678716916E+000, 8.3866075137059470E-005, 9.2779703904275890E-001, 1.2574878678716916E+000, 0.0000000000000000E+000, 0.0000000000000000E+000, 2.2129621224225463E-001
47,cdiaghg,52,26,F, 6.3904381853753819E+001, 1.1340073227037189E+001, 8.4008981696981347E-018,-4.2114077372302390E-002, 1.1340073227037189E+001, 0.0000000000000000E+000, 0.0000000000000000E+000, 1.0384330495854456E+001, 1.4838701095949882E+000, 4.3186980671464923E-018, 9.9097014278737283E-001, 1.4838701095949882E+000, 0.0000000000000000E+000, 0.0000000000000000E+000, 6.0258697915121873E-001
48,cdiaghg,51,26,F, 3.5191635090240730E+001, 5.6346960957569028E+000, 8.4798816752772142E-005,-4.2581656742414223E-002, 5.6346960957569028E+000, 0.0000000000000000E+000, 0.0000000000000000E+000, 9.6858121571101155E+000, 1.1245439590363182E+000, 1.4582455875935242E-004, 1.0000000000000000E+000, 1.1245439590363182E+000, 0.0000000000000000E+000, 0.0000000000000000E+000, 6.4517338099613142E-001
49,cdiaghg,29,26,F, 8.3253650695628334E+000, 5.4087610318264066E+000, 4.9805935389119075E-005,-4.2709531299548714E-002, 5.4087610318264066E+000, 0.0000000000000000E+000, 0.0000000000000000E+000, 5.4439869342454559E+000, 1.1001901083550951E+000, 8.0218980804014838E-004, 1.0000000000000000E+000, 1.1001901083550951E+000, 0.0000000000000000E+000, 0.0000000000000000E+000, 1.1371798612363718E-001
50,cdiaghg,30,26,F, 1.0321748582470283E+001, 5.4087610318264066E+000, 4.9805935389119075E-005,-4.2709531299548714E-002, 5.4087610318264066E+000, 0.0000000000000000E+000, 0.0000000000000000E+000, 5.5959230523907859E+000, 1.1552945990033621E+000, 8.0218980804014838E-004, 1.0000000000000000E+000, 1.1552945990033621E+000, 0.0000000000000000E+000, 0.0000000000000000E+000, 1.5476325755036141E-001
51,cdiaghg,31,26,F, 1.2558288753738085E+001, 6.9201836095814979E+000, 4.9805935389119075E-005,-4.2709531299548714E-002, 6.9201836095814979E+000, 0.0000000000000000E+000, 0.0000000000000000E+000, 5.7127775438162081E+000, 1.1552945990033621E+000, 8.0218980804014838E-004, 1.0000000000000000E+000, 1.1552945990033621E+000, 0.0000000000000000E+000, 0.0000000000000000E+000, 1.6164703037044417E-001
52,cdiaghg,52,26,F, 6.1369385642447575E+001, 1.1029588924163106E+001, 1.4062930920014041E-017, 7.8931835573008893E-003, 1.1029588924163106E+001, 0.0000000000000000E+000, 0.0000000000000000E+000, 1.0309698134701643E+001, 1.4504310012821764E+000, 1.8635242890960262E-017, 9.9076034204989782E-001, 1.4504310012821764E+000, 0.0000000000000000E+000, 0.0000000000000000E+000, 6.0237213683257884E-001
53,cdiaghg,52,26,F, 3.5636984444692573E+001, 9.3384182760929573E+000, 8.2899292975617217E-006, 7.4787089227788591E-003, 9.3384182760929573E+000, 0.0000000000000000E+000, 0.0000000000000000E+000, 9.6957999085636217E+000, 1.4043059983019699E+000, 4.6495939945819550E-004, 9.9619954505662467E-001, 1.4043059983019699E+000, 0.0000000000000000E+000, 0.0000000000000000E+000, 6.3437923615892400E-001
54,cdiaghg,30,26,F, 1.3086406664474799E+001, 7.1301969538411081E+000, 2.4402086751411194E-005, 7.3512327335503655E-003, 7.1301969538411081E+000, 0.0000000000000000E+000, 0.0000000000000000E+000, 5.6838420158123961E+000, 1.1760866480436212E+000, 5.8127568818166120E-004, 1.0000000000000000E+000, 1.1760866480436212E+000, 0.0000000000000000E+000, 0.0000000000000000E+000, 1.9272068919958538E-001
55,cdiaghg,52,26,F, 6.3314978522192440E+001, 1.2238226815436105E+001, 7.7618783632345909E-018, 1.9049577130950672E-002, 1.2238226815436105E+001, 0.0000000000000000E+000, 0.0000000000000000E+000, 1.0156294189086049E+001, 1.5195162623949967E+000, 8.2516647486318090E-018, 9.9999999999999467E-001, 1.5195162623949967E+000, 0.0000000000000000E+000, 0.0000000000000000E+000, 5.7757665595256213E-001
56,cdiaghg,47,26,F, 3.1539869004736204E+001, 5.7368516757751120E+000, 1.7464968506150157E-005, 1.8792513887829355E-002, 5.7368516757751120E+000, 0.0000000000000000E+000, 0.0000000000000000E+000, 8.6207130295302132E+000, 1.1393950818817111E+000, 4.8263820503684451E-004, 1.0000000000000000E+000, 1.1393950818817111E+000, 0.0000000000000000E+000, 0.0000000000000000E+000, 5.6686677834210875E-001
57,cdiaghg,48,26,F, 3.3081935889502169E+001, 7.7430602186053292E+000, 1.7464968506150157E-005, 1.8792513887829355E-002, 7.7430602186053292E+000, 0.0000000000000000E+000, 0.0000000000000000E+000, 8.7155552009107371E+000, 1.1899890697355124E+000, 4.8263820503684451E-004, 1.0000000000000000E+000, 1.1899890697355124E+000, 0.0000000000000000E+000, 0.0000000000000000E+000, 5.6379158349157654E-001
58,cdiaghg,49,26,F, 3.4226434527177283E+001, 7.7430602186053292E+000, 1.7464968506150157E-005, 1.8792513887829355E-002, 7.7430602186053292E+000, 0.0000000000000000E+000, 0.0000000000000000E+000, 8.8183777507506598E+000, 1.2075630773444637E+000, 4.4302266589432411E-004, 1.0000000000000000E+000, 1.2075630773444637E+000, 0.0000000000000000E+000, 0.0000000000000000E+000, 5.6167426453438052E-001
59,cdiaghg,52,26,F, 6.2498351978555426E+001, 1.1135578062648328E+001, 4.1583165467610722E-018,-1.1816696341691062E-002, 1.1135578062648328E+001, 0.0000000000000000E+000, 0.0000000000000000E+000, 1.0302111726073601E+001, 1.4661638860231703E+000, 6.8079721263852577E-018, 9.8298218818878536E-001, 1.4661638860231703E+000, 0.0000000000000000E+000, 0.0000000000000000E+000, 5.9749576944470251E-001
60,cdiaghg,52,26,F, 3.5388932049012212E+001, 7.8301434171491788E+000, 3.5814631094336728E-005,-1.2074623441976363E-002, 7.8301434171491788E+000, 0.0000000000000000E+000, 0.0000000000000000E+000, 9.6171722667238271E+000, 1.3325032527048368E+000, 3.2578096663094116E-004, 9.5113671834901836E-001, 1.3325032527048368E+000, 0.0000000000000000E+000, 0.0000000000000000E+000, 6.2542396951459023E-001
61,cdiaghg,30,26,F, 1.1799447029384364E+001, 6.8841779321622054E+000, 1.2819814873279932E-004,-1.2153890224439971E-002, 6.8841779321622054E+000, 0.0000000000000000E+000, 0.0000000000000000E+000, 5.6416166684008209E+000, 1.2438752425192499E+000, 9.1893454187652081E-004, 1.0000000000000000E+000, 1.2438752425192499E+000, 0.0000000000000000E+000, 0.0000000000000000E+000, 1.5814766995404503E-001
62,cdiaghg,31,26,F, 1.3001344558688650E+001, 6.8841779321622054E+000, 1.2819814873279932E-004,-1.2153890224439971E-002, 6.8841779321622054E+000, 0.0000000000000000E+000, 0.0000000000000000E+000, 5.7508347085160461E+000, 1.2438752425192499E+000, 9.1893454187652081E-004, 1.0000000000000000E+000, 1.2438752425192499E+000, 0.0000000000000000E+000, 0.0000000000000000E+000, 1.7672833175209429E-001
63,cdiaghg,32,26,F, 1.4446505439818621E+001, 6.8841779321622054E+000, 1.2819814873279932E-004,-1.2153890224439971E-002, 6.8841779321622054E+000, 0.0000000000000000E+000, 0.0000000000000000E+000, 5.8865360756629297E+000, 1.2438752425192499E+000, 9.1893454187652081E-004, 1.0000000000000000E+000, 1.2438752425192499E+000, 0.0000000000000000E+000, 0.0000000000000000E+000, 1.8834755698379990E-001
64,cdiaghg,52,26,F, 6.6367914138890782E+001, 1.1913140587903632E+001, 1.2368050164099025E-017, 2.2245763830385925E-002, 1.1913140587903632E+001, 0.0000000000000000E+000, 0.0000000000000000E+000, 1.0428418153744598E+001, 1.5095311243745440E+000, 8.1092755062834659E-018, 9.9999999999998845E-001, 1.5095311243745440E+000, 0.0000000000000000E+000, 0.0000000000000000E+000, 5.9683233294318527E-001
65,cdiaghg,50,26,F, 3.4231858979584061E+001, 5.9567094652839421E+000, 1.2105944651439314E-004, 2.1917090999333366E-002, 5.9567094652839421E+000, 0.0000000000000000E+000, 0.0000000000000000E+000, 9.1006490277735868E+000, 1.1524725096467072E+000, 1.3592131507023705E-004, 9.9055565061333850E-001, 1.1524725096467072E+000, 0.0000000000000000E+000, 0.0000000000000000E+000, 5.9093764417914418E-001
66,cdiaghg,51,26,F, 3.5232903735978667E+001, 6.1068915569961355E+000, 2.2746887072442817E-005, 2.1917090999333366E-002, 6.1068915569961355E+000, 0.0000000000000000E+000, 0.0000000000000000E+000, 9.1850971915621145E+000, 1.1524725096467072E+000, 1.3592131507023705E-004, 9.9055565061333850E-001, 1.1524725096467072E+000, 0.0000000000000000E+000, 0.0000000000000000E+000, 5.8874483824718227E-001
67,cdiaghg,52,26,F, 6.6406713838529754E+001, 1.1899026479113285E+001, 1.3303470908304263E-017, 2.5144602019596556E-002, 1.1899026479113285E+001, 0.0000000000000000E+000, 0.0000000000000000E+000, 1.0391176728543945E+001, 1.5116431524038896E+000, 1.6430546645831682E-018, 9.9999999999999589E-001, 1.5116431524038896E+000, 0.0000000000000000E+000, 0.0000000000000000E+000, 5.9368121415446007E-001
68,cdiaghg,48,26,F, 3.1773733092173160E+001, 6.6395285608579595E+000, 4.8367793006140029E-005, 2.4822281349918041E-002, 6.6395285608579595E+000, 0.0000000000000000E+000, 0.0000000000000000E+000, 8.7381143130057648E+000, 1.1337838583592206E+000, 5.9933286777626095E-004, 9.9064082053442448E-001, 1.1337838583592206E+000, 0.0000000000000000E+000, 0.0000000000000000E+000, 5.7058931599428364E-001
69,cdiaghg,52,26,F, 6.2380382848779021E+001, 1.1184316843639655E+001, 1.1910908948960839E-017,-4.5658956680552046E-002, 1.1184316843639655E+001, 0.0000000000000000E+000, 0.0000000000000000E+000, 1.0289939651453098E+001, 1.4584374142577265E+000, 7.0203192929595635E-018, 9.6506186384330339E-001, 1.4584374142577265E+000, 0.0000000000000000E+000, 0.0000000000000000E+000, 6.0237516350415743E-001
70,cdiaghg,51,26,F, 3.6478261808767044E+001, 5.3726925870802882E+000, 1.4979550550902083E-004,-4.5838555932041926E-002, 5.3726925870802882E+000, 0.0000000000000000E+000, 0.0000000000000000E+000, 9.7473341637965891E+000, 1.1509545858436805E+000, 2.0383543802254139E-004, 1.0000000000000000E+000, 1.1509545858436805E+000, 0.0000000000000000E+000, 0.0000000000000000E+000, 6.4919707519181558E-001
71,cdiaghg,31,26,F, 1.4040733715495710E+001, 7.0233327452264458E+000, 9.0775606646877193E-005,-4.5876643423355415E-002, 7.0233327452264458E+000, 0.0000000000000000E+000, 0.0000000000000000E+000, 5.8751019281118912E+000, 1.2011179964318388E+000, 1.4236682035763373E-003, 1.0000000000000000E+000, 1.2011179964318388E+000, 0.0000000000000000E+000, 0.0000000000000000E+000, 2.5745783021366253E-001
72,cdiaghg,52,26,F, 6.2968818897296345E+001, 1.1778817577420096E+001, 5.0024929263673215E-018,-1.1294150104505981E-002, 1.1778817577420096E+001, 0.0000000000000000E+000, 0.0000000000000000E+000, 1.0249627761103213E+001, 1.5058426887417620E+000, 1.2165571406611066E-018, 9.9999999999998979E-001, 1.5058426887417620E+000, 0.0000000000000000E+000, 0.0000000000000000E+000, 5.9129997119207833E-001
73,cdiaghg,52,26,F, 3.5414632656226885E+001, 7.0198077824052865E+000, 4.1470301525976619E-005,-1.1504174436979622E-002, 7.0198077824052865E+000, 0.0000000000000000E+000, 0.0000000000000000E+000, 9.5219233400898489E+000, 1.2969907469508934E+000, 3.4587706676653102E-004, 9.2717539653119818E-001, 1.2969907469508934E+000, 0.0000000000000000E+000, 0.0000000000000000E+000, 6.1868303858772067E-001
74,cdiaghg,30,26,F, 1.0657294983092092E+001, 6.1274744372274457E+000, 1.7575604977647233E-004,-1.1575783701203952E-002, 6.1274744372274457E+000, 0.0000000000000000E+000, 0.0000000000000000E+000, 5.6014492783496852E+000, 1.1516156965505369E+000, 7.7263054900251734E-004, 1.0000000000000000E+000, 1.1516156965505369E+000, 0.0000000000000000E+000, 0.0000000000000000E+000, 1.2830396143779046E-001
75,cdiaghg,52,26,F, 6.3474544829174754E+001, 1.1381092782659538E+001, 1.3378607068683095E-017,-1.5088482645501903E-003, 1.1381092782659538E+001, 0.0000000000000000E+000, 0.0000000000000000E+000, 1.0157401953288957E+001, 1.4842441486217026E+000, 1.4966195837027058E-017, 9.9999999999999301E-001, 1.4842441486217026E+000, 0.0000000000000000E+000, 0.0000000000000000E+000, 5.7441508602577318E-001
76,cdiaghg,48,26,F, 3.4772816208383830E+001, 5.7618733440693877E+000, 1.0421782378914483E-004,-1.8002010897208202E-003, 5.7618733440693877E+000, 0.0000000000000000E+000, 0.0000000000000000E+000, 8.8846407649670347E+000, 1.1411767237102421E+000, 3.7470846259457410E-004, 9.9742318430689558E-001, 1.1411767237102421E+000, 0.0000000000000000E+000, 0.0000000000000000E+000, 5.8533845959545250E-001
77,cdiaghg,49,26,F, 3.6343605461747984E+001, 8.3887592019735244E+000, 1.0421782378914483E-004,-1.8002010897208202E-003, 8.3887592019735244E+000, 0.0000000000000000E+000, 0.0000000000000000E+000, 8.9825672675730370E+000, 1.2077255374871161E+000, 3.7470846259457410E-004, 9.9742318430689558E-001, 1.2077255374871161E+000, 0.0000000000000000E+000, 0.0000000000000000E+000, 5.8252352965623155E-001
78,cdiaghg,52,26,F, 6.0959365282236043E+001, 1.1335303048629450E+001, 2.0551561280670975E-017,-2.0885229698823895E-003, 1.1335303048629450E+001, 0.0000000000000000E+000, 0.0000000000000000E+000, 1.0234850965777909E+001, 1.4746175028046764E+000, 8.8876315154674866E-018, 9.9999999999999500E-001, 1.4746175028046764E+000, 0.0000000000000000E+000, 0.0000000000000000E+000, 5.9211883772235774E-001
79,cdiaghg,51,26,F, 3.3961976222121905E+001, 5.6684315982348101E+000, 1.5064783803127508E-004,-2.5373276417940283E-003, 5.6684315982348101E+000, 0.0000000000000000E+000, 0.0000000000000000E+000, 9.4011144287693149E+000, 1.1379906645922229E+000, 3.7178438860582564E-004, 9.9020836404262580E-001, 1.1379906645922229E+000, 0.0000000000000000E+000, 0.0000000000000000E+000, 6.1954958653839876E-001
80,cdiaghg,32,26,F, 1.5993546575900893E+001, 7.8652503295946898E+000, 1.6692138914812195E-004,-2.6606070609926213E-003, 7.8652503295946898E+000, 0.0000000000000000E+000, 0.0000000000000000E+000, 6.0009688519815034E+000, 1.2678631374134388E+000, 6.5371034735485956E-004, 1.0000000000000000E+000, 1.2678631374134388E+000, 0.0000000000000000E+000, 0.0000000000000000E+000, 2.5358060104123614E-001
81,cdiaghg,33,26,F, 1.7396368692054548E+001, 7.8652503295946898E+000, 9.7061511109670589E-005,-2.6606070609926213E-003, 7.8652503295946898E+000, 0.0000000000000000E+000, 0.0000000000000000E+000, 6.1069163091277661E+000, 1.2678631374134388E+000, 6.5371034735485956E-004, 1.0000000000000000E+000, 1.2678631374134388E+000, 0.0000000000000000E+000, 0.0000000000000000E+000, 2.6073981700447091E-001
82,cdiaghg,34,26,F, 1.8971699061840653E+001, 7.8652503295946898E+000, 6.9798141212028356E-005,-2.6606070609926213E-003, 7.8652503295946898E+000, 0.0000000000000000E+000, 0.0000000000000000E+000, 6.2321229327551508E+000, 1.2678631374134388E+000, 5.9459433629937089E-004, 1.0000000000000000E+000, 1.2678631374134388E+000, 0.0000000000000000E+000, 0.0000000000000000E+000, 2.6651887985180905E-001
83,cdiaghg,52,26,F, 6.7057239269254396E+001, 1.1701042698256327E+001, 2.7188186774648740E-017, 2.0806489865006658E-002, 1.1701042698256327E+001, 0.0000000000000000E+000, 0.0000000000000000E+000, 1.0557096705106467E+001, 1.4980360027148800E+000, 2.2182455101531772E-017, 9.9999999999998923E-001, 1.4980360027148800E+000, 0.0000000000000000E+000, 0.0000000000000000E+000, 6.0885141942426613E-001
84,cdiaghg,49,26,F, 3.5141402322961653E+001, 5.9066948317729580E+000, 1.3772401451906980E-004, 2.0573377049091054E-002, 5.9066948317729580E+000, 0.0000000000000000E+000, 0.0000000000000000E+000, 9.0773894771189489E+000, 1.1336411287188377E+000, 5.6608881181709843E-004, 9.8086564419200917E-001, 1.1336411287188377E+000, 0.0000000000000000E+000, 0.0000000000000000E+000, 6.0067531301634158E-001
85,cdiaghg,51,26,F, 3.7425033732969347E+001, 6.5057421783024365E+000, 1.3772401451906980E-004, 2.0573377049091054E-002, 6.5057421783024365E+000, 0.0000000000000000E+000, 0.0000000000000000E+000, 9.2928926279626154E+000, 1.1636848766733621E+000, 5.6608881181709843E-004, 9.8086564419200917E-001, 1.1636848766733621E+000, 0.0000000000000000E+000, 0.0000000000000000E+000, 5.9979561397602910E-001
86,cdiaghg,52,26,F, 6.6489416577527095E+001, 1.1497450641350200E+001, 2.6929099089621685E-017, 6.9408542967896187E-003, 1.1497450641350200E+001, 0.0000000000000000E+000, 0.0000000000000000E+000, 1.0473271509337176E+001, 1.4678240175054988E+000, 8.6841561966239152E-018, 9.9999999999999079E-001, 1.4678240175054988E+000, 0.0000000000000000E+000, 0.0000000000000000E+000, 6.0038510863358574E-001
87,cdiaghg,52,26,F, 3.8781603925624097E+001, 5.7806858414452487E+000, 1.3501103006963595E-004, 6.6485570245848839E-003, 5.7806858414452487E+000, 0.0000000000000000E+000, 0.0000000000000000E+000, 9.6503257932981938E+000, 1.1494386560655043E+000, 7.8283828745338369E-004, 9.5025682466828965E-001, 1.1494386560655043E+000, 0.0000000000000000E+000, 0.0000000000000000E+000, 6.2692729178206630E-001
88,cdiaghg,29,26,F, 1.3553125661638415E+001, 8.4525498466625475E+000, 1.3513655065591876E-004, 6.5666445338863743E-003, 8.4525498466625475E+000, 0.0000000000000000E+000, 0.0000000000000000E+000, 5.5974319499188034E+000, 1.3294605833918975E+000, 1.4224143551262529E-003, 1.0000000000000000E+000, 1.3294605833918975E+000, 0.0000000000000000E+000, 0.0000000000000000E+000, 1.7564075840931229E-001
89,cdiaghg,26,26,T, 8.7901540190056027E-001, 7.2765608087533595E-001, 1.1386001477446836E-007,-7.3534529476646612E-002, 7.2765608087533595E-001, 0.0000000000000000E+000, 0.0000000000000000E+000, 5.0990195135927836E+000, 1.0000000000000073E+000, 1.0162847117843122E-017, 9.9999999999999212E-001, 1.0000000000000073E+000, 0.0000000000000000E+000, 0.0000000000000000E+000, 5.0949505500364584E-015
90,cdiaghg,52,26,F, 1.9882992245990838E+001, 5.6514945558218432E+000, 1.1386001477446836E-007,-7.3534529476646612E-002, 5.6514945558218432E+000, 0.0000000000000000E+000, 0.0000000000000000E+000, 8.0177286637056753E+000, 1.1381199796984827E+000, 1.0162847117843122E-017, 9.5004337574718178E-001, 1.1381199796984827E+000, 0.0000000000000000E+000, 0.0000000000000000E+000, 3.7871708580491070E-001
91,cdiaghg,26,26,T, 8.6757158441476778E-001, 6.8908195738639577E-001, 4.4074207572009000E-007,-5.1126350069189301E-002, 6.8908195738639577E-001, 0.0000000000000000E+000, 0.0000000000000000E+000, 5.0990195135927845E+000, 1.0000000000000109E+000, 2.0068921417685234E-017, 9.9999999999999045E-001, 1.0000000000000109E+000, 0.0000000000000000E+000, 0.0000000000000000E+000, 5.4619873547428952E-015
92,cdiaghg,52,26,F, 2.2124034663626606E+001, 5.3346734964188780E+000, 4.4074207572009000E-007,-5.1126350069189301E-002, 5.3346734964188780E+000, 0.0000000000000000E+000, 0.0000000000000000E+000, 8.0863192242411763E+000, 1.1800933739032862E+000, 2.0068921417685234E-017, 9.5073895361683869E-001, 1.1800933739032862E+000, 0.0000000000000000E+000, 0.0000000000000000E+000, 3.8670723460389411E-001
93,cdiaghg,26,26,T, 8.0446365952575560E-001, 4.9302468191254256E-001, 9.8751295008831805E-007,-7.0415118521726019E-003, 4.9302468191254256E-001, 0.0000000000000000E+000, 0.0000000000000000E+000, 5.0990195135927809E+000, 1.0000000000000078E+000, 6.0125319019238425E-018, 9.9999999999999012E-001, 1.0000000000000078E+000, 0.0000000000000000E+000, 0.0000000000000000E+000, 5.8251361062056372E-015
94,cdiaghg,52,26,F, 2.2274839870849835E+001, 5.3283127407288609E+000, 9.8751295008831805E-007,-7.0415118521726019E-003, 5.3283127407288609E+000, 0.0000000000000000E+000, 0.0000000000000000E+000, 8.1962446795926969E+000, 1.1543309684210517E+000, 6.0125319019238425E-018, 9.9999999999999012E-001, 1.1543309684210517E+000, 0.0000000000000000E+000, 0.0000000000000000E+000, 4.1041924896694731E-001
95,cdiaghg,26,26,T, 7.0607692291432689E-001, 3.7338323490209518E-001, 3.0179935274546776E-007,-4.0314196961704508E-003, 3.7338323490209518E-001, 0.0000000000000000E+000, 0.0000000000000000E+000, 5.0990195135927756E+000, 1.0000000000000095E+000, 1.5713845139358148E-017, 9.9999999999999201E-001, 1.0000000000000095E+000, 0.0000000000000000E+000, 0.0000000000000000E+000, 5.6057981189792787E-015
96,cdiaghg,52,26,F, 2.3661728602907765E+001, 5.0466008526841657E+000, 3.0179935274546776E-007,-4.0314196961704508E-003, 5.0466008526841657E+000, 0.0000000000000000E+000, 0.0000000000000000E+000, 8.0112696467798798E+000, 1.1693508420422858E+000, 1.5713845139358148E-017, 9.6591986524475471E-001, 1.1693508420422858E+000, 0.0000000000000000E+000, 0.0000000000000000E+000, 3.6686455557277198E-001
97,cdiaghg,26,26,T, 8.1326753996874701E-001, 5.5349993755536619E-001, 8.0752871487960780E-007,-2.4644422155026824E-002, 5.5349993755536619E-001, 0.0000000000000000E+000, 0.0000000000000000E+000, 5.0990195135927801E+000, 1.0000000000000062E+000, 4.1186237871021661E-018, 9.9999999999999356E-001, 1.0000000000000062E+000, 0.0000000000000000E+000, 0.0000000000000000E+000, 4.5545905752934827E-015
98,cdiaghg,52,26,F, 2.2983511136290176E+001, 5.1757403551123788E+000, 8.0752871487960780E-007,-2.4644422155026824E-002, 5.1757403551123788E+000, 0.0000000000000000E+000, 0.0000000000000000E+000, 8.1478585451939729E+000, 1.1643535258395044E+000, 4.1186237871021661E-018, 9.6940301278955043E-001, 1.1643535258395044E+000, 0.0000000000000000E+000, 0.0000000000000000E+000, 4.0244090685774303E-001
99,cdiaghg,26,26,T, 7.7849104735324159E-001, 4.4063511845310382E-001, 2.9044666250928610E-007, 1.0014091171297100E-003, 4.4063511845310382E-001, 0.0000000000000000E+000, 0.0000000000000000E+000, 5.0990195135927863E+000, 1.0000000000000078E+000, 9.2861591720167895E-018, 9.9999999999999112E-001, 1.0000000000000078E+000, 0.0000000000000000E+000, 0.0000000000000000E+000, 4.6755984847758286E-015
100,cdiaghg,52,26,F, 2.4442242082594706E+001, 5.2136799760612647E+000, 2.9044666250928610E-007, 1.0014091171297100E-003, 5.2136799760612647E+000, 0.0000000000000000E+000, 0.0000000000000000E+000, 8.1834066713205029E+000, 1.1714302629805589E+000, 9.2861591720167895E-018, 9.7746276924975140E-001, 1.1714302629805589E+000, 0.0000000000000000E+000, 0.0000000000000000E+000, 4.0408571901020057E-001
101,cdiaghg,26,26,T, 8.0726113058140647E-001, 4.6336504447311322E-001, 2.8142208549455113E-007, 2.3061495100056518E-003, 4.6336504447311322E-001, 0.0000000000000000E+000, 0.0000000000000000E+000, 5.0990195135927863E+000, 1.0000000000000082E+000, 8.6008013539849292E-018, 9.9999999999998324E-001, 1.0000000000000082E+000, 0.0000000000000000E+000, 0.0000000000000000E+000, 5.4477428082921287E-015
102,cdiaghg,52,26,F, 2.4416666789341793E+001, 5.0674548309806182E+000, 2.8142208549455113E-007, 2.3061495100056518E-003, 5.0674548309806182E+000, 0.0000000000000000E+000, 0.0000000000000000E+000, 8.1010984662352215E+000, 1.1538397146742654E+000, 8.6008013539849292E-018, 9.9213485263524948E-001, 1.1538397146742654E+000, 0.0000000000000000E+000, 0.0000000000000000E+000, 3.9282021391568833E-001
103,cdiaghg,27,26,F, 7.7113632909828711E+000, 7.6685051092482812E+000, 3.0255182635293754E-004, 2.0797257744214906E-003, 7.6685051092482812E+000, 0.0000000000000000E+000, 0.0000000000000000E+000, 5.2822073019059079E+000, 1.2398583297069410E+000, 2.2113616839160104E-003, 1.0000000000000000E+000, 1.2398583297069410E+000, 0.0000000000000000E+000, 0.0000000000000000E+000, 1.2298139235233796E-001
104,cdiaghg,26,26,T, 8.5685763342416443E-001, 6.7793204176536848E-001, 3.0317978013869454E-007,-5.4718915728002769E-002, 6.7793204176536848E-001, 0.0000000000000000E+000, 0.0000000000000000E+000, 5.0990195135927827E+000, 1.0000000000000113E+000, 4.9493210432641851E-018, 9.9999999999999178E-001, 1.0000000000000113E+000, 0.0000000000000000E+000, 0.0000000000000000E+000, 5.1275607363519418E-015
105,cdiaghg,52,26,F, 2.0545282602533423E+001, 4.7782068852341943E+000, 3.0317978013869454E-007,-5.4718915728002769E-002, 4.7782068852341943E+000, 0.0000000000000000E+000, 0.0000000000000000E+000, 7.9994353516404360E+000, 1.1536340600571826E+000, 4.9493210432641851E-018, 8.9898771817435441E-001, 1.1536340600571826E+000, 0.0000000000000000E+000, 0.0000000000000000E+000, 3.7460796638285665E-001
106,cdiaghg,26,26,T, 7.7000471910964607E-001, 4.5367017978226232E-001, 8.9554564320993092E-008,-2.6360526779014962E-002, 4.5367017978226232E-001, 0.0000000000000000E+000, 0.0000000000000000E+000, 5.0990195135927907E+000, 1.0000000000000080E+000, 7.9778909171845990E-018, 9.9999999999998779E-001, 1.0000000000000080E+000, 0.0000000000000000E+000, 0.0000000000000000E+000, 5.6125114857433293E-015
107,cdiaghg,52,26,F, 2.5114893101807482E+001, 6.5541565413248657E+000, 8.9554564320993092E-008,-2.6360526779014962E-002, 6.5541565413248657E+000, 0.0000000000000000E+000, 0.0000000000000000E+000, 8.2014407066900912E+000, 1.2728522699465583E+000, 7.9778909171845990E-018, 9.7818630026224818E-001, 1.2728522699465583E+000, 0.0000000000000000E+000, 0.0000000000000000E+000, 3.9460379720920929E-001
108,cdiaghg,26,26,T, 7.4488657336929232E-001, 4.1818108523628711E-001, 3.6506188363781413E-007,-1.9893035604987890E-002, 4.1818108523628711E-001, 0.0000000000000000E+000, 0.0000000000000000E+000, 5.0990195135927943E+000, 1.0000000000000084E+000, 1.3778625370396952E-017, 9.9999999999999345E-001, 1.0000000000000084E+000, 0.0000000000000000E+000, 0.0000000000000000E+000, 4.9245328982962465E-015
109,cdiaghg,52,26,F, 2.5111315928055319E+001, 5.5080343440649369E+000, 3.6506188363781413E-007,-1.9893035604987890E-002, 5.5080343440649369E+000, 0.0000000000000000E+000, 0.0000000000000000E+000, 8.0684226672863044E+000, 1.2057006770492775E+000, 1.3778625370396952E-017, 9.6285552214833892E-001, 1.2057006770492775E+000, 0.0000000000000000E+000, 0.0000000000000000E+000, 3.7313301274562827E-001
110,cdiaghg,26,26,T, 8.2172074180110222E-001, 5.5976682823848045E-001, 3.8828029218691593E-008,-1.4387709082692112E-002, 5.5976682823848045E-001, 0.0000000000000000E+000, 0.0000000000000000E+000, 5.0990195135927765E+000, 1.0000000000000042E+000, 1.9745965640092724E-017, 9.9999999999998879E-001, 1.0000000000000042E+000, 0.0000000000000000E+000, 0.0000000000000000E+000, 5.1755368481080041E-015
111,cdiaghg,52,26,F, 2.2579391974435925E+001, 6.2067280825917450E+000, 3.8828029218691593E-008,-1.4387709082692112E-002, 6.2067280825917450E+000, 0.0000000000000000E+000, 0.0000000000000000E+000, 8.1464347919400399E+000, 1.1515936036921623E+000, 1.9745965640092724E-017, 9.5632882588562351E-001, 1.1515936036921623E+000, 0.0000000000000000E+000, 0.0000000000000000E+000, 4.0243548961204151E-001
112,cdiaghg,26,26,T, 7.5752245545870645E-001, 4.2564813303387594E-001, 3.9384958919915077E-007,-2.8209436169341399E-003, 4.2564813303387594E-001, 0.0000000000000000E+000, 0.0000000000000000E+000, 5.0990195135927880E+000, 1.0000000000000075E+000, 2.0854018760981542E-018, 9.9999999999999212E-001, 1.0000000000000075E+000, 0.0000000000000000E+000, 0.0000000000000000E+000, 5.2195834914978327E-015
113,cdiaghg,52,26,F, 2.2907827178897794E+001, 5.2829495736816119E+000, 3.9384958919915077E-007,-2.8209436169341399E-003, 5.2829495736816119E+000, 0.0000000000000000E+000, 0.0000000000000000E+000, 8.0565581886738951E+000, 1.1813431459071260E+000, 2.0854018760981542E-018, 9.6101371418742543E-001, 1.1813431459071260E+000, 0.0000000000000000E+000, 0.0000000000000000E+000, 3.8191609746643995E-001
114,cdiaghg,26,26,T, 7.8429734734355661E-001, 4.7134170064547048E-001, 7.8521092829673296E-007,-1.2062148808609551E-002, 4.7134170064547048E-001, 0.0000000000000000E+000, 0.0000000000000000E+000, 5.0990195135927845E+000, 1.0000000000000100E+000, 1.3967299567550619E-017, 9.9999999999999079E-001, 1.0000000000000100E+000, 0.0000000000000000E+000, 0.0000000000000000E+000, 5.6120339050266736E-015
115,cdiaghg,52,26,F, 2.3914715398546157E+001, 5.1883698275733812E+000, 7.8521092829673296E-007,-1.2062148808609551E-002, 5.1883698275733812E+000, 0.0000000000000000E+000, 0.0000000000000000E+000, 8.1482878567374843E+000, 1.1926415256163037E+000, 1.3967299567550619E-017, 9.9999999999999079E-001, 1.1926415256163037E+000, 0.0000000000000000E+000, 0.0000000000000000E+000, 3.9412382724875489E-001
116,cdiaghg,26,26,T, 8.5414511401311655E-001, 7.2086026365536637E-001, 1.7030241178284013E-007,-7.9665583067938167E-002, 7.2086026365536637E-001, 0.0000000000000000E+000, 0.0000000000000000E+000, 5.0990195135927845E+000, 1.0000000000000082E+000, 5.0817668924491980E-018, 9.9999999999999400E-001, 1.0000000000000082E+000, 0.0000000000000000E+000, 0.0000000000000000E+000, 4.3336504367518317E-015
117,cdiaghg,52,26,F, 2.4867874640445130E+001, 9.3216303268939651E+000, 1.7030241178284013E-007,-7.9665583067938167E-002, 9.3216303268939651E+000, 0.0000000000000000E+000, 0.0000000000000000E+000, 8.5704933409490867E+000, 1.3856926837583885E+000, 5.0817668924491980E-018, 9.7298516731129880E-001, 1.3856926837583885E+000, 0.0000000000000000E+000, 0.0000000000000000E+000, 4.8948404562306019E-001
118,cdiaghg,50,26,F, 5.2464006730800534E+001, 9.0655930500766928E+000, 5.4397571080357816E-005,-7.9792799187107674E-002, 9.0655930500766928E+000, 0.0000000000000000E+000, 0.0000000000000000E+000, 1.0034006118528170E+001, 1.3624598296680248E+000, 2.6813817387085658E-004, 1.0000000000000000E+000, 1.3624598296680248E+000, 0.0000000000000000E+000, 0.0000000000000000E+000, 6.0555733751643226E-001
119,cdiaghg,41,26,F, 2.4396536082186984E+001, 9.2721443928621916E+000, 5.1309094449270866E-005,-7.9796383120908337E-002, 9.2721443928621916E+000, 0.0000000000000000E+000, 0.0000000000000000E+000, 7.6685356466308345E+000, 1.3959145195987370E+000, 2.0911428647785927E-003, 1.0000000000000000E+000, 1.3959145195987370E+000, 0.0000000000000000E+000, 0.0000000000000000E+000, 4.8555504559806584E-001
120,cdiaghg,45,26,F, 3.6409772068687609E+001, 1.0333901718964118E+001, 1.5490804307180986E-005,-7.9796383120908337E-002, 1.0333901718964118E+001, 0.0000000000000000E+000, 0.0000000000000000E+000, 8.3405764723896372E+000, 1.4341666240221160E+000, 2.0441005008380933E-003, 1.0000000000000000E+000, 1.4341666240221160E+000, 0.0000000000000000E+000, 0.0000000000000000E+000, 5.0587593903205408E-001
121,cdiaghg,49,26,F, 3.9059604687557133E+001, 1.0333901718964118E+001, 1.5490804307180986E-005,-7.9796383120908337E-002, 1.0333901718964118E+001, 0.0000000000000000E+000, 0.0000000000000000E+000, 8.7807099383712259E+000, 1.4341666240221160E+000, 2.0441005008380933E-003, 1.0000000000000000E+000, 1.4341666240221160E+000, 0.0000000000000000E+000, 0.0000000000000000E+000, 5.1342883317427057E-001
122,cdiaghg,26,26,T, 8.4178264142550052E-001, 6.8260840883665019E-001, 4.7150700301020293E-007,-5.8108935376781662E-002, 6.8260840883665019E-001, 0.0000000000000000E+000, 0.0000000000000000E+000, 5.0990195135927898E+000, 1.0000000000000095E+000, 9.3893678216224044E-018, 9.9999999999999400E-001, 1.0000000000000095E+000, 0.0000000000000000E+000, 0.0000000000000000E+000, 4.2666323550190881E-015
123,cdiaghg,52,26,F, 2.3496967218228715E+001, 6.8261674988063028E+000, 4.7150700301020293E-007,-5.8108935376781662E-002, 6.8261674988063028E+000, 0.0000000000000000E+000, 0.0000000000000000E+000, 8.5808094089388334E+000, 1.2246643808239888E+000, 9.3893678216224044E-018, 9.8027502121479249E-001, 1.2246643808239888E+000, 0.0000000000000000E+000, 0.0000000000000000E+000, 4.9698658808658369E-001
124,cdiaghg,50,26,F, 5.2871717946894798E+001, 9.6129104579802860E+000, 9.5557271834638912E-005,-5.8359080825299767E-002, 9.6129104579802860E+000, 0.0000000000000000E+000, 0.0000000000000000E+000, 1.0108077650686125E+001, 1.4085013919785943E+000, 2.5233832010246445E-004, 1.0000000000000000E+000, 1.4085013919785943E+000, 0.0000000000000000E+000, 0.0000000000000000E+000, 6.1083409987974102E-001
125,cdiaghg,41,26,F, 2.1780159830878365E+001, 5.8891910485874899E+000, 5.8356790584663085E-005,-5.8361505781257428E-002, 5.8891910485874899E+000, 0.0000000000000000E+000, 0.0000000000000000E+000, 7.6363458469353622E+000, 1.1728413354858809E+000, 9.1040502537184534E-004, 1.0000000000000000E+000, 1.1728413354858809E+000, 0.0000000000000000E+000, 0.0000000000000000E+000, 4.8998322835004599E-001
126,cdiaghg,43,26,F, 2.9600293157354997E+001, 1.0477900020161247E+001, 5.8356790584663085E-005,-5.8361505781257428E-002, 1.0477900020161247E+001, 0.0000000000000000E+000, 0.0000000000000000E+000, 7.9781411725274971E+000, 1.4348732494360017E+000, 9.1040502537184534E-004, 1.0000000000000000E+000, 1.4348732494360017E+000, 0.0000000000000000E+000, 0.0000000000000000E+000, 4.9505004685331427E-001
127,cdiaghg,45,26,F, 3.0967629069741225E+001, 1.0477900020161247E+001, 5.8356790584663085E-005,-5.8361505781257428E-002, 1.0477900020161247E+001, 0.0000000000000000E+000, 0.0000000000000000E+000, 8.2071769060265396E+000, 1.4348732494360017E+000, 9.1040502537184534E-004, 1.0000000000000000E+000, 1.4348732494360017E+000, 0.0000000000000000E+000, 0.0000000000000000E+000, 5.0069478936148448E-001
128,cdiaghg,26,26,T, 7.7512158839729139E-001, 4.8749064248279433E-001, 3.6040006680615360E-007,-1.9968187111854521E-002, 4.8749064248279433E-001, 0.0000000000000000E+000, 0.0000000000000000E+000, 5.0990195135927907E+000, 1.0000000000000124E+000, 9.8181296901076377E-018, 9.9999999999999256E-001, 1.0000000000000124E+000, 0.0000000000000000E+000, 0.0000000000000000E+000, 5.4650017159295195E-015
129,cdiaghg,52,26,F, 2.6351837039396468E+001, 1.0745874170868850E+001, 3.6040006680615360E-007,-1.9968187111854521E-002, 1.0745874170868850E+001, 0.0000000000000000E+000, 0.0000000000000000E+000, 8.5093948489111018E+000, 1.4736146789125426E+000, 9.8181296901076377E-018, 9.5988224770745345E-001, 1.4736146789125426E+000, 0.0000000000000000E+000, 0.0000000000000000E+000, 4.7833907279892623E-001
130,cdiaghg,51,26,F, 5.4794218495930309E+001, 9.3565824235130730E+000, 5.7080232579119100E-005,-2.0690616591284038E-002, 9.3565824235130730E+000, 0.0000000000000000E+000, 0.0000000000000000E+000, 1.0273713570350839E+001, 1.3793060520248335E+000, 1.5985581868137351E-004, 1.0000000000000000E+000, 1.3793060520248335E+000, 0.0000000000000000E+000, 0.0000000000000000E+000, 6.1426450087268103E-001
131,cdiaghg,44,26,F, 3.1071608994635469E+001, 1.1066848006772036E+001, 3.1493904479274611E-005,-2.0695288456319828E-002, 1.1066848006772036E+001, 0.0000000000000000E+000, 0.0000000000000000E+000, 8.2023567429594131E+000, 1.4945179048669617E+000, 8.8185878900868305E-004, 1.0000000000000000E+000, 1.4945179048669617E+000, 0.0000000000000000E+000, 0.0000000000000000E+000, 5.2720771654408272E-001
132,cdiaghg,46,26,F, 3.6452160860294498E+001, 1.1066848006772036E+001, 3.0780003002647766E-005,-2.0695288456319828E-002, 1.1066848006772036E+001, 0.0000000000000000E+000, 0.0000000000000000E+000, 8.4936551099988922E+000, 1.4945179048669617E+000, 8.8185878900868305E-004, 1.0000000000000000E+000, 1.4945179048669617E+000, 0.0000000000000000E+000, 0.0000000000000000E+000, 5.2937128076126894E-001
133,cdiaghg,48,26,F, 3.8730727213456134E+001, 1.1066848006772036E+001, 3.0780003002647766E-005,-2.0695288456319828E-002, 1.1066848006772036E+001, 0.0000000000000000E+000, 0.0000000000000000E+000, 8.7487874391583951E+000, 1.4945179048669617E+000, 8.8185878900868305E-004, 1.0000000000000000E+000, 1.4945179048669617E+000, 0.0000000000000000E+000, 0.0000000000000000E+000, 5.3232950273072355E-001
134,cdiaghg,26,26,T, 6.7276522823108253E-001, 3.6838415447260503E-001, 2.8790100718710776E-007,-2.0335860619098284E-002, 3.6838415447260503E-001, 0.0000000000000000E+000, 0.0000000000000000E+000, 5.0990195135927898E+000, 1.0000000000000113E+000, 3.8390265538876396E-018, 9.9999999999999223E-001, 1.0000000000000113E+000, 0.0000000000000000E+000, 0.0000000000000000E+000, 4.7402368595588497E-015
135,cdiaghg,52,26,F, 2.2744362880646467E+001, 5.0751291700839394E+000, 2.8790100718710776E-007,-2.0335860619098284E-002, 5.0751291700839394E+000, 0.0000000000000000E+000, 0.0000000000000000E+000, 8.5075587059473357E+000, 1.1542355595900866E+000, 3.8390265538876396E-018, 9.9999999999999223E-001, 1.1542355595900866E+000, 0.0000000000000000E+000, 0.0000000000000000E+000, 4.8061396447968863E-001
136,cdiaghg,49,26,F, 5.0074467409610378E+001, 9.5517969225967363E+000, 4.5001080525769814E-005,-2.0567418506948366E-002, 9.5517969225967363E+000, 0.0000000000000000E+000, 0.0000000000000000E+000, 9.5602952104783228E+000, 1.3621208257845450E+000, 8.0494228251135991E-004, 1.0000000000000000E+000, 1.3621208257845450E+000, 0.0000000000000000E+000, 0.0000000000000000E+000, 5.6305312818243192E-001
137,cdiaghg,40,26,F, 2.1694855212448971E+001, 6.7164920658591356E+000, 5.4089761246673130E-005,-2.0577669996622562E-002, 6.7164920658591356E+000, 0.0000000000000000E+000, 0.0000000000000000E+000, 7.5254518983895053E+000, 1.2206511791306409E+000, 1.2245417047203147E-003, 1.0000000000000000E+000, 1.2206511791306409E+000, 0.0000000000000000E+000, 0.0000000000000000E+000, 4.7950410686361944E-001
138,cdiaghg,47,26,F, 4.2825928466929668E+001, 1.0206033898338745E+001, 4.1164866443645000E-006,-2.0577669996622562E-002, 1.0206033898338745E+001, 0.0000000000000000E+000, 0.0000000000000000E+000, 8.7233458121025347E+000, 1.4261322086622390E+000, 4.6226987310547010E-004, 1.0000000000000000E+000, 1.4261322086622390E+000, 0.0000000000000000E+000, 0.0000000000000000E+000, 5.1100093320394380E-001
139,cdiaghg,33,26,F, 1.5406750073852466E+001, 6.2494918601499139E+000, 4.4577865751300209E-005,-2.0582441933053152E-002, 6.2494918601499139E+000, 0.0000000000000000E+000, 0.0000000000000000E+000, 5.9639856546360486E+000, 1.1436652529596854E+000, 1.0342286316086121E-003, 1.0000000000000000E+000, 1.1436652529596854E+000, 0.0000000000000000E+000, 0.0000000000000000E+000, 1.8548100886252297E-001
140,cdiaghg,26,26,T, 7.8563105768916053E-001, 5.4870784908950720E-001, 5.3760906959647310E-007,-3.5585760373660277E-002, 5.4870784908950720E-001, 0.0000000000000000E+000, 0.0000000000000000E+000, 5.0990195135927827E+000, 1.0000000000000067E+000, 1.1003309398215796E-017, 9.9999999999999434E-001, 1.0000000000000067E+000, 0.0000000000000000E+000, 0.0000000000000000E+000, 4.2608208942221685E-015
141,cdiaghg,52,26,F, 2.3664630499981094E+001, 9.5967341010541745E+000, 5.3760906959647310E-007,-3.5585760373660277E-002, 9.5967341010541745E+000, 0.0000000000000000E+000, 0.0000000000000000E+000, 8.4828907785513081E+000, 1.4113352148850495E+000, 1.1003309398215796E-017, 9.9999999999999434E-001, 1.4113352148850495E+000, 0.0000000000000000E+000, 0.0000000000000000E+000, 4.7967107249698454E-001
142,cdiaghg,52,26,F, 5.6743057249778857E+001, 9.0987721998204307E+000, 6.6944438574558155E-005,-3.6098927207912274E-002, 9.0987721998204307E+000, 0.0000000000000000E+000, 0.0000000000000000E+000, 1.0496617564419113E+001, 1.3711142356139014E+000, 1.1039811525515897E-004, 1.0000000000000000E+000, 1.3711142356139014E+000, 0.0000000000000000E+000, 0.0000000000000000E+000, 6.2749748896762281E-001
143,cdiaghg,40,26,F, 2.1776012297419452E+001, 6.5229508835518786E+000, 4.5576771415907402E-005,-3.6103762641188725E-002, 6.5229508835518786E+000, 0.0000000000000000E+000, 0.0000000000000000E+000, 7.4197826304953125E+000, 1.1506379868129457E+000, 4.7441818669863837E-004, 1.0000000000000000E+000, 1.1506379868129457E+000, 0.0000000000000000E+000, 0.0000000000000000E+000, 4.7365834095201864E-001
144,cdiaghg,41,26,F, 2.5533306431829359E+001, 9.9951134345901504E+000, 2.9857825664288461E-005,-3.6103762641188725E-002, 9.9951134345901504E+000, 0.0000000000000000E+000, 0.0000000000000000E+000, 7.5797618687917092E+000, 1.3909830691335723E+000, 4.7441818669863837E-004, 1.0000000000000000E+000, 1.3909830691335723E+000, 0.0000000000000000E+000, 0.0000000000000000E+000, 4.7511295640876289E-001
145,cdiaghg,42,26,F, 2.6945558415933110E+001, 9.9951134345901504E+000, 2.3663973306811680E-005,-3.6103762641188725E-002, 9.9951134345901504E+000, 0.0000000000000000E+000, 0.0000000000000000E+000, 7.7214472388087554E+000, 1.3909830691335723E+000, 4.7441818669863837E-004, 1.0000000000000000E+000, 1.3909830691335723E+000, 0.0000000000000000E+000, 0.0000000000000000E+000, 4.7895943628708443E-001
146,cdiaghg,26,26,T, 7.4760132936229828E-001, 4.3520576417795104E-001, 1.1677287804268168E-006,-1.5599680279023996E-002, 4.3520576417795104E-001, 0.0000000000000000E+000, 0.0000000000000000E+000, 5.0990195135927845E+000, 1.0000000000000115E+000, 3.4629986998160644E-018, 9.9999999999998912E-001, 1.0000000000000115E+000, 0.0000000000000000E+000, 0.0000000000000000E+000, 5.0345676161780262E-015
147,cdiaghg,52,26,F, 2.4978393667009250E+001, 6.3242209159473850E+000, 1.1677287804268168E-006,-1.5599680279023996E-002, 6.3242209159473850E+000, 0.0000000000000000E+000, 0.0000000000000000E+000, 8.7019076770613495E+000, 1.1551420251184554E+000, 3.4629986998160644E-018, 9.9999999999998912E-001, 1.1551420251184554E+000, 0.0000000000000000E+000, 0.0000000000000000E+000, 5.1389843968114557E-001
148,cdiaghg,49,26,F, 4.8702842885874894E+001, 9.3031176862349856E+000, 1.3457392925794085E-005,-1.5925592532038790E-002, 9.3031176862349856E+000, 0.0000000000000000E+000, 0.0000000000000000E+000, 9.7701990284471787E+000, 1.3698753806370925E+000, 2.2180905638841454E-003, 1.0000000000000000E+000, 1.3698753806370925E+000, 0.0000000000000000E+000, 0.0000000000000000E+000, 5.8987438536144654E-001
149,cdiaghg,44,26,F, 2.4045954739851219E+001, 6.3719509966173273E+000, 4.7617702382525644E-005,-1.5938142303519101E-002, 6.3719509966173273E+000, 0.0000000000000000E+000, 0.0000000000000000E+000, 8.1237148603984366E+000, 1.2039115539460010E+000, 7.4649066820053369E-004, 1.0000000000000000E+000, 1.2039115539460010E+000, 0.0000000000000000E+000, 0.0000000000000000E+000, 5.2109069732680757E-001
150,cdiaghg,48,26,F, 3.7080917013791023E+001, 1.0264295635565826E+001, 2.9870119244261916E-005,-1.5938142303519101E-002, 1.0264295635565826E+001, 0.0000000000000000E+000, 0.0000000000000000E+000, 8.7619158304686700E+000, 1.4212539223076888E+000, 7.4649066820053369E-004, 1.0000000000000000E+000, 1.4212539223076888E+000, 0.0000000000000000E+000, 0.0000000000000000E+000, 5.2724828055264106E-001
151,cdiaghg,52,26,F, 3.8932899317500329E+001, 1.0264295635565826E+001, 2.7595916865575117E-005,-1.5938142303519101E-002, 1.0264295635565826E+001, 0.0000000000000000E+000, 0.0000000000000000E+000, 9.1739346253656429E+000, 1.4212539223076888E+000, 7.4649066820053369E-004, 1.0000000000000000E+000, 1.4212539223076888E+000, 0.0000000000000000E+000, 0.0000000000000000E+000, 5.3346716771689784E-001
152,cdiaghg,26,26,T, 7.7672416721551352E-001, 4.5759759474307693E-001, 2.1883613185450882E-007,-1.4489541499082100E-002, 4.5759759474307693E-001, 0.0000000000000000E+000, 0.0000000000000000E+000, 5.0990195135927854E+000, 1.0000000000000131E+000, 4.2179000143961281E-018, 9.9999999999999312E-001, 1.0000000000000131E+000, 0.0000000000000000E+000, 0.0000000000000000E+000, 4.4740632136973636E-015
153,cdiaghg,52,26,F, 2.4257572619857726E+001, 9.2286753402335915E+000, 2.1883613185450882E-007,-1.4489541499082100E-002, 9.2286753402335915E+000, 0.0000000000000000E+000, 0.0000000000000000E+000, 8.5490446002724010E+000, 1.2874357261814320E+000, 4.2179000143961281E-018, 9.9870124586534259E-001, 1.2874357261814320E+000, 0.0000000000000000E+000, 0.0000000000000000E+000, 4.8769651491933563E-001
154,cdiaghg,49,26,F, 4.8180370397841855E+001, 9.4036498553550345E+000, 6.7907677319948228E-005,-1.4817394912878479E-002, 9.4036498553550345E+000, 0.0000000000000000E+000, 0.0000000000000000E+000, 9.6000678271709727E+000, 1.3389200609547511E+000, 8.6816438588920692E-004, 1.0000000000000000E+000, 1.3389200609547511E+000, 0.0000000000000000E+000, 0.0000000000000000E+000, 5.7464288712841471E-001
155,cdiaghg,44,26,F, 2.4475006010731708E+001, 8.8596770771520479E+000, 3.6738610836372657E-006,-1.4828480933107430E-002, 8.8596770771520479E+000, 0.0000000000000000E+000, 0.0000000000000000E+000, 8.1338535910339349E+000, 1.2613773355560547E+000, 9.7726940953933583E-004, 1.0000000000000000E+000, 1.2613773355560547E+000, 0.0000000000000000E+000, 0.0000000000000000E+000, 5.2387623171867437E-001
156,cdiaghg,50,26,F, 3.8885413203504477E+001, 9.8455654028716744E+000, 3.6738610836372657E-006,-1.4828480933107430E-002, 9.8455654028716744E+000, 0.0000000000000000E+000, 0.0000000000000000E+000, 9.0066596708431188E+000, 1.3846187664220166E+000, 3.7492145961291035E-004, 1.0000000000000000E+000, 1.3846187664220166E+000, 0.0000000000000000E+000, 0.0000000000000000E+000, 5.3571962025471664E-001
157,cdiaghg,32,26,F, 1.4099287562707275E+001, 5.6684804991191120E+000, 4.0528884271624242E-005,-1.4832845509797420E-002, 5.6684804991191120E+000, 0.0000000000000000E+000, 0.0000000000000000E+000, 5.8767313917537853E+000, 1.1538090082082610E+000, 1.7682000210739431E-003, 9.8679106710385911E-001, 1.1538090082082610E+000, 0.0000000000000000E+000, 0.0000000000000000E+000, 1.9043565497079867E-001
158,cdiaghg,26,26,T, 8.3188480926744379E-001, 6.7272031139969235E-001, 1.6710732193035853E-007,-6.2062775113470789E-002, 6.7272031139969235E-001, 0.0000000000000000E+000, 0.0000000000000000E+000, 5.0990195135927854E+000, 1.0000000000000084E+000, 3.3070362501470219E-018, 9.9999999999999112E-001, 1.0000000000000084E+000, 0.0000000000000000E+000, 0.0000000000000000E+000, 4.7521879730210477E-015
159,cdiaghg,52,26,F, 2.3624389175792381E+001, 7.3978980416445417E+000, 1.6710732193035853E-007,-6.2062775113470789E-002, 7.3978980416445417E+000, 0.0000000000000000E+000, 0.0000000000000000E+000, 8.4139637492782189E+000, 1.2939285781356822E+000, 3.3070362501470219E-018, 9.4644823339837314E-001, 1.2939285781356822E+000, 0.0000000000000000E+000, 0.0000000000000000E+000, 4.6630082685835705E-001
160,cdiaghg,50,26,F, 5.3156805387767996E+001, 9.2071190766101392E+000, 3.3737782371012775E-005,-6.2337663803857468E-002, 9.2071190766101392E+000, 0.0000000000000000E+000, 0.0000000000000000E+000, 9.9991610179817396E+000, 1.3801491008772868E+000, 5.5782374350778511E-004, 1.0000000000000000E+000, 1.3801491008772868E+000, 0.0000000000000000E+000, 0.0000000000000000E+000, 5.9720815871859234E-001
161,cdiaghg,40,26,F, 2.2942500294765232E+001, 7.0872423497788128E+000, 2.4999660391481407E-005,-6.2340451410790268E-002, 7.0872423497788128E+000, 0.0000000000000000E+000, 0.0000000000000000E+000, 7.4216490239796720E+000, 1.2665273974668410E+000, 1.6115357514608604E-003, 1.0000000000000000E+000, 1.2665273974668410E+000, 0.0000000000000000E+000, 0.0000000000000000E+000, 4.5435484425341305E-001
162,cdiaghg,43,26,F, 3.0901106961800174E+001, 1.0207148622654730E+001, 2.4999660391481407E-005,-6.2340451410790268E-002, 1.0207148622654730E+001, 0.0000000000000000E+000, 0.0000000000000000E+000, 7.8629573037378799E+000, 1.3972090431906339E+000, 1.1016549582549284E-003, 1.0000000000000000E+000, 1.3972090431906339E+000, 0.0000000000000000E+000, 0.0000000000000000E+000, 4.6371443373944971E-001
163,cdiaghg,47,26,F, 3.5150355124103946E+001, 1.0207148622654730E+001, 2.1378957775519154E-005,-6.2340451410790268E-002, 1.0207148622654730E+001, 0.0000000000000000E+000, 0.0000000000000000E+000, 8.3156656664585356E+000, 1.3972090431906339E+000, 7.6574239475685310E-004, 1.0000000000000000E+000, 1.3972090431906339E+000, 0.0000000000000000E+000, 0.0000000000000000E+000, 4.7109872565681449E-001
164,cdiaghg,50,26,F, 3.7460818877636619E+001, 1.0207148622654730E+001, 2.1378957775519154E-005,-6.2340451410790268E-002, 1.0207148622654730E+001, 0.0000000000000000E+000, 0.0000000000000000E+000, 8.6504024281624208E+000, 1.3972090431906339E+000, 7.6574239475685310E-004, 1.0000000000000000E+000, 1.3972090431906339E+000, 0.0000000000000000E+000, 0.0000000000000000E+000, 4.7894356568956792E-001
165,cdiaghg,26,26,T, 7.4041759755351955E-001, 4.4782898533522858E-001, 2.2110715626480532E-007,-3.8333747112247185E-002, 4.4782898533522858E-001, 0.0000000000000000E+000, 0.0000000000000000E+000, 5.0990195135927774E+000, 1.0000000000000073E+000, 3.9015286641426638E-018, 9.9999999999999145E-001, 1.0000000000000073E+000, 0.0000000000000000E+000, 0.0000000000000000E+000, 5.0335009520997829E-015
166,cdiaghg,52,26,F, 2.3115397581190866E+001, 5.8033788923436944E+000, 2.2110715626480532E-007,-3.8333747112247185E-002, 5.8033788923436944E+000, 0.0000000000000000E+000, 0.0000000000000000E+000, 8.4661603849045850E+000, 1.1207046980975950E+000, 3.9015286641426638E-018, 9.9506400432168352E-001, 1.1207046980975950E+000, 0.0000000000000000E+000, 0.0000000000000000E+000, 4.8428395408455910E-001
167,cdiaghg,51,26,F, 5.5479321947772320E+001, 9.6085470664770138E+000, 6.3392463401975733E-005,-3.8711593234023609E-002, 9.6085470664770138E+000, 0.0000000000000000E+000, 0.0000000000000000E+000, 1.0253078243991460E+001, 1.3943330485037573E+000, 8.0186555913542071E-004, 1.0000000000000000E+000, 1.3943330485037573E+000, 0.0000000000000000E+000, 0.0000000000000000E+000, 6.1122782970085610E-001
168,cdiaghg,40,26,F, 2.1712051532214890E+001, 5.6906228852396143E+000, 7.8213814866182978E-006,-3.8717787530803620E-002, 5.6906228852396143E+000, 0.0000000000000000E+000, 0.0000000000000000E+000, 7.3916771295587607E+000, 1.1714728033538762E+000, 6.3715956280200226E-004, 1.0000000000000000E+000, 1.1714728033538762E+000, 0.0000000000000000E+000, 0.0000000000000000E+000, 4.6373580679206577E-001
169,cdiaghg,45,26,F, 3.6947224785845428E+001, 9.8068995009341702E+000, 7.8213814866182978E-006,-3.8717787530803620E-002, 9.8068995009341702E+000, 0.0000000000000000E+000, 0.0000000000000000E+000, 8.1900912825049215E+000, 1.4019151912999972E+000, 6.3715956280200226E-004, 1.0000000000000000E+000, 1.4019151912999972E+000, 0.0000000000000000E+000, 0.0000000000000000E+000, 4.7819336541868901E-001
170,cdiaghg,50,26,F, 4.0440989251943989E+001, 9.8068995009341702E+000, 7.8213814866182978E-006,-3.8717787530803620E-002, 9.8068995009341702E+000, 0.0000000000000000E+000, 0.0000000000000000E+000, 8.8004802910071156E+000, 1.4019151912999972E+000, 6.1174125051154007E-004, 1.0000000000000000E+000, 1.4019151912999972E+000, 0.0000000000000000E+000, 0.0000000000000000E+000, 4.9723332736170239E-001
171,cdiaghg,26,26,T, 7.1305637546802270E-001, 4.1373462217530355E-001, 3.3355386209070950E-007,-3.3319669544415828E-002, 4.1373462217530355E-001, 0.0000000000000000E+000, 0.0000000000000000E+000, 5.0990195135927863E+000, 1.0000000000000095E+000, 2.7881206484223826E-018, 9.9999999999999156E-001, 1.0000000000000095E+000, 0.0000000000000000E+000, 0.0000000000000000E+000, 4.4704505788705766E-015
172,cdiaghg,52,26,F, 2.5305430188919406E+001, 7.2943134570632893E+000, 3.3355386209070950E-007,-3.3319669544415828E-002, 7.2943134570632893E+000, 0.0000000000000000E+000, 0.0000000000000000E+000, 8.5529156062496146E+000, 1.1424121361690196E+000, 2.7881206484223826E-018, 9.9536743458829313E-001, 1.1424121361690196E+000, 0.0000000000000000E+000, 0.0000000000000000E+000, 4.8872222497312895E-001
173,cdiaghg,49,26,F, 5.2300919658262934E+001, 9.9500456381830311E+000, 5.6732529310003486E-005,-3.3590542630203599E-002, 9.9500456381830311E+000, 0.0000000000000000E+000, 0.0000000000000000E+000, 9.7564329629971329E+000, 1.3941502367264074E+000, 1.2792637767698894E-003, 1.0000000000000000E+000, 1.3941502367264074E+000, 0.0000000000000000E+000, 0.0000000000000000E+000, 5.7774132159503588E-001
174,cdiaghg,40,26,F, 2.3584644969110432E+001, 6.6045895775739067E+000, 2.3020067480848640E-005,-3.3600034126457359E-002, 6.6045895775739067E+000, 0.0000000000000000E+000, 0.0000000000000000E+000, 7.5328167832973199E+000, 1.2116410938189544E+000, 2.7072391487304381E-004, 1.0000000000000000E+000, 1.2116410938189544E+000, 0.0000000000000000E+000, 0.0000000000000000E+000, 4.7418513951926777E-001
175,cdiaghg,45,26,F, 3.9051425017976250E+001, 1.0102614944767033E+001, 2.3020067480848640E-005,-3.3600034126457359E-002, 1.0102614944767033E+001, 0.0000000000000000E+000, 0.0000000000000000E+000, 8.3635702671244339E+000, 1.4182415137763347E+000, 2.7072391487304381E-004, 1.0000000000000000E+000, 1.4182415137763347E+000, 0.0000000000000000E+000, 0.0000000000000000E+000, 4.9355290021138210E-001
176,cdiaghg,50,26,F, 4.2167166284300137E+001, 1.0102614944767033E+001, 2.3020067480848640E-005,-3.3600034126457359E-002, 1.0102614944767033E+001, 0.0000000000000000E+000, 0.0000000000000000E+000, 8.9378872515737005E+000, 1.4182415137763347E+000, 2.7072391487304381E-004, 1.0000000000000000E+000, 1.4182415137763347E+000, 0.0000000000000000E+000, 0.0000000000000000E+000, 5.0725631907097535E-001
177,cdiaghg,26,26,T, 7.9343464031587452E-001, 5.5379687979470338E-001, 1.2242226064835896E-007,-2.5417773244220010E-002, 5.5379687979470338E-001, 0.0000000000000000E+000, 0.0000000000000000E+000, 5.0990195135927880E+000, 1.0000000000000098E+000, 4.6795380177193385E-018, 9.9999999999998967E-001, 1.0000000000000098E+000, 0.0000000000000000E+000, 0.0000000000000000E+000, 4.9156214332614599E-015
178,cdiaghg,52,26,F, 2.4933603747917726E+001, 8.9078123511037060E+000, 1.2242226064835896E-007,-2.5417773244220010E-002, 8.9078123511037060E+000, 0.0000000000000000E+000, 0.0000000000000000E+000, 8.5750550253737963E+000, 1.3790451549801637E+000, 4.6795380177193385E-018, 9.9758989965871459E-001, 1.3790451549801637E+000, 0.0000000000000000E+000, 0.0000000000000000E+000, 4.9398495420705102E-001
179,cdiaghg,50,26,F, 5.3390882959771993E+001, 9.2384493750647465E+000, 5.5279715377768515E-005,-2.6142620199369079E-002, 9.2384493750647465E+000, 0.0000000000000000E+000, 0.0000000000000000E+000, 1.0068272548825124E+001, 1.3686931770892403E+000, 3.7500566697174615E-004, 1.0000000000000000E+000, 1.3686931770892403E+000, 0.0000000000000000E+000, 0.0000000000000000E+000, 6.0494125483250138E-001
180,cdiaghg,42,26,F, 2.4886563009613983E+001, 9.2314763790071641E+000, 2.2101434884199399E-005,-2.6147942331865751E-002, 9.2314763790071641E+000, 0.0000000000000000E+000, 0.0000000000000000E+000, 7.8144658706198049E+000, 1.4029609859560475E+000, 1.5886549924585072E-003, 1.0000000000000000E+000, 1.4029609859560475E+000, 0.0000000000000000E+000, 0.0000000000000000E+000, 5.0398241466972726E-001
181,cdiaghg,44,26,F, 3.0602187276790744E+001, 1.0297531881126021E+001, 2.2101434884199399E-005,-2.6147942331865751E-002, 1.0297531881126021E+001, 0.0000000000000000E+000, 0.0000000000000000E+000, 8.1065582574862933E+000, 1.4306889988794731E+000, 1.5886549924585072E-003, 1.0000000000000000E+000, 1.4306889988794731E+000, 0.0000000000000000E+000, 0.0000000000000000E+000, 5.0756508635087749E-001
182,cdiaghg,46,26,F, 3.2393550127356342E+001, 1.0297531881126021E+001, 2.2101434884199399E-005,-2.6147942331865751E-002, 1.0297531881126021E+001, 0.0000000000000000E+000, 0.0000000000000000E+000, 8.3264153919460249E+000, 1.4306889988794731E+000, 4.1042553282434504E-004, 1.0000000000000000E+000, 1.4306889988794731E+000, 0.0000000000000000E+000, 0.0000000000000000E+000, 5.0934758136707814E-001
183,cdiaghg,26,26,T, 7.2565301322349607E-001, 4.1979749647682779E-001, 3.0486274823873068E-007,-1.9320535990434248E-002, 4.1979749647682779E-001, 0.0000000000000000E+000, 0.0000000000000000E+000, 5.0990195135927827E+000, 1.0000000000000075E+000, 8.2763241287029081E-018, 9.9999999999999090E-001, 1.0000000000000075E+000, 0.0000000000000000E+000, 0.0000000000000000E+000, 4.8659428734744485E-015
184,cdiaghg,52,26,F, 2.4307644785866749E+001, 5.9976380592134202E+000, 3.0486274823873068E-007,-1.9320535990434248E-002, 5.9976380592134202E+000, 0.0000000000000000E+000, 0.0000000000000000E+000, 8.6229811697194787E+000, 1.1562221750944948E+000, 8.2763241287029081E-018, 9.9867762338185340E-001, 1.1562221750944948E+000, 0.0000000000000000E+000, 0.0000000000000000E+000, 5.0043736980256626E-001
185,cdiaghg,49,26,F, 4.8700318857732100E+001, 9.9368995736560564E+000, 7.2348538386519698E-005,-1.9516872073546930E-002, 9.9368995736560564E+000, 0.0000000000000000E+000, 0.0000000000000000E+000, 9.6295685207718531E+000, 1.3795897733712164E+000, 4.6763521525109439E-004, 1.0000000000000000E+000, 1.3795897733712164E+000, 0.0000000000000000E+000, 0.0000000000000000E+000, 5.7572485804696549E-001
186,cdiaghg,44,26,F, 2.3549611809304963E+001, 6.8816120543913399E+000, 3.5144929614067515E-005,-1.9527128799788414E-002, 6.8816120543913399E+000, 0.0000000000000000E+000, 0.0000000000000000E+000, 8.1587133646898682E+000, 1.2399111845666098E+000, 4.8808631839479343E-004, 1.0000000000000000E+000, 1.2399111845666098E+000, 0.0000000000000000E+000, 0.0000000000000000E+000, 5.2589272392127073E-001
187,cdiaghg,47,26,F, 3.3692217424938853E+001, 1.0281733347306609E+001, 3.5144929614067515E-005,-1.9527128799788414E-002, 1.0281733347306609E+001, 0.0000000000000000E+000, 0.0000000000000000E+000, 8.6275482420492384E+000, 1.4367975875129675E+000, 4.8808631839479343E-004, 1.0000000000000000E+000, 1.4367975875129675E+000, 0.0000000000000000E+000, 0.0000000000000000E+000, 5.2966799536838183E-001
188,cdiaghg,50,26,F, 3.5366939559420487E+001, 1.0281733347306609E+001, 3.5144929614067515E-005,-1.9527128799788414E-002, 1.0281733347306609E+001, 0.0000000000000000E+000, 0.0000000000000000E+000, 8.9380654091831726E+000, 1.4367975875129675E+000, 4.8808631839479343E-004, 1.0000000000000000E+000, 1.4367975875129675E+000, 0.0000000000000000E+000, 0.0000000000000000E+000, 5.3442581874079553E-001
189,cdiaghg,26,26,T, 7.5448049565350161E-001, 4.6689011632774080E-001, 7.4418338820565949E-007,-2.6100454050646465E-002, 4.6689011632774080E-001, 0.0000000000000000E+000, 0.0000000000000000E+000, 5.0990195135927880E+000, 1.0000000000000113E+000, 1.1961310291093906E-017, 9.9999999999999445E-001, 1.0000000000000113E+000, 0.0000000000000000E+000, 0.0000000000000000E+000, 5.2989474216549824E-015
190,cdiaghg,52,26,F, 2.4943550559015240E+001, 7.4538385654378931E+000, 7.4418338820565949E-007,-2.6100454050646465E-002, 7.4538385654378931E+000, 0.0000000000000000E+000, 0.0000000000000000E+000, 8.5431926324753782E+000, 1.1241825286390830E+000, 1.1961310291093906E-017, 9.9999999999999445E-001, 1.1241825286390830E+000, 0.0000000000000000E+000, 0.0000000000000000E+000, 4.9304010581421664E-001
191,cdiaghg,50,26,F, 5.4233745173015222E+001, 9.2612909422879763E+000, 4.1792581068485607E-005,-2.6394703596498040E-002, 9.2612909422879763E+000, 0.0000000000000000E+000, 0.0000000000000000E+000, 1.0101968907875589E+001, 1.3809663762092186E+000, 4.5281571664412205E-004, 1.0000000000000000E+000, 1.3809663762092186E+000, 0.0000000000000000E+000, 0.0000000000000000E+000, 6.0285168484577401E-001
192,cdiaghg,45,26,F, 2.7017397387442298E+001, 7.2559168532181015E+000, 1.8401022051728321E-005,-2.6401017308076279E-002, 7.2559168532181015E+000, 0.0000000000000000E+000, 0.0000000000000000E+000, 8.2360861131781693E+000, 1.2300162520820253E+000, 9.8107482647966722E-004, 1.0000000000000000E+000, 1.2300162520820253E+000, 0.0000000000000000E+000, 0.0000000000000000E+000, 5.2651046475656527E-001
193,cdiaghg,51,26,F, 4.4165604192748148E+001, 1.0611230450169037E+001, 1.5349703602925466E-005,-2.6401017308076279E-002, 1.0611230450169037E+001, 0.0000000000000000E+000, 0.0000000000000000E+000, 9.1800035706952752E+000, 1.4528206139703668E+000, 9.8107482647966722E-004, 1.0000000000000000E+000, 1.4528206139703668E+000, 0.0000000000000000E+000, 0.0000000000000000E+000, 5.3762871722473449E-001
194,cdiaghg,32,26,F, 1.6025605899417940E+001, 6.9717463673804021E+000, 7.4898562855768789E-005,-2.6404472882729235E-002, 6.9717463673804021E+000, 0.0000000000000000E+000, 0.0000000000000000E+000, 5.9328496070964567E+000, 1.2078064809487541E+000, 7.3188328303127508E-004, 1.0000000000000000E+000, 1.2078064809487541E+000, 0.0000000000000000E+000, 0.0000000000000000E+000, 1.9745661130542005E-001
195,cdiaghg,26,26,T, 8.5486760350063007E-001, 7.2018245283807947E-001, 1.3735354991768422E-008,-7.9396366503280122E-002, 7.2018245283807947E-001, 0.0000000000000000E+000, 0.0000000000000000E+000, 5.0990195135927854E+000, 1.0000000000000109E+000, 4.8647177143813249E-018, 9.9999999999998401E-001, 1.0000000000000109E+000, 0.0000000000000000E+000, 0.0000000000000000E+000, 6.3017569264116790E-015
196,cdiaghg,52,26,F, 5.3642465403705820E+001, 1.0829558304223429E+001, 1.3735354991768422E-008,-7.9396366503280122E-002, 1.0829558304223429E+001, 0.0000000000000000E+000, 0.0000000000000000E+000, 9.9532558576883492E+000, 1.4376670753522462E+000, 4.8647177143813249E-018, 9.7531925364736494E-001, 1.4376670753522462E+000, 0.0000000000000000E+000, 0.0000000000000000E+000, 6.1069286203395989E-001
197,cdiaghg,37,26,F, 2.4682203934523169E+001, 7.1888666983053202E+000, 2.9527640978868192E-005,-7.9409808429818207E-002, 7.1888666983053202E+000, 0.0000000000000000E+000, 0.0000000000000000E+000, 7.1366914852564305E+000, 1.2435778738637560E+000, 1.3920500556376145E-003, 1.0000000000000000E+000, 1.2435778738637560E+000, 0.0000000000000000E+000, 0.0000000000000000E+000, 4.6424476731808700E-001
198,cdiaghg,40,26,F, 3.6078808803835159E+001, 1.1057776638421144E+001, 1.8127372788376477E-005,-7.9409808429818207E-002, 1.1057776638421144E+001, 0.0000000000000000E+000, 0.0000000000000000E+000, 7.7363957047113567E+000, 1.4630702087473588E+000, 9.7243556494573755E-004, 1.0000000000000000E+000, 1.4630702087473588E+000, 0.0000000000000000E+000, 0.0000000000000000E+000, 4.9177867153153448E-001
199,cdiaghg,42,26,F, 3.8304060681468037E+001, 1.1057776638421144E+001, 1.8127372788376477E-005,-7.9409808429818207E-002, 1.1057776638421144E+001, 0.0000000000000000E+000, 0.0000000000000000E+000, 7.9915167221685994E+000, 1.4630702087473588E+000, 9.7243556494573755E-004, 1.0000000000000000E+000, 1.4630702087473588E+000, 0.0000000000000000E+000, 0.0000000000000000E+000, 4.9345945527267226E-001
200,cdiaghg,26,26,T, 8.4335237243257655E-001, 6.8285134466228792E-001, 5.9183514671463544E-008,-5.7845367175016822E-002, 6.8285134466228792E-001, 0.0000000000000000E+000, 0.0000000000000000E+000, 5.0990195135927792E+000, 1.0000000000000100E+000, 2.9068066053852608E-017, 9.9999999999999256E-001, 1.0000000000000100E+000, 0.0000000000000000E+000, 0.0000000000000000E+000, 5.4767584949819956E-015
201,cdiaghg,52,26,F, 5.7969936151886678E+001, 1.2086724824492455E+001, 5.9183514671463544E-008,-5.7845367175016822E-002, 1.2086724824492455E+001, 0.0000000000000000E+000, 0.0000000000000000E+000, 1.0388840688782361E+001, 1.5077215025403574E+000, 2.9068066053852608E-017, 9.9999999999999256E-001, 1.5077215025403574E+000, 0.0000000000000000E+000, 0.0000000000000000E+000, 6.3081192828516774E-001
202,cdiaghg,44,26,F, 3.5887664149131631E+001, 7.6142003568338419E+000, 4.7865071563113403E-005,-5.7861461629220061E-002, 7.6142003568338419E+000, 0.0000000000000000E+000, 0.0000000000000000E+000, 8.7298027544363244E+000, 1.2059000865196801E+000, 1.0127028430923653E-003, 1.0000000000000000E+000, 1.2059000865196801E+000, 0.0000000000000000E+000, 0.0000000000000000E+000, 6.0122738652363350E-001
203,cdiaghg,47,26,F, 4.3812557508995425E+001, 1.1093796654099501E+001, 4.7865071563113403E-005,-5.7861461629220061E-002, 1.1093796654099501E+001, 0.0000000000000000E+000, 0.0000000000000000E+000, 9.1874744561284505E+000, 1.4642691798419885E+000, 1.0127028430923653E-003, 1.0000000000000000E+000, 1.4642691798419885E+000, 0.0000000000000000E+000, 0.0000000000000000E+000, 6.0500052102168056E-001
204,cdiaghg,50,26,F, 4.5945291732617406E+001, 1.1093796654099501E+001, 4.7865071563113403E-005,-5.7861461629220061E-002, 1.1093796654099501E+001, 0.0000000000000000E+000, 0.0000000000000000E+000, 9.4844127153284372E+000, 1.4642691798419885E+000, 1.0127028430923653E-003, 1.0000000000000000E+000, 1.4642691798419885E+000, 0.0000000000000000E+000, 0.0000000000000000E+000, 6.0026868699044256E-001
205,cdiaghg,51,26,F, 4.6552510027967628E+001, 1.1093796654099501E+001, 4.7865071563113403E-005,-5.7861461629220061E-002, 1.1093796654099501E+001, 0.0000000000000000E+000, 0.0000000000000000E+000, 9.5843263576602844E+000, 1.4642691798419885E+000, 1.0127028430923653E-003, 1.0000000000000000E+000, 1.4642691798419885E+000, 0.0000000000000000E+000, 0.0000000000000000E+000, 5.9890097206761672E-001
206,cdiaghg,26,26,T, 7.7653981107910064E-001, 4.8733108347413218E-001, 4.5458348157667620E-008,-1.9329246178744805E-002, 4.8733108347413218E-001, 0.0000000000000000E+000, 0.0000000000000000E+000, 5.0990195135927836E+000, 1.0000000000000102E+000, 8.8078744812941220E-018, 9.9999999999999101E-001, 1.0000000000000102E+000, 0.0000000000000000E+000, 0.0000000000000000E+000, 5.5067162551053866E-015
207,cdiaghg,52,26,F, 6.5040459575938158E+001, 1.1093706181473891E+001, 4.5458348157667620E-008,-1.9329246178744805E-002, 1.1093706181473891E+001, 0.0000000000000000E+000, 0.0000000000000000E+000, 1.0849754205930759E+001, 1.4680274322714693E+000, 8.8078744812941220E-018, 9.9999999999999101E-001, 1.4680274322714693E+000, 0.0000000000000000E+000, 0.0000000000000000E+000, 6.5687034088983864E-001
208,cdiaghg,42,26,F, 3.4677959955948531E+001, 1.1167002225083584E+001, 8.3956649253648803E-005,-1.9431449538314161E-002, 1.1167002225083584E+001, 0.0000000000000000E+000, 0.0000000000000000E+000, 8.2872116303082706E+000, 1.4996647314230889E+000, 3.4572893058472159E-004, 1.0000000000000000E+000, 1.4996647314230889E+000, 0.0000000000000000E+000, 0.0000000000000000E+000, 5.6537196420556968E-001
209,cdiaghg,50,26,F, 5.6576332684221796E+001, 1.1528945104538737E+001, 2.8022534188654577E-005,-1.9431449538314161E-002, 1.1528945104538737E+001, 0.0000000000000000E+000, 0.0000000000000000E+000, 9.7459774270985307E+000, 1.5011632855434738E+000, 3.4572893058472159E-004, 1.0000000000000000E+000, 1.5011632855434738E+000, 0.0000000000000000E+000, 0.0000000000000000E+000, 6.0059017032570139E-001
210,cdiaghg,35,26,F, 2.8536961101213176E+001, 9.9650492140916818E+000, 4.6960773892583634E-005,-1.9431756183384490E-002, 9.9650492140916818E+000, 0.0000000000000000E+000, 0.0000000000000000E+000, 6.7595042754960142E+000, 1.3096381992591544E+000, 6.1985351466597169E-004, 1.0000000000000000E+000, 1.3096381992591544E+000, 0.0000000000000000E+000, 0.0000000000000000E+000, 4.0299644424486597E-001
211,cdiaghg,26,26,T, 6.7484646202468945E-001, 3.6839399813426715E-001, 1.4568628199970238E-008,-1.8904827681264443E-002, 3.6839399813426715E-001, 0.0000000000000000E+000, 0.0000000000000000E+000, 5.0990195135927880E+000, 1.0000000000000095E+000, 4.3120700670079939E-017, 9.9999999999999412E-001, 1.0000000000000095E+000, 0.0000000000000000E+000, 0.0000000000000000E+000, 5.8311641511076300E-015
212,cdiaghg,52,26,F, 5.1504697173175082E+001, 1.0099381923895988E+001, 1.4568628199970238E-008,-1.8904827681264443E-002, 1.0099381923895988E+001, 0.0000000000000000E+000, 0.0000000000000000E+000, 9.9179282314043036E+000, 1.4027456200836217E+000, 4.3120700670079939E-017, 9.9999999999999412E-001, 1.4027456200836217E+000, 0.0000000000000000E+000, 0.0000000000000000E+000, 6.1247125949418924E-001
213,cdiaghg,36,26,F, 3.1417978871723346E+001, 9.6741840383673949E+000, 6.5417693305849214E-005,-1.8943216859544962E-002, 9.6741840383673949E+000, 0.0000000000000000E+000, 0.0000000000000000E+000, 7.0803898585548710E+000, 1.3946936400595726E+000, 1.9477831891314126E-003, 1.0000000000000000E+000, 1.3946936400595726E+000, 0.0000000000000000E+000, 0.0000000000000000E+000, 4.4127587428390114E-001
214,cdiaghg,37,26,F, 3.4167144404546647E+001, 9.6741840383673949E+000, 6.5417693305849214E-005,-1.8943216859544962E-002, 9.6741840383673949E+000, 0.0000000000000000E+000, 0.0000000000000000E+000, 7.2570806657328619E+000, 1.3946936400595726E+000, 1.7252493836175575E-003, 1.0000000000000000E+000, 1.3946936400595726E+000, 0.0000000000000000E+000, 0.0000000000000000E+000, 4.5058832629410733E-001
215,cdiaghg,38,26,F, 3.5251181706380365E+001, 9.6741840383673949E+000, 1.5010599600911304E-005,-1.8943216859544962E-002, 9.6741840383673949E+000, 0.0000000000000000E+000, 0.0000000000000000E+000, 7.3748824144523963E+000, 1.3946936400595726E+000, 1.7252493836175575E-003, 1.0000000000000000E+000, 1.3946936400595726E+000, 0.0000000000000000E+000, 0.0000000000000000E+000, 4.5087317338232763E-001
216,cdiaghg,26,26,T, 7.8724011665462146E-001, 5.4884034279520355E-001, 2.0562887943197528E-008,-3.5114539802226973E-002, 5.4884034279520355E-001, 0.0000000000000000E+000, 0.0000000000000000E+000, 5.0990195135927836E+000, 1.0000000000000064E+000, 5.4847870336321268E-018, 9.9999999999999234E-001, 1.0000000000000064E+000, 0.0000000000000000E+000, 0.0000000000000000E+000, 5.2893561852039201E-015
217,cdiaghg,52,26,F, 5.9855216579570907E+001, 1.1695734092612177E+001, 2.0562887943197528E-008,-3.5114539802226973E-002, 1.1695734092612177E+001, 0.0000000000000000E+000, 0.0000000000000000E+000, 1.0512053488314168E+001, 1.4900038012187757E+000, 5.4847870336321268E-018, 9.9999999999999234E-001, 1.4900038012187757E+000, 0.0000000000000000E+000, 0.0000000000000000E+000, 6.3584325577164935E-001
218,cdiaghg,45,26,F, 4.0194075485721370E+001, 7.7818138472782765E+000, 4.4251084698623651E-005,-3.5138233717762868E-002, 7.7818138472782765E+000, 0.0000000000000000E+000, 0.0000000000000000E+000, 9.0571514026377606E+000, 1.2067084474051821E+000, 1.4612476151567183E-003, 1.0000000000000000E+000, 1.2067084474051821E+000, 0.0000000000000000E+000, 0.0000000000000000E+000, 6.2127567778458948E-001
219,cdiaghg,51,26,F, 5.6621762845721712E+001, 1.1217735510147261E+001, 1.7105900178344473E-005,-3.5138233717762868E-002, 1.1217735510147261E+001, 0.0000000000000000E+000, 0.0000000000000000E+000, 1.0056879004999063E+001, 1.4645265813409947E+000, 1.4612476151567183E-003, 1.0000000000000000E+000, 1.4645265813409947E+000, 0.0000000000000000E+000, 0.0000000000000000E+000, 6.2933757860344453E-001
220,cdiaghg,32,26,F, 1.9214787431432615E+001, 7.0917242303411578E+000, 9.1185346850250075E-005,-3.5138581563130905E-002, 7.0917242303411578E+000, 0.0000000000000000E+000, 0.0000000000000000E+000, 6.0238517651084358E+000, 1.2054787471273105E+000, 2.2785377114063520E-003, 1.0000000000000000E+000, 1.2054787471273105E+000, 0.0000000000000000E+000, 0.0000000000000000E+000, 2.5927460622912296E-001
221,cdiaghg,26,26,T, 7.4931257557544417E-001, 4.3510653514763470E-001, 6.6750354282696766E-009,-1.4098672363409301E-002, 4.3510653514763470E-001, 0.0000000000000000E+000, 0.0000000000000000E+000, 5.0990195135927845E+000, 1.0000000000000060E+000, 3.5882454476088117E-017, 9.9999999999999267E-001, 1.0000000000000060E+000, 0.0000000000000000E+000, 0.0000000000000000E+000, 5.3861553814720815E-015
222,cdiaghg,52,26,F, 5.8997975070134238E+001, 1.1229484044001021E+001, 6.6750354282696766E-009,-1.4098672363409301E-002, 1.1229484044001021E+001, 0.0000000000000000E+000, 0.0000000000000000E+000, 1.0691080027230699E+001, 1.4961580853899685E+000, 3.5882454476088117E-017, 9.9999999999999267E-001, 1.4961580853899685E+000, 0.0000000000000000E+000, 0.0000000000000000E+000, 6.5951970865848708E-001
223,cdiaghg,37,26,F, 2.2626682502837340E+001, 7.4128597017240194E+000, 8.7023385524215020E-005,-1.4140353527830642E-002, 7.4128597017240194E+000, 0.0000000000000000E+000, 0.0000000000000000E+000, 7.2043321381750012E+000, 1.2566840913849266E+000, 1.5207611778500509E-003, 1.0000000000000000E+000, 1.2566840913849266E+000, 0.0000000000000000E+000, 0.0000000000000000E+000, 4.7950629109476467E-001
224,cdiaghg,42,26,F, 3.8426224877460001E+001, 1.0818757791966862E+001, 2.0509126877755552E-005,-1.4140353527830642E-002, 1.0818757791966862E+001, 0.0000000000000000E+000, 0.0000000000000000E+000, 8.0760213945892776E+000, 1.4638199832157710E+000, 1.5207611778500509E-003, 1.0000000000000000E+000, 1.4638199832157710E+000, 0.0000000000000000E+000, 0.0000000000000000E+000, 5.0320592669074760E-001
225,cdiaghg,46,26,F, 4.1175306846544558E+001, 1.0818757791966862E+001, 2.0509126877755552E-005,-1.4140353527830642E-002, 1.0818757791966862E+001, 0.0000000000000000E+000, 0.0000000000000000E+000, 8.4865410475525014E+000, 1.4638199832157710E+000, 1.1835823291779346E-003, 1.0000000000000000E+000, 1.4638199832157710E+000, 0.0000000000000000E+000, 0.0000000000000000E+000, 5.0677755220052634E-001
226,cdiaghg,26,26,T, 7.7841759951799383E-001, 4.5748947267081563E-001, 2.5999285404172460E-008,-1.2937810695176624E-002, 4.5748947267081563E-001, 0.0000000000000000E+000, 0.0000000000000000E+000, 5.0990195135927907E+000, 1.0000000000000087E+000, 1.5280412143493527E-018, 9.9999999999999045E-001, 1.0000000000000087E+000, 0.0000000000000000E+000, 0.0000000000000000E+000, 5.0995571258684216E-015
227,cdiaghg,52,26,F, 6.0192033471187159E+001, 9.7060462554705946E+000, 2.5999285404172460E-008,-1.2937810695176624E-002, 9.7060462554705946E+000, 0.0000000000000000E+000, 0.0000000000000000E+000, 1.0700052136343126E+001, 1.3741654522506128E+000, 1.5280412143493527E-018, 9.9999999999999045E-001, 1.3741654522506128E+000, 0.0000000000000000E+000, 0.0000000000000000E+000, 6.6091052665771011E-001
228,cdiaghg,40,26,F, 4.6583525762529327E+001, 1.0478576816860546E+001, 8.2493538535327468E-005,-1.2977929739861470E-002, 1.0478576816860546E+001, 0.0000000000000000E+000, 0.0000000000000000E+000, 8.5582738885703442E+000, 1.4253845961944864E+000, 9.5683752413875311E-004, 1.0000000000000000E+000, 1.4253845961944864E+000, 0.0000000000000000E+000, 0.0000000000000000E+000, 5.8968332154960112E-001
229,cdiaghg,43,26,F, 5.2007060157831695E+001, 1.0478576816860546E+001, 5.9094810721469667E-005,-1.2977929739861470E-002, 1.0478576816860546E+001, 0.0000000000000000E+000, 0.0000000000000000E+000, 9.0077919858473745E+000, 1.4253845961944864E+000, 9.0596561044743599E-004, 1.0000000000000000E+000, 1.4253845961944864E+000, 0.0000000000000000E+000, 0.0000000000000000E+000, 5.9413459680189917E-001
230,cdiaghg,47,26,F, 5.6369128256785139E+001, 1.0478576816860546E+001, 5.9094810721469667E-005,-1.2977929739861470E-002, 1.0478576816860546E+001, 0.0000000000000000E+000, 0.0000000000000000E+000, 9.5441822816812376E+000, 1.4253845961944864E+000, 9.0596561044743599E-004, 1.0000000000000000E+000, 1.4253845961944864E+000, 0.0000000000000000E+000, 0.0000000000000000E+000, 5.9891038783227979E-001
231,cdiaghg,26,26,T, 8.3253337948472783E-001, 6.7176206994211485E-001, 6.8076212803580959E-008,-6.1785234921765131E-002, 6.7176206994211485E-001, 0.0000000000000000E+000, 0.0000000000000000E+000, 5.0990195135927809E+000, 1.0000000000000093E+000, 8.4466984556702587E-018, 9.9999999999999278E-001, 1.0000000000000093E+000, 0.0000000000000000E+000, 0.0000000000000000E+000, 4.7955026402855261E-015
232,cdiaghg,52,26,F, 5.3121688940161846E+001, 1.1341606486072894E+001, 6.8076212803580959E-008,-6.1785234921765131E-002, 1.1341606486072894E+001, 0.0000000000000000E+000, 0.0000000000000000E+000, 9.9741254988342885E+000, 1.4540077331397716E+000, 8.4466984556702587E-018, 9.9999999999999278E-001, 1.4540077331397716E+000, 0.0000000000000000E+000, 0.0000000000000000E+000, 6.1347940613730223E-001
233,cdiaghg,40,26,F, 3.0856946099315046E+001, 7.8135951017510541E+000, 1.7322409636555719E-005,-6.1799492586639228E-002, 7.8135951017510541E+000, 0.0000000000000000E+000, 0.0000000000000000E+000, 7.7428517729667918E+000, 1.2755437028134737E+000, 2.0073584054448902E-003, 1.0000000000000000E+000, 1.2755437028134737E+000, 0.0000000000000000E+000, 0.0000000000000000E+000, 5.1558687500697531E-001
234,cdiaghg,42,26,F, 3.8054552661799853E+001, 1.1389524099297166E+001, 6.9126882893991051E-006,-6.1799492586639228E-002, 1.1389524099297166E+001, 0.0000000000000000E+000, 0.0000000000000000E+000, 8.1387372314878768E+000, 1.4717709445965812E+000, 2.0073584054448902E-003, 1.0000000000000000E+000, 1.4717709445965812E+000, 0.0000000000000000E+000, 0.0000000000000000E+000, 5.2798618323347002E-001
235,cdiaghg,45,26,F, 4.4549565469919187E+001, 1.1389524099297166E+001, 3.1628449325266402E-006,-6.1799492586639228E-002, 1.1389524099297166E+001, 0.0000000000000000E+000, 0.0000000000000000E+000, 8.6288840879287800E+000, 1.4717709445965812E+000, 2.0073584054448902E-003, 1.0000000000000000E+000, 1.4717709445965812E+000, 0.0000000000000000E+000, 0.0000000000000000E+000, 5.4132409329275311E-001
236,cdiaghg,46,26,F, 4.5369219885287421E+001, 1.1389524099297166E+001, 3.1628449325266402E-006,-6.1799492586639228E-002, 1.1389524099297166E+001, 0.0000000000000000E+000, 0.0000000000000000E+000, 8.7234641957391457E+000, 1.4717709445965812E+000, 2.0073584054448902E-003, 1.0000000000000000E+000, 1.4717709445965812E+000, 0.0000000000000000E+000, 0.0000000000000000E+000, 5.3913335474581892E-001
237,cdiaghg,26,26,T, 7.4212843710037246E-001, 4.4782257072102960E-001, 3.2944878347246618E-008,-3.7609078522277586E-002, 4.4782257072102960E-001, 0.0000000000000000E+000, 0.0000000000000000E+000, 5.0990195135927845E+000, 1.0000000000000067E+000, 2.0601652869500226E-017, 9.9999999999998812E-001, 1.0000000000000067E+000, 0.0000000000000000E+000, 0.0000000000000000E+000, 5.7599869139949302E-015
238,cdiaghg,52,26,F, 5.7968959388698487E+001, 1.1785191191612839E+001, 3.2944878347246618E-008,-3.7609078522277586E-002, 1.1785191191612839E+001, 0.0000000000000000E+000, 0.0000000000000000E+000, 1.0451359096915514E+001, 1.4743061862037938E+000, 2.0601652869500226E-017, 9.9999999999998812E-001, 1.4743061862037938E+000, 0.0000000000000000E+000, 0.0000000000000000E+000, 6.5792563305669816E-001
239,cdiaghg,40,26,F, 3.0581444158770406E+001, 7.9571006793728225E+000, 5.8294728838085114E-005,-3.7630357881024465E-002, 7.9571006793728225E+000, 0.0000000000000000E+000, 0.0000000000000000E+000, 7.7912151476884359E+000, 1.2833874328730979E+000, 8.4517408990659277E-004, 1.0000000000000000E+000, 1.2833874328730979E+000, 0.0000000000000000E+000, 0.0000000000000000E+000, 5.2637633112419213E-001
240,cdiaghg,41,26,F, 3.4742327978760152E+001, 1.0404044792440423E+001, 1.0052465271282293E-005,-3.7630357881024465E-002, 1.0404044792440423E+001, 0.0000000000000000E+000, 0.0000000000000000E+000, 7.9910988568206438E+000, 1.3975186825940766E+000, 8.4517408990659277E-004, 1.0000000000000000E+000, 1.3975186825940766E+000, 0.0000000000000000E+000, 0.0000000000000000E+000, 5.3354978623916316E-001
241,cdiaghg,42,26,F, 3.5659732217356655E+001, 1.0404044792440423E+001, 1.0052465271282293E-005,-3.7630357881024465E-002, 1.0404044792440423E+001, 0.0000000000000000E+000, 0.0000000000000000E+000, 8.0950441710445702E+000, 1.3975186825940766E+000, 8.4517408990659277E-004, 1.0000000000000000E+000, 1.3975186825940766E+000, 0.0000000000000000E+000, 0.0000000000000000E+000, 5.3147534245166195E-001
242,cdiaghg,26,26,T, 7.1511234171577953E-001, 4.1367210913147195E-001, 1.5126629882377632E-008,-3.2297149414630931E-002, 4.1367210913147195E-001, 0.0000000000000000E+000, 0.0000000000000000E+000, 5.0990195135927765E+000, 1.0000000000000047E+000, 5.4102626225901173E-018, 9.9999999999999012E-001, 1.0000000000000047E+000, 0.0000000000000000E+000, 0.0000000000000000E+000, 4.7752913524178351E-015
243,cdiaghg,52,26,F, 5.6360583855602457E+001, 1.0852858217559447E+001, 1.5126629882377632E-008,-3.2297149414630931E-002, 1.0852858217559447E+001, 0.0000000000000000E+000, 0.0000000000000000E+000, 1.0381254338821769E+001, 1.4327212123803577E+000, 5.4102626225901173E-018, 9.9303375030133001E-001, 1.4327212123803577E+000, 0.0000000000000000E+000, 0.0000000000000000E+000, 6.5405355171761326E-001
244,cdiaghg,39,26,F, 2.6922659474903828E+001, 7.9895376287030953E+000, 5.8014299308114247E-005,-3.2320185641068977E-002, 7.9895376287030953E+000, 0.0000000000000000E+000, 0.0000000000000000E+000, 7.4876172644204084E+000, 1.2791029687621147E+000, 6.5750067536634780E-004, 9.8694139725316987E-001, 1.2791029687621147E+000, 0.0000000000000000E+000, 0.0000000000000000E+000, 4.9482017577350818E-001
245,cdiaghg,41,26,F, 3.5218403131527232E+001, 9.9012199640261365E+000, 1.0127859170663405E-005,-3.2320185641068977E-002, 9.9012199640261365E+000, 0.0000000000000000E+000, 0.0000000000000000E+000, 7.8837730204197296E+000, 1.3944088552751972E+000, 6.5750067536634780E-004, 9.8694139725316987E-001, 1.3944088552751972E+000, 0.0000000000000000E+000, 0.0000000000000000E+000, 5.1133064842174913E-001
246,cdiaghg,43,26,F, 3.7156722765573591E+001, 9.9012199640261365E+000, 1.0127859170663405E-005,-3.2320185641068977E-002, 9.9012199640261365E+000, 0.0000000000000000E+000, 0.0000000000000000E+000, 8.1119119151624304E+000, 1.3944088552751972E+000, 6.5750067536634780E-004, 9.8694139725316987E-001, 1.3944088552751972E+000, 0.0000000000000000E+000, 0.0000000000000000E+000, 5.1053161625803822E-001
247,cdiaghg,26,26,T, 7.9512797419632375E-001, 5.5406264280627937E-001, 8.9209055519052171E-008,-2.5088802907282676E-002, 5.5406264280627937E-001, 0.0000000000000000E+000, 0.0000000000000000E+000, 5.0990195135927774E+000, 1.0000000000000067E+000, 2.0452336889031213E-017, 9.9999999999998990E-001, 1.0000000000000067E+000, 0.0000000000000000E+000, 0.0000000000000000E+000, 7.3281292361139761E-015
248,cdiaghg,52,26,F, 6.5706545980777975E+001, 1.2278451284775359E+001, 8.9209055519052171E-008,-2.5088802907282676E-002, 1.2278451284775359E+001, 0.0000000000000000E+000, 0.0000000000000000E+000, 1.0975221021658104E+001, 1.5265307542417066E+000, 2.0452336889031213E-017, 9.9999999999998990E-001, 1.5265307542417066E+000, 0.0000000000000000E+000, 0.0000000000000000E+000, 6.6078816326157719E-001
249,cdiaghg,43,26,F, 3.6704737418012002E+001, 1.0029507682380830E+001, 4.6091093498316677E-005,-2.5138371516459306E-002, 1.0029507682380830E+001, 0.0000000000000000E+000, 0.0000000000000000E+000, 8.6647041216120826E+000, 1.4319456092309133E+000, 9.5417108196692573E-004, 1.0000000000000000E+000, 1.4319456092309133E+000, 0.0000000000000000E+000, 0.0000000000000000E+000, 5.9851929256204972E-001
250,cdiaghg,49,26,F, 5.5416305771829840E+001, 1.1421068404309343E+001, 4.6091093498316677E-005,-2.5138371516459306E-002, 1.1421068404309343E+001, 0.0000000000000000E+000, 0.0000000000000000E+000, 9.7815582394442586E+000, 1.4962566802787172E+000, 9.5417108196692573E-004, 1.0000000000000000E+000, 1.4962566802787172E+000, 0.0000000000000000E+000, 0.0000000000000000E+000, 6.1722738099502361E-001
251,cdiaghg,33,26,F, 1.9425351364382635E+001, 8.0873182315084993E+000, 5.6929069460239179E-005,-2.5138720903919269E-002, 8.0873182315084993E+000, 0.0000000000000000E+000, 0.0000000000000000E+000, 6.2521030485941758E+000, 1.2285017780532026E+000, 1.0814269244951624E-003, 1.0000000000000000E+000, 1.2285017780532026E+000, 0.0000000000000000E+000, 0.0000000000000000E+000, 3.1375201731309660E-001
252,cdiaghg,26,26,T, 7.2748517218948050E-001, 4.1977127086029464E-001, 8.6092372093757574E-008,-1.7834479708746024E-002, 4.1977127086029464E-001, 0.0000000000000000E+000, 0.0000000000000000E+000, 5.0990195135927845E+000, 1.0000000000000073E+000, 1.2108970967013855E-017, 9.9999999999999423E-001, 1.0000000000000073E+000, 0.0000000000000000E+000, 0.0000000000000000E+000, 4.9166242502322058E-015
253,cdiaghg,52,26,F, 6.1427161356695983E+001, 1.1280706738991974E+001, 8.6092372093757574E-008,-1.7834479708746024E-002, 1.1280706738991974E+001, 0.0000000000000000E+000, 0.0000000000000000E+000, 1.0593443769331547E+001, 1.4831627259191735E+000, 1.2108970967013855E-017, 9.9800258245706885E-001, 1.4831627259191735E+000, 0.0000000000000000E+000, 0.0000000000000000E+000, 6.4411464487993919E-001
254,cdiaghg,43,26,F, 2.8779808909528693E+001, 7.2315240692227976E+000, 5.1656887708205563E-005,-1.7872174836380306E-002, 7.2315240692227976E+000, 0.0000000000000000E+000, 0.0000000000000000E+000, 8.4319887814074388E+000, 1.2284345552157081E+000, 2.0480999191935336E-003, 1.0000000000000000E+000, 1.2284345552157081E+000, 0.0000000000000000E+000, 0.0000000000000000E+000, 5.8051681158386315E-001
255,cdiaghg,48,26,F, 4.5295810468774725E+001, 1.0717834459949835E+001, 3.9598950050266480E-005,-1.7872174836380306E-002, 1.0717834459949835E+001, 0.0000000000000000E+000, 0.0000000000000000E+000, 9.2663006025150931E+000, 1.4389870311600965E+000, 2.0480999191935336E-003, 1.0000000000000000E+000, 1.4389870311600965E+000, 0.0000000000000000E+000, 0.0000000000000000E+000, 5.8897603296347512E-001
256,cdiaghg,31,26,F, 1.4962904908858803E+001, 7.0648252121389801E+000, 1.1070853406737333E-004,-1.7873073677422829E-002, 7.0648252121389801E+000, 0.0000000000000000E+000, 0.0000000000000000E+000, 5.7971233733730969E+000, 1.1765460003759716E+000, 2.1578316633981895E-003, 1.0000000000000000E+000, 1.1765460003759716E+000, 0.0000000000000000E+000, 0.0000000000000000E+000, 1.9232544687168784E-001
257,cdiaghg,26,26,T, 7.5619051149418437E-001, 4.6668101578495946E-001, 4.4742558944055354E-008,-2.5024852708064007E-002, 4.6668101578495946E-001, 0.0000000000000000E+000, 0.0000000000000000E+000, 5.0990195135927854E+000, 1.0000000000000149E+000, 1.8723073519380200E-017, 9.9999999999999067E-001, 1.0000000000000149E+000, 0.0000000000000000E+000, 0.0000000000000000E+000, 5.9112205449870853E-015
258,cdiaghg,52,26,F, 6.1754993627140585E+001, 1.0203614174220800E+001, 4.4742558944055354E-008,-2.5024852708064007E-002, 1.0203614174220800E+001, 0.0000000000000000E+000, 0.0000000000000000E+000, 1.0761541083299530E+001, 1.4133155591680371E+000, 1.8723073519380200E-017, 9.9999999999999067E-001, 1.4133155591680371E+000, 0.0000000000000000E+000, 0.0000000000000000E+000, 6.6633898344531284E-001
259,cdiaghg,33,26,F, 2.6920084808593412E+001, 1.1469591916127571E+001, 6.3488851801841599E-005,-2.5052196954783314E-002, 1.1469591916127571E+001, 0.0000000000000000E+000, 0.0000000000000000E+000, 6.5688700866763066E+000, 1.5020103064841370E+000, 9.5171755626761599E-004, 1.0000000000000000E+000, 1.5020103064841370E+000, 0.0000000000000000E+000, 0.0000000000000000E+000, 3.8000365174506034E-001
260,cdiaghg,34,26,F, 2.8878224582191972E+001, 1.1469591916127571E+001, 1.4178369906209798E-005,-2.5052196954783314E-002, 1.1469591916127571E+001, 0.0000000000000000E+000, 0.0000000000000000E+000, 6.7211306611829684E+000, 1.5020103064841370E+000, 9.5171755626761599E-004, 1.0000000000000000E+000, 1.5020103064841370E+000, 0.0000000000000000E+000, 0.0000000000000000E+000, 3.9335965031633324E-001
261,cdiaghg,35,26,F, 3.0457743696932692E+001, 1.1469591916127571E+001, 2.0368415290726965E-006,-2.5052196954783314E-002, 1.1469591916127571E+001, 0.0000000000000000E+000, 0.0000000000000000E+000, 6.8444932282231639E+000, 1.5020103064841370E+000, 9.5171755626761599E-004, 1.0000000000000000E+000, 1.5020103064841370E+000, 0.0000000000000000E+000, 0.0000000000000000E+000, 3.9264871978726718E-001
